#
# There is insufficient memory for the Java Runtime Environment to continue.
# Native memory allocation (malloc) failed to allocate 707296 bytes. Error detail: Chunk::new
# Possible reasons:
#   The system is out of physical RAM or swap space
#   This process is running with CompressedOops enabled, and the Java Heap may be blocking the growth of the native heap
# Possible solutions:
#   Reduce memory load on the system
#   Increase physical memory or swap space
#   Check if swap backing store is full
#   Decrease Java heap size (-Xmx/-Xms)
#   Decrease number of Java threads
#   Decrease Java thread stack sizes (-Xss)
#   Set larger code cache with -XX:ReservedCodeCacheSize=
#   JVM is running with Zero Based Compressed Oops mode in which the Java heap is
#     placed in the first 32GB address space. The Java Heap base address is the
#     maximum limit for the native heap growth. Please use -XX:HeapBaseMinAddress
#     to set the Java Heap base and to place the Java Heap above 32GB virtual address.
# This output file may be truncated or incomplete.
#
#  Out of Memory Error (arena.cpp:149), pid=4292, tid=14436
#
# JRE version: Java(TM) SE Runtime Environment (23.0.2+7) (build 23.0.2+7-58)
# Java VM: Java HotSpot(TM) 64-Bit Server VM (23.0.2+7-58, mixed mode, sharing, tiered, compressed oops, compressed class ptrs, g1 gc, windows-amd64)
# No core dump will be written. Minidumps are not enabled by default on client versions of Windows
#

---------------  S U M M A R Y ------------

Command Line: --add-opens=java.base/java.lang=ALL-UNNAMED --add-opens=java.base/java.lang.invoke=ALL-UNNAMED --add-opens=java.base/java.util=ALL-UNNAMED --add-opens=java.prefs/java.util.prefs=ALL-UNNAMED --add-exports=jdk.compiler/com.sun.tools.javac.api=ALL-UNNAMED --add-exports=jdk.compiler/com.sun.tools.javac.util=ALL-UNNAMED --add-opens=java.base/java.util=ALL-UNNAMED --add-opens=java.prefs/java.util.prefs=ALL-UNNAMED --add-opens=java.base/java.nio.charset=ALL-UNNAMED --add-opens=java.base/java.net=ALL-UNNAMED --add-opens=java.base/java.util.concurrent.atomic=ALL-UNNAMED --add-opens=java.xml/javax.xml.namespace=ALL-UNNAMED -Xmx4096m -Dfile.encoding=UTF-8 -Duser.country=IN -Duser.language=en -Duser.variant -javaagent:C:\Users\karmp\.gradle\wrapper\dists\gradle-8.14-all\c2qonpi39x1mddn7hk5gh9iqj\gradle-8.14\lib\agents\gradle-instrumentation-agent-8.14.jar org.gradle.launcher.daemon.bootstrap.GradleDaemon 8.14

Host: AMD Ryzen 5 5625U with Radeon Graphics         , 12 cores, 15G,  Windows 11 , 64 bit Build 26100 (10.0.26100.8115)
Time: Wed Apr  8 13:13:18 2026 India Standard Time elapsed time: 247.707653 seconds (0d 0h 4m 7s)

---------------  T H R E A D  ---------------

Current thread (0x000001dfd1d4a3d0):  JavaThread "C2 CompilerThread0" daemon [_thread_in_native, id=14436, stack(0x0000001096400000,0x0000001096500000) (1024K)]


Current CompileTask:
C2:247707 24842       4       org.jetbrains.kotlin.gradle.plugin.sources.DefaultKotlinSourceSet_Decorated::getAsDynamicObject (37 bytes)

Stack: [0x0000001096400000,0x0000001096500000]
Native frames: (J=compiled Java code, j=interpreted, Vv=VM code, C=native code)
V  [jvm.dll+0x6e0b99]  (no source info available)
V  [jvm.dll+0x87e2b3]  (no source info available)
V  [jvm.dll+0x88073e]  (no source info available)
V  [jvm.dll+0x880e13]  (no source info available)
V  [jvm.dll+0x27b006]  (no source info available)
V  [jvm.dll+0xbc06f]  (no source info available)
V  [jvm.dll+0xbc2cb]  (no source info available)
V  [jvm.dll+0x2eea6d]  (no source info available)
V  [jvm.dll+0x606669]  (no source info available)
V  [jvm.dll+0x24def2]  (no source info available)
V  [jvm.dll+0x2468f7]  (no source info available)
V  [jvm.dll+0x243e04]  (no source info available)
V  [jvm.dll+0x1c34b0]  (no source info available)
V  [jvm.dll+0x253df1]  (no source info available)
V  [jvm.dll+0x2520aa]  (no source info available)
V  [jvm.dll+0x3ee226]  (no source info available)
V  [jvm.dll+0x8254cb]  (no source info available)
V  [jvm.dll+0x6df345]  (no source info available)
C  [ucrtbase.dll+0x37b0]  (no source info available)
C  [KERNEL32.DLL+0x2e8d7]  (no source info available)
C  [ntdll.dll+0x8c3fc]  (no source info available)

Lock stack of current Java thread (top to bottom):


---------------  P R O C E S S  ---------------

Threads class SMR info:
_java_thread_list=0x000001e0248fc9b0, length=194, elements={
0x000001dfb07e80c0, 0x000001dfd1d32fe0, 0x000001dfd1d34760, 0x000001dfd1d39420,
0x000001dfd1d3a100, 0x000001dfd1d44310, 0x000001dfd1d48cf0, 0x000001dfd1d4a3d0,
0x000001dfd1d4b7d0, 0x000001dfd26efdd0, 0x000001dfd28a7290, 0x000001e0199476f0,
0x000001e0198bf4d0, 0x000001e019ab3cf0, 0x000001e019a09580, 0x000001e019a0ca00,
0x000001e019a0a2a0, 0x000001e01c698480, 0x000001e01c699ec0, 0x000001e01c698b10,
0x000001e01c69a550, 0x000001e01c69abe0, 0x000001e01c697760, 0x000001e01c994c30,
0x000001e01c997390, 0x000001e01c9952c0, 0x000001e01c996670, 0x000001e01c995950,
0x000001e01c997a20, 0x000001e01c9945a0, 0x000001e01c999460, 0x000001e01c999af0,
0x000001e01a0c18c0, 0x000001e01e478d70, 0x000001e01e475f80, 0x000001e01e479a90,
0x000001e01e47a120, 0x000001e02622cd90, 0x000001e01c1aa2b0, 0x000001e01c1aca10,
0x000001e01c1b25f0, 0x000001e01c1b0520, 0x000001e01c1af170, 0x000001e01c1b1240,
0x000001e01c1b2c80, 0x000001e01c1af800, 0x000001e01c1b74b0, 0x000001e01c1b6100,
0x000001e01c1b4030, 0x000001e01c1b81d0, 0x000001e01c1b8ef0, 0x000001e01c1b9580,
0x000001e01c1b9c10, 0x000001e01c1b6790, 0x000001e01c1b6e20, 0x000001e01c1b7b40,
0x000001e01c1b8860, 0x000001e01c1bd090, 0x000001e01c1bafc0, 0x000001e01c1ba2a0,
0x000001e01c1bd720, 0x000001e01c1bb650, 0x000001e01c1bbce0, 0x000001e01c1bca00,
0x000001e01c1bddb0, 0x000001e01c1bc370, 0x000001e01c1ba930, 0x000001e01c1be440,
0x000001e01c1bead0, 0x000001e01c1bf160, 0x000001e01e9654e0, 0x000001e01e9682d0,
0x000001e01e966890, 0x000001e01e964e50, 0x000001e01e965b70, 0x000001e01e967c40,
0x000001e01e969d10, 0x000001e01e968960, 0x000001e01e968ff0, 0x000001e01e96a3a0,
0x000001e01e966f20, 0x000001e01e96aa30, 0x000001e01e9675b0, 0x000001e01e96cb00,
0x000001e01e96b0c0, 0x000001e01e96b750, 0x000001e01e96bde0, 0x000001e01e970ca0,
0x000001e01e9719c0, 0x000001e01c1a1250, 0x000001e01c1a0530, 0x000001e01c1a2600,
0x000001e01c1a3320, 0x000001e01c1a0bc0, 0x000001e01c1a2c90, 0x000001e01c1a46d0,
0x000001e01c1a18e0, 0x000001e01c1a74c0, 0x000001e01c1a6e30, 0x000001e01c1a4d60,
0x000001e01c1a8870, 0x000001e01c1a8f00, 0x000001e01c1a5a80, 0x000001e01c1a6110,
0x000001e01c1aa940, 0x000001e01c1ac380, 0x000001e01c1ab660, 0x000001e01c1a9c20,
0x000001e01c1abcf0, 0x000001e01c1addc0, 0x000001e01c1afe90, 0x000001e01c1ad0a0,
0x000001e01c1b18d0, 0x000001e01c1ae450, 0x000001e01c1b3310, 0x000001e01c1b39a0,
0x000001e01c1b53e0, 0x000001e01c1b46c0, 0x000001e01c1b4d50, 0x000001e02622c700,
0x000001e02622d420, 0x000001e0262322e0, 0x000001e026230f30, 0x000001e026232970,
0x000001e026233d20, 0x000001e026233000, 0x000001e0262343b0, 0x000001e026234a40,
0x000001e0262315c0, 0x000001e026236b10, 0x000001e0262350d0, 0x000001e026236480,
0x000001e026235760, 0x000001e0262371a0, 0x000001e026239270, 0x000001e026238be0,
0x000001e026237830, 0x000001e01da1c800, 0x000001e01da1d520, 0x000001e01da1a0a0,
0x000001e01da1dbb0, 0x000001e01da1a730, 0x000001e01da1e240, 0x000001e01da1adc0,
0x000001e01da1b450, 0x000001e01da1bae0, 0x000001e01da1c170, 0x000001e01da1e8d0,
0x000001e01da1ef60, 0x000001e01da1f5f0, 0x000001e01da1fc80, 0x000001e01da216c0,
0x000001e01da20310, 0x000001e01da21030, 0x000001e01e814b40, 0x000001e01e8151d0,
0x000001e01e813e20, 0x000001e01e815ef0, 0x000001e01e815860, 0x000001e01e813790,
0x000001e01e816580, 0x000001e01e8172a0, 0x000001e01e817930, 0x000001e01e8144b0,
0x000001e01e81a090, 0x000001e01e817fc0, 0x000001e01e81a720, 0x000001e01e818650,
0x000001e01e819370, 0x000001e01e81adb0, 0x000001e01e819a00, 0x000001e01e9e4d60,
0x000001e01e9e4040, 0x000001e01e9e6110, 0x000001e01e9e53f0, 0x000001e01e9e67a0,
0x000001e01e9e5a80, 0x000001e01e9e74c0, 0x000001e01e9e7b50, 0x000001e01e9e46d0,
0x000001e01e9e81e0, 0x000001e01e9e8f00, 0x000001e01e9e9590, 0x000001e01e9e8870,
0x000001e01e9e9c20, 0x000001e01e9ea2b0, 0x000001e01e9ea940, 0x000001e01e9eafd0,
0x000001e0282dda90, 0x000001e0282de120, 0x000001e0282dc050, 0x000001e0258ac860,
0x000001e01c828e10, 0x000001e025db0110
}

Java Threads: ( => current thread )
  0x000001dfb07e80c0 JavaThread "main"                              [_thread_blocked, id=2816, stack(0x0000001095600000,0x0000001095700000) (1024K)]
  0x000001dfd1d32fe0 JavaThread "Reference Handler"          daemon [_thread_blocked, id=21388, stack(0x0000001095e00000,0x0000001095f00000) (1024K)]
  0x000001dfd1d34760 JavaThread "Finalizer"                  daemon [_thread_blocked, id=6312, stack(0x0000001095f00000,0x0000001096000000) (1024K)]
  0x000001dfd1d39420 JavaThread "Signal Dispatcher"          daemon [_thread_blocked, id=21104, stack(0x0000001096000000,0x0000001096100000) (1024K)]
  0x000001dfd1d3a100 JavaThread "Attach Listener"            daemon [_thread_blocked, id=14916, stack(0x0000001096100000,0x0000001096200000) (1024K)]
  0x000001dfd1d44310 JavaThread "Service Thread"             daemon [_thread_blocked, id=22180, stack(0x0000001096200000,0x0000001096300000) (1024K)]
  0x000001dfd1d48cf0 JavaThread "Monitor Deflation Thread"   daemon [_thread_blocked, id=18280, stack(0x0000001096300000,0x0000001096400000) (1024K)]
=>0x000001dfd1d4a3d0 JavaThread "C2 CompilerThread0"         daemon [_thread_in_native, id=14436, stack(0x0000001096400000,0x0000001096500000) (1024K)]
  0x000001dfd1d4b7d0 JavaThread "C1 CompilerThread0"         daemon [_thread_blocked, id=22084, stack(0x0000001096500000,0x0000001096600000) (1024K)]
  0x000001dfd26efdd0 JavaThread "Common-Cleaner"             daemon [_thread_blocked, id=15868, stack(0x0000001096600000,0x0000001096700000) (1024K)]
  0x000001dfd28a7290 JavaThread "Notification Thread"        daemon [_thread_blocked, id=20612, stack(0x0000001096700000,0x0000001096800000) (1024K)]
  0x000001e0199476f0 JavaThread "Daemon health stats"               [_thread_blocked, id=4052, stack(0x0000001096900000,0x0000001096a00000) (1024K)]
  0x000001e0198bf4d0 JavaThread "Incoming local TCP Connector on port 49223"        [_thread_in_native, id=4768, stack(0x0000001096800000,0x0000001096900000) (1024K)]
  0x000001e019ab3cf0 JavaThread "Daemon periodic checks"            [_thread_blocked, id=21772, stack(0x0000001096f00000,0x0000001097000000) (1024K)]
  0x000001e019a09580 JavaThread "Cache worker for journal cache (C:\Users\karmp\.gradle\caches\journal-1)"        [_thread_blocked, id=17128, stack(0x0000001097700000,0x0000001097800000) (1024K)]
  0x000001e019a0ca00 JavaThread "File lock request listener"        [_thread_in_native, id=21816, stack(0x0000001097800000,0x0000001097900000) (1024K)]
  0x000001e019a0a2a0 JavaThread "Cache worker for file hash cache (C:\Users\karmp\.gradle\caches\8.14\fileHashes)"        [_thread_blocked, id=9132, stack(0x0000001097900000,0x0000001097a00000) (1024K)]
  0x000001e01c698480 JavaThread "File watcher server"        daemon [_thread_in_native, id=7732, stack(0x0000001098300000,0x0000001098400000) (1024K)]
  0x000001e01c699ec0 JavaThread "File watcher consumer"      daemon [_thread_blocked, id=8816, stack(0x0000001098400000,0x0000001098500000) (1024K)]
  0x000001e01c698b10 JavaThread "jar transforms"                    [_thread_blocked, id=25640, stack(0x0000001098500000,0x0000001098600000) (1024K)]
  0x000001e01c69a550 JavaThread "jar transforms Thread 2"           [_thread_blocked, id=22024, stack(0x0000001098600000,0x0000001098700000) (1024K)]
  0x000001e01c69abe0 JavaThread "jar transforms Thread 3"           [_thread_blocked, id=7716, stack(0x0000001098700000,0x0000001098800000) (1024K)]
  0x000001e01c697760 JavaThread "jar transforms Thread 4"           [_thread_blocked, id=20260, stack(0x0000001098800000,0x0000001098900000) (1024K)]
  0x000001e01c994c30 JavaThread "jar transforms Thread 5"           [_thread_blocked, id=5952, stack(0x0000001098900000,0x0000001098a00000) (1024K)]
  0x000001e01c997390 JavaThread "Cache worker for file content cache (C:\Users\karmp\.gradle\caches\8.14\fileContent)"        [_thread_blocked, id=11528, stack(0x0000001098c00000,0x0000001098d00000) (1024K)]
  0x000001e01c9952c0 JavaThread "jar transforms Thread 6"           [_thread_blocked, id=11300, stack(0x0000001097a00000,0x0000001097b00000) (1024K)]
  0x000001e01c996670 JavaThread "jar transforms Thread 7"           [_thread_blocked, id=23940, stack(0x0000001098a00000,0x0000001098b00000) (1024K)]
  0x000001e01c995950 JavaThread "jar transforms Thread 8"           [_thread_blocked, id=7280, stack(0x0000001098d00000,0x0000001098e00000) (1024K)]
  0x000001e01c997a20 JavaThread "jar transforms Thread 9"           [_thread_blocked, id=23952, stack(0x0000001098e00000,0x0000001098f00000) (1024K)]
  0x000001e01c9945a0 JavaThread "jar transforms Thread 10"          [_thread_blocked, id=24388, stack(0x0000001098f00000,0x0000001099000000) (1024K)]
  0x000001e01c999460 JavaThread "jar transforms Thread 11"          [_thread_blocked, id=21300, stack(0x0000001099000000,0x0000001099100000) (1024K)]
  0x000001e01c999af0 JavaThread "jar transforms Thread 12"          [_thread_blocked, id=7764, stack(0x0000001099200000,0x0000001099300000) (1024K)]
  0x000001e01a0c18c0 JavaThread "Memory manager"                    [_thread_blocked, id=3056, stack(0x000000109b900000,0x000000109ba00000) (1024K)]
  0x000001e01e478d70 JavaThread "RMI Scheduler(0)"           daemon [_thread_blocked, id=16412, stack(0x0000001099100000,0x0000001099200000) (1024K)]
  0x000001e01e475f80 JavaThread "RMI GC Daemon"              daemon [_thread_blocked, id=10428, stack(0x000000109ec00000,0x000000109ed00000) (1024K)]
  0x000001e01e479a90 JavaThread "RMI TCP Accept-0"           daemon [_thread_in_native, id=11864, stack(0x000000109ed00000,0x000000109ee00000) (1024K)]
  0x000001e01e47a120 JavaThread "RMI Reaper"                        [_thread_blocked, id=23652, stack(0x000000109ee00000,0x000000109ef00000) (1024K)]
  0x000001e02622cd90 JavaThread "pool-3-thread-1"                   [_thread_blocked, id=10108, stack(0x000000109eb00000,0x000000109ec00000) (1024K)]
  0x000001e01c1aa2b0 JavaThread "pool-6-thread-1"                   [_thread_blocked, id=24104, stack(0x00000010a2a00000,0x00000010a2b00000) (1024K)]
  0x000001e01c1aca10 JavaThread "Daemon Thread 2"                   [_thread_blocked, id=26460, stack(0x0000001095400000,0x0000001095500000) (1024K)]
  0x000001e01c1b25f0 JavaThread "Handler for socket connection from /127.0.0.1:49223 to /127.0.0.1:59370"        [_thread_in_native, id=24968, stack(0x0000001095500000,0x0000001095600000) (1024K)]
  0x000001e01c1b0520 JavaThread "Cancel handler"                    [_thread_blocked, id=22316, stack(0x0000001097000000,0x0000001097100000) (1024K)]
  0x000001e01c1af170 JavaThread "Daemon worker Thread 2"            [_thread_blocked, id=24704, stack(0x0000001097100000,0x0000001097200000) (1024K)]
  0x000001e01c1b1240 JavaThread "Asynchronous log dispatcher for DefaultDaemonConnection: socket connection from /127.0.0.1:49223 to /127.0.0.1:59370"        [_thread_blocked, id=22652, stack(0x0000001097200000,0x0000001097300000) (1024K)]
  0x000001e01c1b2c80 JavaThread "Stdin handler"                     [_thread_blocked, id=22816, stack(0x0000001097300000,0x0000001097400000) (1024K)]
  0x000001e01c1af800 JavaThread "Daemon client event forwarder"        [_thread_in_native, id=23916, stack(0x0000001097400000,0x0000001097500000) (1024K)]
  0x000001e01c1b74b0 JavaThread "Cache worker for file hash cache (D:\flutter projects\customer-app\android\.gradle\8.14\fileHashes)"        [_thread_blocked, id=8172, stack(0x0000001097500000,0x0000001097600000) (1024K)]
  0x000001e01c1b6100 JavaThread "Cache worker for Build Output Cleanup Cache (D:\flutter projects\customer-app\android\.gradle\buildOutputCleanup)"        [_thread_blocked, id=12088, stack(0x0000001097600000,0x0000001097700000) (1024K)]
  0x000001e01c1b4030 JavaThread "Cache worker for checksums cache (D:\flutter projects\customer-app\android\.gradle\8.14\checksums)"        [_thread_blocked, id=26140, stack(0x0000001097f00000,0x0000001098000000) (1024K)]
  0x000001e01c1b81d0 JavaThread "Cache worker for cache directory md-supplier (C:\Users\karmp\.gradle\caches\8.14\md-supplier)"        [_thread_blocked, id=26340, stack(0x0000001098200000,0x0000001098300000) (1024K)]
  0x000001e01c1b8ef0 JavaThread "Cache worker for cache directory md-rule (C:\Users\karmp\.gradle\caches\8.14\md-rule)"        [_thread_blocked, id=18884, stack(0x0000001098b00000,0x0000001098c00000) (1024K)]
  0x000001e01c1b9580 JavaThread "Cache worker for Build Output Cleanup Cache (D:\flutter_windows_3.32.4-stable\flutter\flutter\packages\flutter_tools\gradle\.gradle\buildOutputCleanup)"        [_thread_blocked, id=16224, stack(0x0000001099300000,0x0000001099400000) (1024K)]
  0x000001e01c1b9c10 JavaThread "Unconstrained build operations"        [_thread_blocked, id=4644, stack(0x0000001099500000,0x0000001099600000) (1024K)]
  0x000001e01c1b6790 JavaThread "Unconstrained build operations Thread 2"        [_thread_blocked, id=18680, stack(0x0000001099600000,0x0000001099700000) (1024K)]
  0x000001e01c1b6e20 JavaThread "Unconstrained build operations Thread 3"        [_thread_blocked, id=14644, stack(0x0000001099800000,0x0000001099900000) (1024K)]
  0x000001e01c1b7b40 JavaThread "Unconstrained build operations Thread 4"        [_thread_blocked, id=25320, stack(0x0000001099900000,0x0000001099a00000) (1024K)]
  0x000001e01c1b8860 JavaThread "Unconstrained build operations Thread 5"        [_thread_blocked, id=17200, stack(0x0000001099a00000,0x0000001099b00000) (1024K)]
  0x000001e01c1bd090 JavaThread "Unconstrained build operations Thread 6"        [_thread_blocked, id=19788, stack(0x0000001099b00000,0x0000001099c00000) (1024K)]
  0x000001e01c1bafc0 JavaThread "Unconstrained build operations Thread 7"        [_thread_blocked, id=21904, stack(0x0000001099c00000,0x0000001099d00000) (1024K)]
  0x000001e01c1ba2a0 JavaThread "Unconstrained build operations Thread 8"        [_thread_blocked, id=21528, stack(0x0000001099d00000,0x0000001099e00000) (1024K)]
  0x000001e01c1bd720 JavaThread "Unconstrained build operations Thread 9"        [_thread_blocked, id=940, stack(0x0000001099e00000,0x0000001099f00000) (1024K)]
  0x000001e01c1bb650 JavaThread "Unconstrained build operations Thread 10"        [_thread_blocked, id=21996, stack(0x0000001099f00000,0x000000109a000000) (1024K)]
  0x000001e01c1bbce0 JavaThread "Unconstrained build operations Thread 11"        [_thread_blocked, id=6608, stack(0x000000109a000000,0x000000109a100000) (1024K)]
  0x000001e01c1bca00 JavaThread "Unconstrained build operations Thread 12"        [_thread_blocked, id=3024, stack(0x000000109a100000,0x000000109a200000) (1024K)]
  0x000001e01c1bddb0 JavaThread "Unconstrained build operations Thread 13"        [_thread_blocked, id=25112, stack(0x000000109a200000,0x000000109a300000) (1024K)]
  0x000001e01c1bc370 JavaThread "Unconstrained build operations Thread 14"        [_thread_blocked, id=3284, stack(0x000000109a300000,0x000000109a400000) (1024K)]
  0x000001e01c1ba930 JavaThread "Unconstrained build operations Thread 15"        [_thread_blocked, id=1424, stack(0x000000109a400000,0x000000109a500000) (1024K)]
  0x000001e01c1be440 JavaThread "Unconstrained build operations Thread 16"        [_thread_blocked, id=18920, stack(0x000000109a500000,0x000000109a600000) (1024K)]
  0x000001e01c1bead0 JavaThread "Unconstrained build operations Thread 17"        [_thread_blocked, id=13896, stack(0x000000109a600000,0x000000109a700000) (1024K)]
  0x000001e01c1bf160 JavaThread "Unconstrained build operations Thread 18"        [_thread_blocked, id=24432, stack(0x000000109a700000,0x000000109a800000) (1024K)]
  0x000001e01e9654e0 JavaThread "Unconstrained build operations Thread 19"        [_thread_blocked, id=3632, stack(0x000000109a800000,0x000000109a900000) (1024K)]
  0x000001e01e9682d0 JavaThread "Unconstrained build operations Thread 20"        [_thread_blocked, id=736, stack(0x000000109a900000,0x000000109aa00000) (1024K)]
  0x000001e01e966890 JavaThread "Unconstrained build operations Thread 21"        [_thread_blocked, id=25212, stack(0x000000109aa00000,0x000000109ab00000) (1024K)]
  0x000001e01e964e50 JavaThread "Unconstrained build operations Thread 22"        [_thread_blocked, id=8380, stack(0x000000109ab00000,0x000000109ac00000) (1024K)]
  0x000001e01e965b70 JavaThread "build event listener"              [_thread_blocked, id=22656, stack(0x000000109ad00000,0x000000109ae00000) (1024K)]
  0x000001e01e967c40 JavaThread "included builds"                   [_thread_blocked, id=13144, stack(0x000000109ac00000,0x000000109ad00000) (1024K)]
  0x000001e01e969d10 JavaThread "Execution worker"                  [_thread_blocked, id=15200, stack(0x000000109ae00000,0x000000109af00000) (1024K)]
  0x000001e01e968960 JavaThread "Execution worker Thread 2"         [_thread_blocked, id=16824, stack(0x000000109af00000,0x000000109b000000) (1024K)]
  0x000001e01e968ff0 JavaThread "Execution worker Thread 3"         [_thread_blocked, id=13200, stack(0x000000109b000000,0x000000109b100000) (1024K)]
  0x000001e01e96a3a0 JavaThread "Cache worker for execution history cache (D:\flutter_windows_3.32.4-stable\flutter\flutter\packages\flutter_tools\gradle\.gradle\8.14\executionHistory)"        [_thread_blocked, id=6084, stack(0x000000109b100000,0x000000109b200000) (1024K)]
  0x000001e01e966f20 JavaThread "Execution worker Thread 4"         [_thread_blocked, id=1360, stack(0x000000109b200000,0x000000109b300000) (1024K)]
  0x000001e01e96aa30 JavaThread "Execution worker Thread 5"         [_thread_blocked, id=22524, stack(0x000000109b300000,0x000000109b400000) (1024K)]
  0x000001e01e9675b0 JavaThread "Execution worker Thread 6"         [_thread_blocked, id=20916, stack(0x000000109b400000,0x000000109b500000) (1024K)]
  0x000001e01e96cb00 JavaThread "Execution worker Thread 7"         [_thread_blocked, id=19700, stack(0x000000109b500000,0x000000109b600000) (1024K)]
  0x000001e01e96b0c0 JavaThread "Execution worker Thread 8"         [_thread_blocked, id=17264, stack(0x000000109b600000,0x000000109b700000) (1024K)]
  0x000001e01e96b750 JavaThread "Execution worker Thread 9"         [_thread_blocked, id=7340, stack(0x000000109b700000,0x000000109b800000) (1024K)]
  0x000001e01e96bde0 JavaThread "Execution worker Thread 10"        [_thread_blocked, id=7472, stack(0x000000109b800000,0x000000109b900000) (1024K)]
  0x000001e01e970ca0 JavaThread "Execution worker Thread 11"        [_thread_blocked, id=24060, stack(0x000000109ba00000,0x000000109bb00000) (1024K)]
  0x000001e01e9719c0 JavaThread "Unconstrained build operations Thread 23"        [_thread_blocked, id=22384, stack(0x000000109bb00000,0x000000109bc00000) (1024K)]
  0x000001e01c1a1250 JavaThread "Unconstrained build operations Thread 24"        [_thread_blocked, id=25860, stack(0x000000109bc00000,0x000000109bd00000) (1024K)]
  0x000001e01c1a0530 JavaThread "Unconstrained build operations Thread 25"        [_thread_blocked, id=7852, stack(0x000000109bd00000,0x000000109be00000) (1024K)]
  0x000001e01c1a2600 JavaThread "Unconstrained build operations Thread 26"        [_thread_blocked, id=9292, stack(0x000000109be00000,0x000000109bf00000) (1024K)]
  0x000001e01c1a3320 JavaThread "Unconstrained build operations Thread 27"        [_thread_blocked, id=17000, stack(0x000000109bf00000,0x000000109c000000) (1024K)]
  0x000001e01c1a0bc0 JavaThread "Unconstrained build operations Thread 28"        [_thread_blocked, id=13344, stack(0x000000109c000000,0x000000109c100000) (1024K)]
  0x000001e01c1a2c90 JavaThread "Unconstrained build operations Thread 29"        [_thread_blocked, id=23640, stack(0x000000109c100000,0x000000109c200000) (1024K)]
  0x000001e01c1a46d0 JavaThread "Unconstrained build operations Thread 30"        [_thread_blocked, id=24524, stack(0x000000109c200000,0x000000109c300000) (1024K)]
  0x000001e01c1a18e0 JavaThread "Unconstrained build operations Thread 31"        [_thread_blocked, id=3612, stack(0x000000109c300000,0x000000109c400000) (1024K)]
  0x000001e01c1a74c0 JavaThread "Unconstrained build operations Thread 32"        [_thread_blocked, id=8596, stack(0x000000109c400000,0x000000109c500000) (1024K)]
  0x000001e01c1a6e30 JavaThread "Unconstrained build operations Thread 33"        [_thread_blocked, id=4780, stack(0x000000109c500000,0x000000109c600000) (1024K)]
  0x000001e01c1a4d60 JavaThread "Unconstrained build operations Thread 34"        [_thread_blocked, id=26576, stack(0x000000109c600000,0x000000109c700000) (1024K)]
  0x000001e01c1a8870 JavaThread "Unconstrained build operations Thread 35"        [_thread_blocked, id=13064, stack(0x000000109c700000,0x000000109c800000) (1024K)]
  0x000001e01c1a8f00 JavaThread "Unconstrained build operations Thread 36"        [_thread_blocked, id=1804, stack(0x000000109c800000,0x000000109c900000) (1024K)]
  0x000001e01c1a5a80 JavaThread "Unconstrained build operations Thread 37"        [_thread_blocked, id=6636, stack(0x000000109c900000,0x000000109ca00000) (1024K)]
  0x000001e01c1a6110 JavaThread "Unconstrained build operations Thread 38"        [_thread_blocked, id=23252, stack(0x000000109ca00000,0x000000109cb00000) (1024K)]
  0x000001e01c1aa940 JavaThread "Unconstrained build operations Thread 39"        [_thread_blocked, id=18260, stack(0x000000109cb00000,0x000000109cc00000) (1024K)]
  0x000001e01c1ac380 JavaThread "Unconstrained build operations Thread 40"        [_thread_blocked, id=24480, stack(0x000000109cc00000,0x000000109cd00000) (1024K)]
  0x000001e01c1ab660 JavaThread "Unconstrained build operations Thread 41"        [_thread_blocked, id=6760, stack(0x000000109cd00000,0x000000109ce00000) (1024K)]
  0x000001e01c1a9c20 JavaThread "Unconstrained build operations Thread 42"        [_thread_blocked, id=19500, stack(0x000000109ce00000,0x000000109cf00000) (1024K)]
  0x000001e01c1abcf0 JavaThread "Unconstrained build operations Thread 43"        [_thread_blocked, id=20044, stack(0x000000109cf00000,0x000000109d000000) (1024K)]
  0x000001e01c1addc0 JavaThread "Unconstrained build operations Thread 44"        [_thread_blocked, id=21460, stack(0x000000109d000000,0x000000109d100000) (1024K)]
  0x000001e01c1afe90 JavaThread "Unconstrained build operations Thread 45"        [_thread_blocked, id=4248, stack(0x000000109d100000,0x000000109d200000) (1024K)]
  0x000001e01c1ad0a0 JavaThread "Unconstrained build operations Thread 46"        [_thread_blocked, id=19232, stack(0x000000109d200000,0x000000109d300000) (1024K)]
  0x000001e01c1b18d0 JavaThread "WorkerExecutor Queue"              [_thread_blocked, id=12840, stack(0x0000001099400000,0x0000001099500000) (1024K)]
  0x000001e01c1ae450 JavaThread "RMI TCP Connection(4)-127.0.0.1" daemon [_thread_in_native, id=7584, stack(0x000000109d400000,0x000000109d500000) (1024K)]
  0x000001e01c1b3310 JavaThread "File lock release action executor Thread 2"        [_thread_blocked, id=25988, stack(0x000000109d500000,0x000000109d600000) (1024K)]
  0x000001e01c1b39a0 JavaThread "Unconstrained build operations Thread 47"        [_thread_blocked, id=420, stack(0x000000109d700000,0x000000109d800000) (1024K)]
  0x000001e01c1b53e0 JavaThread "Unconstrained build operations Thread 48"        [_thread_blocked, id=23220, stack(0x000000109d800000,0x000000109d900000) (1024K)]
  0x000001e01c1b46c0 JavaThread "Unconstrained build operations Thread 49"        [_thread_blocked, id=25080, stack(0x000000109d900000,0x000000109da00000) (1024K)]
  0x000001e01c1b4d50 JavaThread "Unconstrained build operations Thread 50"        [_thread_blocked, id=11244, stack(0x000000109da00000,0x000000109db00000) (1024K)]
  0x000001e02622c700 JavaThread "Unconstrained build operations Thread 51"        [_thread_blocked, id=4632, stack(0x000000109db00000,0x000000109dc00000) (1024K)]
  0x000001e02622d420 JavaThread "Unconstrained build operations Thread 52"        [_thread_blocked, id=12308, stack(0x000000109dc00000,0x000000109dd00000) (1024K)]
  0x000001e0262322e0 JavaThread "Unconstrained build operations Thread 53"        [_thread_blocked, id=8520, stack(0x000000109dd00000,0x000000109de00000) (1024K)]
  0x000001e026230f30 JavaThread "Unconstrained build operations Thread 54"        [_thread_blocked, id=21536, stack(0x000000109de00000,0x000000109df00000) (1024K)]
  0x000001e026232970 JavaThread "Unconstrained build operations Thread 55"        [_thread_blocked, id=22800, stack(0x000000109df00000,0x000000109e000000) (1024K)]
  0x000001e026233d20 JavaThread "Unconstrained build operations Thread 56"        [_thread_blocked, id=14400, stack(0x000000109e000000,0x000000109e100000) (1024K)]
  0x000001e026233000 JavaThread "Unconstrained build operations Thread 57"        [_thread_blocked, id=22668, stack(0x000000109e100000,0x000000109e200000) (1024K)]
  0x000001e0262343b0 JavaThread "Unconstrained build operations Thread 58"        [_thread_blocked, id=16276, stack(0x000000109e200000,0x000000109e300000) (1024K)]
  0x000001e026234a40 JavaThread "Unconstrained build operations Thread 59"        [_thread_blocked, id=18588, stack(0x000000109e300000,0x000000109e400000) (1024K)]
  0x000001e0262315c0 JavaThread "Unconstrained build operations Thread 60"        [_thread_blocked, id=24952, stack(0x000000109e400000,0x000000109e500000) (1024K)]
  0x000001e026236b10 JavaThread "Unconstrained build operations Thread 61"        [_thread_blocked, id=22988, stack(0x000000109e500000,0x000000109e600000) (1024K)]
  0x000001e0262350d0 JavaThread "Unconstrained build operations Thread 62"        [_thread_blocked, id=16044, stack(0x000000109e600000,0x000000109e700000) (1024K)]
  0x000001e026236480 JavaThread "Unconstrained build operations Thread 63"        [_thread_blocked, id=10364, stack(0x000000109e700000,0x000000109e800000) (1024K)]
  0x000001e026235760 JavaThread "Unconstrained build operations Thread 64"        [_thread_blocked, id=9048, stack(0x000000109e800000,0x000000109e900000) (1024K)]
  0x000001e0262371a0 JavaThread "Unconstrained build operations Thread 65"        [_thread_blocked, id=22184, stack(0x000000109e900000,0x000000109ea00000) (1024K)]
  0x000001e026239270 JavaThread "Unconstrained build operations Thread 66"        [_thread_blocked, id=7956, stack(0x000000109ea00000,0x000000109eb00000) (1024K)]
  0x000001e026238be0 JavaThread "Unconstrained build operations Thread 67"        [_thread_blocked, id=15552, stack(0x000000109ef00000,0x000000109f000000) (1024K)]
  0x000001e026237830 JavaThread "Unconstrained build operations Thread 68"        [_thread_blocked, id=7512, stack(0x000000109f000000,0x000000109f100000) (1024K)]
  0x000001e01da1c800 JavaThread "build event listener"              [_thread_blocked, id=21792, stack(0x000000109f200000,0x000000109f300000) (1024K)]
  0x000001e01da1d520 JavaThread "Problems report writer"            [_thread_blocked, id=10800, stack(0x000000109f300000,0x000000109f400000) (1024K)]
  0x000001e01da1a0a0 JavaThread "Unconstrained build operations Thread 69"        [_thread_blocked, id=8336, stack(0x000000109f400000,0x000000109f500000) (1024K)]
  0x000001e01da1dbb0 JavaThread "Unconstrained build operations Thread 70"        [_thread_blocked, id=5728, stack(0x000000109f500000,0x000000109f600000) (1024K)]
  0x000001e01da1a730 JavaThread "Unconstrained build operations Thread 71"        [_thread_blocked, id=11400, stack(0x000000109f600000,0x000000109f700000) (1024K)]
  0x000001e01da1e240 JavaThread "Unconstrained build operations Thread 72"        [_thread_blocked, id=10524, stack(0x000000109f700000,0x000000109f800000) (1024K)]
  0x000001e01da1adc0 JavaThread "Unconstrained build operations Thread 73"        [_thread_blocked, id=21824, stack(0x000000109f800000,0x000000109f900000) (1024K)]
  0x000001e01da1b450 JavaThread "Unconstrained build operations Thread 74"        [_thread_blocked, id=10852, stack(0x000000109f900000,0x000000109fa00000) (1024K)]
  0x000001e01da1bae0 JavaThread "Unconstrained build operations Thread 75"        [_thread_blocked, id=22112, stack(0x000000109fa00000,0x000000109fb00000) (1024K)]
  0x000001e01da1c170 JavaThread "Unconstrained build operations Thread 76"        [_thread_blocked, id=7236, stack(0x000000109fb00000,0x000000109fc00000) (1024K)]
  0x000001e01da1e8d0 JavaThread "Unconstrained build operations Thread 77"        [_thread_blocked, id=384, stack(0x000000109fc00000,0x000000109fd00000) (1024K)]
  0x000001e01da1ef60 JavaThread "Unconstrained build operations Thread 78"        [_thread_blocked, id=14428, stack(0x000000109fd00000,0x000000109fe00000) (1024K)]
  0x000001e01da1f5f0 JavaThread "Unconstrained build operations Thread 79"        [_thread_blocked, id=21912, stack(0x000000109fe00000,0x000000109ff00000) (1024K)]
  0x000001e01da1fc80 JavaThread "Unconstrained build operations Thread 80"        [_thread_blocked, id=3268, stack(0x000000109ff00000,0x00000010a0000000) (1024K)]
  0x000001e01da216c0 JavaThread "Unconstrained build operations Thread 81"        [_thread_blocked, id=26616, stack(0x00000010a0000000,0x00000010a0100000) (1024K)]
  0x000001e01da20310 JavaThread "Unconstrained build operations Thread 82"        [_thread_blocked, id=5040, stack(0x00000010a0100000,0x00000010a0200000) (1024K)]
  0x000001e01da21030 JavaThread "Unconstrained build operations Thread 83"        [_thread_blocked, id=20344, stack(0x00000010a0200000,0x00000010a0300000) (1024K)]
  0x000001e01e814b40 JavaThread "Unconstrained build operations Thread 84"        [_thread_blocked, id=23084, stack(0x00000010a0300000,0x00000010a0400000) (1024K)]
  0x000001e01e8151d0 JavaThread "Unconstrained build operations Thread 85"        [_thread_blocked, id=25656, stack(0x00000010a0400000,0x00000010a0500000) (1024K)]
  0x000001e01e813e20 JavaThread "Unconstrained build operations Thread 86"        [_thread_blocked, id=13264, stack(0x00000010a0500000,0x00000010a0600000) (1024K)]
  0x000001e01e815ef0 JavaThread "Unconstrained build operations Thread 87"        [_thread_blocked, id=13812, stack(0x00000010a0600000,0x00000010a0700000) (1024K)]
  0x000001e01e815860 JavaThread "Unconstrained build operations Thread 88"        [_thread_blocked, id=9464, stack(0x00000010a0700000,0x00000010a0800000) (1024K)]
  0x000001e01e813790 JavaThread "Unconstrained build operations Thread 89"        [_thread_blocked, id=4468, stack(0x00000010a0800000,0x00000010a0900000) (1024K)]
  0x000001e01e816580 JavaThread "Unconstrained build operations Thread 90"        [_thread_blocked, id=24188, stack(0x00000010a0900000,0x00000010a0a00000) (1024K)]
  0x000001e01e8172a0 JavaThread "Unconstrained build operations Thread 91"        [_thread_blocked, id=5284, stack(0x00000010a0a00000,0x00000010a0b00000) (1024K)]
  0x000001e01e817930 JavaThread "Unconstrained build operations Thread 92"        [_thread_blocked, id=16996, stack(0x00000010a0b00000,0x00000010a0c00000) (1024K)]
  0x000001e01e8144b0 JavaThread "Unconstrained build operations Thread 93"        [_thread_blocked, id=26400, stack(0x00000010a0c00000,0x00000010a0d00000) (1024K)]
  0x000001e01e81a090 JavaThread "Unconstrained build operations Thread 94"        [_thread_blocked, id=25536, stack(0x00000010a0d00000,0x00000010a0e00000) (1024K)]
  0x000001e01e817fc0 JavaThread "Unconstrained build operations Thread 95"        [_thread_blocked, id=24884, stack(0x00000010a0e00000,0x00000010a0f00000) (1024K)]
  0x000001e01e81a720 JavaThread "Unconstrained build operations Thread 96"        [_thread_blocked, id=12432, stack(0x00000010a0f00000,0x00000010a1000000) (1024K)]
  0x000001e01e818650 JavaThread "Unconstrained build operations Thread 97"        [_thread_blocked, id=2568, stack(0x00000010a1000000,0x00000010a1100000) (1024K)]
  0x000001e01e819370 JavaThread "Unconstrained build operations Thread 98"        [_thread_blocked, id=13188, stack(0x00000010a1100000,0x00000010a1200000) (1024K)]
  0x000001e01e81adb0 JavaThread "Unconstrained build operations Thread 99"        [_thread_blocked, id=5328, stack(0x00000010a1200000,0x00000010a1300000) (1024K)]
  0x000001e01e819a00 JavaThread "Unconstrained build operations Thread 100"        [_thread_blocked, id=4608, stack(0x00000010a1300000,0x00000010a1400000) (1024K)]
  0x000001e01e9e4d60 JavaThread "Unconstrained build operations Thread 101"        [_thread_blocked, id=25008, stack(0x00000010a1400000,0x00000010a1500000) (1024K)]
  0x000001e01e9e4040 JavaThread "Unconstrained build operations Thread 102"        [_thread_blocked, id=15032, stack(0x00000010a1500000,0x00000010a1600000) (1024K)]
  0x000001e01e9e6110 JavaThread "Unconstrained build operations Thread 103"        [_thread_blocked, id=7800, stack(0x00000010a1600000,0x00000010a1700000) (1024K)]
  0x000001e01e9e53f0 JavaThread "Unconstrained build operations Thread 104"        [_thread_blocked, id=26620, stack(0x00000010a1700000,0x00000010a1800000) (1024K)]
  0x000001e01e9e67a0 JavaThread "Unconstrained build operations Thread 105"        [_thread_blocked, id=23420, stack(0x00000010a1800000,0x00000010a1900000) (1024K)]
  0x000001e01e9e5a80 JavaThread "Unconstrained build operations Thread 106"        [_thread_blocked, id=24504, stack(0x00000010a1900000,0x00000010a1a00000) (1024K)]
  0x000001e01e9e74c0 JavaThread "Unconstrained build operations Thread 107"        [_thread_blocked, id=1204, stack(0x00000010a1a00000,0x00000010a1b00000) (1024K)]
  0x000001e01e9e7b50 JavaThread "Unconstrained build operations Thread 108"        [_thread_blocked, id=15764, stack(0x00000010a1b00000,0x00000010a1c00000) (1024K)]
  0x000001e01e9e46d0 JavaThread "Unconstrained build operations Thread 109"        [_thread_blocked, id=8660, stack(0x00000010a1c00000,0x00000010a1d00000) (1024K)]
  0x000001e01e9e81e0 JavaThread "Unconstrained build operations Thread 110"        [_thread_blocked, id=17172, stack(0x00000010a1d00000,0x00000010a1e00000) (1024K)]
  0x000001e01e9e8f00 JavaThread "Unconstrained build operations Thread 111"        [_thread_blocked, id=21620, stack(0x00000010a1e00000,0x00000010a1f00000) (1024K)]
  0x000001e01e9e9590 JavaThread "Unconstrained build operations Thread 112"        [_thread_blocked, id=24680, stack(0x00000010a1f00000,0x00000010a2000000) (1024K)]
  0x000001e01e9e8870 JavaThread "Unconstrained build operations Thread 113"        [_thread_blocked, id=24196, stack(0x000000109d300000,0x000000109d400000) (1024K)]
  0x000001e01e9e9c20 JavaThread "Unconstrained build operations Thread 114"        [_thread_blocked, id=17044, stack(0x00000010a2000000,0x00000010a2100000) (1024K)]
  0x000001e01e9ea2b0 JavaThread "Unconstrained build operations Thread 115"        [_thread_blocked, id=6724, stack(0x00000010a2100000,0x00000010a2200000) (1024K)]
  0x000001e01e9ea940 JavaThread "Unconstrained build operations Thread 116"        [_thread_blocked, id=21444, stack(0x00000010a2200000,0x00000010a2300000) (1024K)]
  0x000001e01e9eafd0 JavaThread "Unconstrained build operations Thread 117"        [_thread_blocked, id=17676, stack(0x00000010a2300000,0x00000010a2400000) (1024K)]
  0x000001e0282dda90 JavaThread "Unconstrained build operations Thread 118"        [_thread_blocked, id=8712, stack(0x00000010a2400000,0x00000010a2500000) (1024K)]
  0x000001e0282de120 JavaThread "Unconstrained build operations Thread 119"        [_thread_blocked, id=8016, stack(0x00000010a2500000,0x00000010a2600000) (1024K)]
  0x000001e0282dc050 JavaThread "Unconstrained build operations Thread 120"        [_thread_blocked, id=11448, stack(0x00000010a2600000,0x00000010a2700000) (1024K)]
  0x000001e0258ac860 JavaThread "C2 CompilerThread1"         daemon [_thread_in_native, id=25480, stack(0x000000109d600000,0x000000109d700000) (1024K)]
  0x000001e01c828e10 JavaThread "pool-9-thread-1"                   [_thread_blocked, id=22064, stack(0x00000010a2700000,0x00000010a2800000) (1024K)]
  0x000001e025db0110 JavaThread "C2 CompilerThread2"         daemon [_thread_blocked, id=24700, stack(0x00000010a2800000,0x00000010a2900000) (1024K)]
Total: 194

Other Threads:
  0x000001dfd1d1ba40 VMThread "VM Thread"                           [id=8472, stack(0x0000001095d00000,0x0000001095e00000) (1024K)]
  0x000001dfd1d05480 WatcherThread "VM Periodic Task Thread"        [id=22764, stack(0x0000001095c00000,0x0000001095d00000) (1024K)]
  0x000001dfb2b57c50 WorkerThread "GC Thread#0"                     [id=17436, stack(0x0000001095700000,0x0000001095800000) (1024K)]
  0x000001e01805e0e0 WorkerThread "GC Thread#1"                     [id=22628, stack(0x0000001096a00000,0x0000001096b00000) (1024K)]
  0x000001e018449f10 WorkerThread "GC Thread#2"                     [id=8736, stack(0x0000001096b00000,0x0000001096c00000) (1024K)]
  0x000001e018383dc0 WorkerThread "GC Thread#3"                     [id=4296, stack(0x0000001096c00000,0x0000001096d00000) (1024K)]
  0x000001e018437820 WorkerThread "GC Thread#4"                     [id=24128, stack(0x0000001096d00000,0x0000001096e00000) (1024K)]
  0x000001e018b1f0b0 WorkerThread "GC Thread#5"                     [id=24316, stack(0x0000001096e00000,0x0000001096f00000) (1024K)]
  0x000001e019a99030 WorkerThread "GC Thread#6"                     [id=19212, stack(0x0000001097b00000,0x0000001097c00000) (1024K)]
  0x000001e019a9cb30 WorkerThread "GC Thread#7"                     [id=2204, stack(0x0000001097c00000,0x0000001097d00000) (1024K)]
  0x000001e019a9a650 WorkerThread "GC Thread#8"                     [id=26180, stack(0x0000001097d00000,0x0000001097e00000) (1024K)]
  0x000001e019a9c3d0 WorkerThread "GC Thread#9"                     [id=13924, stack(0x0000001097e00000,0x0000001097f00000) (1024K)]
  0x000001dfb2b6cc30 ConcurrentGCThread "G1 Main Marker"            [id=11228, stack(0x0000001095800000,0x0000001095900000) (1024K)]
  0x000001dfb2b6e570 WorkerThread "G1 Conc#0"                       [id=21524, stack(0x0000001095900000,0x0000001095a00000) (1024K)]
  0x000001e019a9c020 WorkerThread "G1 Conc#1"                       [id=9916, stack(0x0000001098000000,0x0000001098100000) (1024K)]
  0x000001e019a9a2a0 WorkerThread "G1 Conc#2"                       [id=16440, stack(0x0000001098100000,0x0000001098200000) (1024K)]
  0x000001dfd1bd3f50 ConcurrentGCThread "G1 Refine#0"               [id=8160, stack(0x0000001095a00000,0x0000001095b00000) (1024K)]
  0x000001dfd1bd48e0 ConcurrentGCThread "G1 Service"                [id=21888, stack(0x0000001095b00000,0x0000001095c00000) (1024K)]
Total: 18

Threads with active compile tasks:
C2 CompilerThread0  247992 24842       4       org.jetbrains.kotlin.gradle.plugin.sources.DefaultKotlinSourceSet_Decorated::getAsDynamicObject (37 bytes)
C2 CompilerThread1  247992 24841       4       org.jetbrains.kotlin.gradle.plugin.sources.DefaultKotlinSourceSet_Decorated$$Lambda/0x000001dfd4f5df38::create (8 bytes)
Total: 2

VM state: not at safepoint (normal execution)

VM Mutex/Monitor currently owned by a thread: None

Heap address: 0x0000000700000000, size: 4096 MB, Compressed Oops mode: Zero based, Oop shift amount: 3

CDS archive(s) mapped at: [0x000001dfd3000000-0x000001dfd3d70000-0x000001dfd3d70000), size 14090240, SharedBaseAddress: 0x000001dfd3000000, ArchiveRelocationMode: 1.
Compressed class space mapped at: 0x000001dfd4000000-0x000001e014000000, reserved size: 1073741824
Narrow klass base: 0x000001dfd3000000, Narrow klass shift: 0, Narrow klass range: 0x41000000

GC Precious Log:
 CardTable entry size: 512
 Card Set container configuration: InlinePtr #cards 4 size 8 Array Of Cards #cards 16 size 48 Howl #buckets 8 coarsen threshold 3686 Howl Bitmap #cards 512 size 80 coarsen threshold 460 Card regions per heap region 1 cards per card region 4096
 CPUs: 12 total, 12 available
 Memory: 15712M
 Large Page Support: Disabled
 NUMA Support: Disabled
 Compressed Oops: Enabled (Zero based)
 Heap Region Size: 2M
 Heap Min Capacity: 8M
 Heap Initial Capacity: 246M
 Heap Max Capacity: 4G
 Pre-touch: Disabled
 Parallel Workers: 10
 Concurrent Workers: 3
 Concurrent Refinement Workers: 10
 Periodic GC: Disabled

Heap:
 garbage-first heap   total reserved 4194304K, committed 571392K, used 478321K [0x0000000700000000, 0x0000000800000000)
  region size 2048K, 76 young (155648K), 8 survivors (16384K)
 Metaspace       used 143560K, committed 146816K, reserved 1179648K
  class space    used 19885K, committed 21376K, reserved 1048576K

Heap Regions: E=young(eden), S=young(survivor), O=old, HS=humongous(starts), HC=humongous(continues), CS=collection set, F=free, TAMS=top-at-mark-start, PB=parsable bottom
|   0|0x0000000700000000, 0x0000000700200000, 0x0000000700200000|100%|HS|  |TAMS 0x0000000700000000| PB 0x0000000700000000| Complete |  0
|   1|0x0000000700200000, 0x0000000700400000, 0x0000000700400000|100%|HC|  |TAMS 0x0000000700200000| PB 0x0000000700200000| Complete |  0
|   2|0x0000000700400000, 0x0000000700600000, 0x0000000700600000|100%| O|  |TAMS 0x0000000700400000| PB 0x0000000700400000| Untracked |  0
|   3|0x0000000700600000, 0x0000000700800000, 0x0000000700800000|100%| O|  |TAMS 0x0000000700600000| PB 0x0000000700600000| Untracked |  0
|   4|0x0000000700800000, 0x0000000700a00000, 0x0000000700a00000|100%| O|  |TAMS 0x0000000700800000| PB 0x0000000700800000| Untracked |  0
|   5|0x0000000700a00000, 0x0000000700c00000, 0x0000000700c00000|100%| O|  |TAMS 0x0000000700a00000| PB 0x0000000700a00000| Untracked |  0
|   6|0x0000000700c00000, 0x0000000700e00000, 0x0000000700e00000|100%| O|  |TAMS 0x0000000700c00000| PB 0x0000000700c00000| Untracked |  0
|   7|0x0000000700e00000, 0x0000000701000000, 0x0000000701000000|100%| O|  |TAMS 0x0000000700e00000| PB 0x0000000700e00000| Untracked |  0
|   8|0x0000000701000000, 0x0000000701200000, 0x0000000701200000|100%| O|  |TAMS 0x0000000701000000| PB 0x0000000701000000| Untracked |  0
|   9|0x0000000701200000, 0x0000000701400000, 0x0000000701400000|100%| O|  |TAMS 0x0000000701200000| PB 0x0000000701200000| Untracked |  0
|  10|0x0000000701400000, 0x0000000701600000, 0x0000000701600000|100%| O|  |TAMS 0x0000000701400000| PB 0x0000000701400000| Untracked |  0
|  11|0x0000000701600000, 0x0000000701800000, 0x0000000701800000|100%| O|  |TAMS 0x0000000701600000| PB 0x0000000701600000| Untracked |  0
|  12|0x0000000701800000, 0x0000000701a00000, 0x0000000701a00000|100%| O|  |TAMS 0x0000000701800000| PB 0x0000000701800000| Untracked |  0
|  13|0x0000000701a00000, 0x0000000701c00000, 0x0000000701c00000|100%| O|  |TAMS 0x0000000701a00000| PB 0x0000000701a00000| Untracked |  0
|  14|0x0000000701c00000, 0x0000000701e00000, 0x0000000701e00000|100%| O|  |TAMS 0x0000000701c00000| PB 0x0000000701c00000| Untracked |  0
|  15|0x0000000701e00000, 0x0000000702000000, 0x0000000702000000|100%| O|  |TAMS 0x0000000701e00000| PB 0x0000000701e00000| Untracked |  0
|  16|0x0000000702000000, 0x0000000702200000, 0x0000000702200000|100%|HS|  |TAMS 0x0000000702000000| PB 0x0000000702000000| Complete |  0
|  17|0x0000000702200000, 0x0000000702400000, 0x0000000702400000|100%| O|  |TAMS 0x0000000702200000| PB 0x0000000702200000| Untracked |  0
|  18|0x0000000702400000, 0x0000000702600000, 0x0000000702600000|100%| O|  |TAMS 0x0000000702400000| PB 0x0000000702400000| Untracked |  0
|  19|0x0000000702600000, 0x0000000702800000, 0x0000000702800000|100%| O|  |TAMS 0x0000000702600000| PB 0x0000000702600000| Untracked |  0
|  20|0x0000000702800000, 0x0000000702a00000, 0x0000000702a00000|100%| O|  |TAMS 0x0000000702800000| PB 0x0000000702800000| Untracked |  0
|  21|0x0000000702a00000, 0x0000000702c00000, 0x0000000702c00000|100%| O|  |TAMS 0x0000000702a00000| PB 0x0000000702a00000| Untracked |  0
|  22|0x0000000702c00000, 0x0000000702e00000, 0x0000000702e00000|100%| O|  |TAMS 0x0000000702c00000| PB 0x0000000702c00000| Untracked |  0
|  23|0x0000000702e00000, 0x0000000703000000, 0x0000000703000000|100%| O|  |TAMS 0x0000000702e00000| PB 0x0000000702e00000| Untracked |  0
|  24|0x0000000703000000, 0x0000000703200000, 0x0000000703200000|100%| O|  |TAMS 0x0000000703000000| PB 0x0000000703000000| Untracked |  0
|  25|0x0000000703200000, 0x0000000703400000, 0x0000000703400000|100%| O|  |TAMS 0x0000000703200000| PB 0x0000000703200000| Untracked |  0
|  26|0x0000000703400000, 0x0000000703600000, 0x0000000703600000|100%| O|  |TAMS 0x0000000703400000| PB 0x0000000703400000| Untracked |  0
|  27|0x0000000703600000, 0x0000000703800000, 0x0000000703800000|100%| O|  |TAMS 0x0000000703600000| PB 0x0000000703600000| Untracked |  0
|  28|0x0000000703800000, 0x0000000703a00000, 0x0000000703a00000|100%|HS|  |TAMS 0x0000000703800000| PB 0x0000000703800000| Complete |  0
|  29|0x0000000703a00000, 0x0000000703c00000, 0x0000000703c00000|100%|HS|  |TAMS 0x0000000703a00000| PB 0x0000000703a00000| Complete |  0
|  30|0x0000000703c00000, 0x0000000703e00000, 0x0000000703e00000|100%|HC|  |TAMS 0x0000000703c00000| PB 0x0000000703c00000| Complete |  0
|  31|0x0000000703e00000, 0x0000000704000000, 0x0000000704000000|100%| O|  |TAMS 0x0000000703e00000| PB 0x0000000703e00000| Untracked |  0
|  32|0x0000000704000000, 0x0000000704200000, 0x0000000704200000|100%| O|  |TAMS 0x0000000704000000| PB 0x0000000704000000| Untracked |  0
|  33|0x0000000704200000, 0x0000000704400000, 0x0000000704400000|100%| O|  |TAMS 0x0000000704200000| PB 0x0000000704200000| Untracked |  0
|  34|0x0000000704400000, 0x0000000704600000, 0x0000000704600000|100%| O|Cm|TAMS 0x0000000704400000| PB 0x0000000704400000| Complete |  0
|  35|0x0000000704600000, 0x0000000704800000, 0x0000000704800000|100%|HS|  |TAMS 0x0000000704600000| PB 0x0000000704600000| Complete |  0
|  36|0x0000000704800000, 0x0000000704a00000, 0x0000000704a00000|100%|HC|  |TAMS 0x0000000704800000| PB 0x0000000704800000| Complete |  0
|  37|0x0000000704a00000, 0x0000000704c00000, 0x0000000704c00000|100%| O|  |TAMS 0x0000000704a00000| PB 0x0000000704a00000| Untracked |  0
|  38|0x0000000704c00000, 0x0000000704e00000, 0x0000000704e00000|100%| O|Cm|TAMS 0x0000000704c00000| PB 0x0000000704c00000| Complete |  0
|  39|0x0000000704e00000, 0x0000000705000000, 0x0000000705000000|100%| O|  |TAMS 0x0000000704e00000| PB 0x0000000704e00000| Untracked |  0
|  40|0x0000000705000000, 0x0000000705200000, 0x0000000705200000|100%| O|  |TAMS 0x0000000705000000| PB 0x0000000705000000| Untracked |  0
|  41|0x0000000705200000, 0x0000000705400000, 0x0000000705400000|100%| O|  |TAMS 0x0000000705200000| PB 0x0000000705200000| Untracked |  0
|  42|0x0000000705400000, 0x0000000705600000, 0x0000000705600000|100%|HS|  |TAMS 0x0000000705400000| PB 0x0000000705400000| Complete |  0
|  43|0x0000000705600000, 0x0000000705800000, 0x0000000705800000|100%| O|  |TAMS 0x0000000705600000| PB 0x0000000705600000| Untracked |  0
|  44|0x0000000705800000, 0x0000000705a00000, 0x0000000705a00000|100%| O|  |TAMS 0x0000000705800000| PB 0x0000000705800000| Untracked |  0
|  45|0x0000000705a00000, 0x0000000705c00000, 0x0000000705c00000|100%| O|  |TAMS 0x0000000705a00000| PB 0x0000000705a00000| Untracked |  0
|  46|0x0000000705c00000, 0x0000000705e00000, 0x0000000705e00000|100%|HS|  |TAMS 0x0000000705c00000| PB 0x0000000705c00000| Complete |  0
|  47|0x0000000705e00000, 0x0000000706000000, 0x0000000706000000|100%| O|  |TAMS 0x0000000705e00000| PB 0x0000000705e00000| Untracked |  0
|  48|0x0000000706000000, 0x0000000706200000, 0x0000000706200000|100%| O|  |TAMS 0x0000000706000000| PB 0x0000000706000000| Untracked |  0
|  49|0x0000000706200000, 0x0000000706400000, 0x0000000706400000|100%| O|  |TAMS 0x0000000706200000| PB 0x0000000706200000| Untracked |  0
|  50|0x0000000706400000, 0x0000000706600000, 0x0000000706600000|100%| O|  |TAMS 0x0000000706400000| PB 0x0000000706400000| Untracked |  0
|  51|0x0000000706600000, 0x0000000706800000, 0x0000000706800000|100%| O|  |TAMS 0x0000000706600000| PB 0x0000000706600000| Untracked |  0
|  52|0x0000000706800000, 0x0000000706a00000, 0x0000000706a00000|100%| O|  |TAMS 0x0000000706800000| PB 0x0000000706800000| Untracked |  0
|  53|0x0000000706a00000, 0x0000000706c00000, 0x0000000706c00000|100%| O|  |TAMS 0x0000000706a00000| PB 0x0000000706a00000| Untracked |  0
|  54|0x0000000706c00000, 0x0000000706e00000, 0x0000000706e00000|100%| O|  |TAMS 0x0000000706c00000| PB 0x0000000706c00000| Untracked |  0
|  55|0x0000000706e00000, 0x0000000707000000, 0x0000000707000000|100%| O|  |TAMS 0x0000000706e00000| PB 0x0000000706e00000| Untracked |  0
|  56|0x0000000707000000, 0x0000000707200000, 0x0000000707200000|100%| O|  |TAMS 0x0000000707000000| PB 0x0000000707000000| Untracked |  0
|  57|0x0000000707200000, 0x0000000707400000, 0x0000000707400000|100%| O|  |TAMS 0x0000000707200000| PB 0x0000000707200000| Untracked |  0
|  58|0x0000000707400000, 0x0000000707600000, 0x0000000707600000|100%| O|  |TAMS 0x0000000707400000| PB 0x0000000707400000| Untracked |  0
|  59|0x0000000707600000, 0x0000000707800000, 0x0000000707800000|100%| O|  |TAMS 0x0000000707600000| PB 0x0000000707600000| Untracked |  0
|  60|0x0000000707800000, 0x0000000707a00000, 0x0000000707a00000|100%| O|  |TAMS 0x0000000707800000| PB 0x0000000707800000| Untracked |  0
|  61|0x0000000707a00000, 0x0000000707c00000, 0x0000000707c00000|100%| O|  |TAMS 0x0000000707a00000| PB 0x0000000707a00000| Untracked |  0
|  62|0x0000000707c00000, 0x0000000707e00000, 0x0000000707e00000|100%| O|  |TAMS 0x0000000707c00000| PB 0x0000000707c00000| Untracked |  0
|  63|0x0000000707e00000, 0x0000000708000000, 0x0000000708000000|100%| O|  |TAMS 0x0000000707e00000| PB 0x0000000707e00000| Untracked |  0
|  64|0x0000000708000000, 0x0000000708200000, 0x0000000708200000|100%| O|  |TAMS 0x0000000708000000| PB 0x0000000708000000| Untracked |  0
|  65|0x0000000708200000, 0x0000000708400000, 0x0000000708400000|100%| O|  |TAMS 0x0000000708200000| PB 0x0000000708200000| Untracked |  0
|  66|0x0000000708400000, 0x0000000708600000, 0x0000000708600000|100%| O|  |TAMS 0x0000000708400000| PB 0x0000000708400000| Untracked |  0
|  67|0x0000000708600000, 0x0000000708800000, 0x0000000708800000|100%| O|  |TAMS 0x0000000708600000| PB 0x0000000708600000| Untracked |  0
|  68|0x0000000708800000, 0x0000000708a00000, 0x0000000708a00000|100%| O|  |TAMS 0x0000000708800000| PB 0x0000000708800000| Untracked |  0
|  69|0x0000000708a00000, 0x0000000708c00000, 0x0000000708c00000|100%| O|  |TAMS 0x0000000708a00000| PB 0x0000000708a00000| Untracked |  0
|  70|0x0000000708c00000, 0x0000000708e00000, 0x0000000708e00000|100%| O|  |TAMS 0x0000000708c00000| PB 0x0000000708c00000| Untracked |  0
|  71|0x0000000708e00000, 0x0000000709000000, 0x0000000709000000|100%| O|  |TAMS 0x0000000708e00000| PB 0x0000000708e00000| Untracked |  0
|  72|0x0000000709000000, 0x0000000709200000, 0x0000000709200000|100%| O|Cm|TAMS 0x0000000709000000| PB 0x0000000709000000| Complete |  0
|  73|0x0000000709200000, 0x0000000709400000, 0x0000000709400000|100%| O|  |TAMS 0x0000000709200000| PB 0x0000000709200000| Untracked |  0
|  74|0x0000000709400000, 0x0000000709600000, 0x0000000709600000|100%| O|  |TAMS 0x0000000709400000| PB 0x0000000709400000| Untracked |  0
|  75|0x0000000709600000, 0x0000000709800000, 0x0000000709800000|100%| O|  |TAMS 0x0000000709600000| PB 0x0000000709600000| Untracked |  0
|  76|0x0000000709800000, 0x0000000709a00000, 0x0000000709a00000|100%| O|Cm|TAMS 0x0000000709800000| PB 0x0000000709800000| Complete |  0
|  77|0x0000000709a00000, 0x0000000709c00000, 0x0000000709c00000|100%| O|Cm|TAMS 0x0000000709a00000| PB 0x0000000709a00000| Complete |  0
|  78|0x0000000709c00000, 0x0000000709e00000, 0x0000000709e00000|100%| O|  |TAMS 0x0000000709c00000| PB 0x0000000709c00000| Untracked |  0
|  79|0x0000000709e00000, 0x000000070a000000, 0x000000070a000000|100%| O|  |TAMS 0x0000000709e00000| PB 0x0000000709e00000| Untracked |  0
|  80|0x000000070a000000, 0x000000070a200000, 0x000000070a200000|100%| O|  |TAMS 0x000000070a000000| PB 0x000000070a000000| Untracked |  0
|  81|0x000000070a200000, 0x000000070a400000, 0x000000070a400000|100%| O|  |TAMS 0x000000070a200000| PB 0x000000070a200000| Untracked |  0
|  82|0x000000070a400000, 0x000000070a600000, 0x000000070a600000|100%| O|  |TAMS 0x000000070a400000| PB 0x000000070a400000| Untracked |  0
|  83|0x000000070a600000, 0x000000070a800000, 0x000000070a800000|100%| O|Cm|TAMS 0x000000070a600000| PB 0x000000070a600000| Complete |  0
|  84|0x000000070a800000, 0x000000070aa00000, 0x000000070aa00000|100%| O|  |TAMS 0x000000070a800000| PB 0x000000070a800000| Untracked |  0
|  85|0x000000070aa00000, 0x000000070ac00000, 0x000000070ac00000|100%| O|Cm|TAMS 0x000000070aa00000| PB 0x000000070aa00000| Complete |  0
|  86|0x000000070ac00000, 0x000000070ae00000, 0x000000070ae00000|100%| O|  |TAMS 0x000000070ac00000| PB 0x000000070ac00000| Untracked |  0
|  87|0x000000070ae00000, 0x000000070b000000, 0x000000070b000000|100%| O|  |TAMS 0x000000070ae00000| PB 0x000000070ae00000| Untracked |  0
|  88|0x000000070b000000, 0x000000070b200000, 0x000000070b200000|100%| O|Cm|TAMS 0x000000070b000000| PB 0x000000070b000000| Complete |  0
|  89|0x000000070b200000, 0x000000070b400000, 0x000000070b400000|100%| O|  |TAMS 0x000000070b200000| PB 0x000000070b200000| Untracked |  0
|  90|0x000000070b400000, 0x000000070b600000, 0x000000070b600000|100%| O|  |TAMS 0x000000070b400000| PB 0x000000070b400000| Untracked |  0
|  91|0x000000070b600000, 0x000000070b800000, 0x000000070b800000|100%| O|  |TAMS 0x000000070b600000| PB 0x000000070b600000| Untracked |  0
|  92|0x000000070b800000, 0x000000070ba00000, 0x000000070ba00000|100%| O|  |TAMS 0x000000070b800000| PB 0x000000070b800000| Untracked |  0
|  93|0x000000070ba00000, 0x000000070bc00000, 0x000000070bc00000|100%| O|Cm|TAMS 0x000000070ba00000| PB 0x000000070ba00000| Complete |  0
|  94|0x000000070bc00000, 0x000000070be00000, 0x000000070be00000|100%| O|  |TAMS 0x000000070bc00000| PB 0x000000070bc00000| Untracked |  0
|  95|0x000000070be00000, 0x000000070c000000, 0x000000070c000000|100%|HS|  |TAMS 0x000000070be00000| PB 0x000000070be00000| Complete |  0
|  96|0x000000070c000000, 0x000000070c200000, 0x000000070c200000|100%|HC|  |TAMS 0x000000070c000000| PB 0x000000070c000000| Complete |  0
|  97|0x000000070c200000, 0x000000070c400000, 0x000000070c400000|100%| O|  |TAMS 0x000000070c200000| PB 0x000000070c200000| Untracked |  0
|  98|0x000000070c400000, 0x000000070c600000, 0x000000070c600000|100%| O|  |TAMS 0x000000070c400000| PB 0x000000070c400000| Untracked |  0
|  99|0x000000070c600000, 0x000000070c800000, 0x000000070c800000|100%|HS|  |TAMS 0x000000070c600000| PB 0x000000070c600000| Complete |  0
| 100|0x000000070c800000, 0x000000070ca00000, 0x000000070ca00000|100%| O|  |TAMS 0x000000070c800000| PB 0x000000070c800000| Untracked |  0
| 101|0x000000070ca00000, 0x000000070cc00000, 0x000000070cc00000|100%| O|  |TAMS 0x000000070ca00000| PB 0x000000070ca00000| Untracked |  0
| 102|0x000000070cc00000, 0x000000070ce00000, 0x000000070ce00000|100%| O|  |TAMS 0x000000070cc00000| PB 0x000000070cc00000| Untracked |  0
| 103|0x000000070ce00000, 0x000000070d000000, 0x000000070d000000|100%| O|  |TAMS 0x000000070ce00000| PB 0x000000070ce00000| Untracked |  0
| 104|0x000000070d000000, 0x000000070d200000, 0x000000070d200000|100%| O|Cm|TAMS 0x000000070d000000| PB 0x000000070d000000| Complete |  0
| 105|0x000000070d200000, 0x000000070d400000, 0x000000070d400000|100%| O|Cm|TAMS 0x000000070d200000| PB 0x000000070d200000| Complete |  0
| 106|0x000000070d400000, 0x000000070d600000, 0x000000070d600000|100%| O|Cm|TAMS 0x000000070d400000| PB 0x000000070d400000| Complete |  0
| 107|0x000000070d600000, 0x000000070d800000, 0x000000070d800000|100%| O|  |TAMS 0x000000070d600000| PB 0x000000070d600000| Untracked |  0
| 108|0x000000070d800000, 0x000000070da00000, 0x000000070da00000|100%| O|Cm|TAMS 0x000000070d800000| PB 0x000000070d800000| Complete |  0
| 109|0x000000070da00000, 0x000000070dc00000, 0x000000070dc00000|100%| O|Cm|TAMS 0x000000070da00000| PB 0x000000070da00000| Complete |  0
| 110|0x000000070dc00000, 0x000000070de00000, 0x000000070de00000|100%| O|Cm|TAMS 0x000000070dc00000| PB 0x000000070dc00000| Complete |  0
| 111|0x000000070de00000, 0x000000070de00000, 0x000000070e000000|  0%| F|  |TAMS 0x000000070de00000| PB 0x000000070de00000| Untracked |  0
| 112|0x000000070e000000, 0x000000070e200000, 0x000000070e200000|100%| O|Cm|TAMS 0x000000070e000000| PB 0x000000070e000000| Complete |  0
| 113|0x000000070e200000, 0x000000070e400000, 0x000000070e400000|100%| O|  |TAMS 0x000000070e200000| PB 0x000000070e200000| Untracked |  0
| 114|0x000000070e400000, 0x000000070e600000, 0x000000070e600000|100%| O|Cm|TAMS 0x000000070e400000| PB 0x000000070e400000| Complete |  0
| 115|0x000000070e600000, 0x000000070e800000, 0x000000070e800000|100%| O|Cm|TAMS 0x000000070e600000| PB 0x000000070e600000| Complete |  0
| 116|0x000000070e800000, 0x000000070ea00000, 0x000000070ea00000|100%| O|Cm|TAMS 0x000000070e800000| PB 0x000000070e800000| Complete |  0
| 117|0x000000070ea00000, 0x000000070ec00000, 0x000000070ec00000|100%| O|Cm|TAMS 0x000000070ea00000| PB 0x000000070ea00000| Complete |  0
| 118|0x000000070ec00000, 0x000000070ec00000, 0x000000070ee00000|  0%| F|  |TAMS 0x000000070ec00000| PB 0x000000070ec00000| Untracked |  0
| 119|0x000000070ee00000, 0x000000070ee00000, 0x000000070f000000|  0%| F|  |TAMS 0x000000070ee00000| PB 0x000000070ee00000| Untracked |  0
| 120|0x000000070f000000, 0x000000070f200000, 0x000000070f200000|100%| O|Cm|TAMS 0x000000070f000000| PB 0x000000070f000000| Complete |  0
| 121|0x000000070f200000, 0x000000070f400000, 0x000000070f400000|100%|HS|  |TAMS 0x000000070f200000| PB 0x000000070f200000| Complete |  0
| 122|0x000000070f400000, 0x000000070f600000, 0x000000070f600000|100%| O|  |TAMS 0x000000070f400000| PB 0x000000070f400000| Untracked |  0
| 123|0x000000070f600000, 0x000000070f800000, 0x000000070f800000|100%| O|  |TAMS 0x000000070f600000| PB 0x000000070f600000| Untracked |  0
| 124|0x000000070f800000, 0x000000070fa00000, 0x000000070fa00000|100%| O|  |TAMS 0x000000070f800000| PB 0x000000070f800000| Untracked |  0
| 125|0x000000070fa00000, 0x000000070fc00000, 0x000000070fc00000|100%| O|  |TAMS 0x000000070fa00000| PB 0x000000070fa00000| Untracked |  0
| 126|0x000000070fc00000, 0x000000070fe00000, 0x000000070fe00000|100%| O|  |TAMS 0x000000070fc00000| PB 0x000000070fc00000| Untracked |  0
| 127|0x000000070fe00000, 0x0000000710000000, 0x0000000710000000|100%| O|  |TAMS 0x000000070fe00000| PB 0x000000070fe00000| Untracked |  0
| 128|0x0000000710000000, 0x0000000710200000, 0x0000000710200000|100%| O|  |TAMS 0x0000000710000000| PB 0x0000000710000000| Untracked |  0
| 129|0x0000000710200000, 0x0000000710400000, 0x0000000710400000|100%| O|  |TAMS 0x0000000710200000| PB 0x0000000710200000| Untracked |  0
| 130|0x0000000710400000, 0x0000000710600000, 0x0000000710600000|100%| O|  |TAMS 0x0000000710400000| PB 0x0000000710400000| Untracked |  0
| 131|0x0000000710600000, 0x0000000710800000, 0x0000000710800000|100%| O|Cm|TAMS 0x0000000710600000| PB 0x0000000710600000| Complete |  0
| 132|0x0000000710800000, 0x0000000710a00000, 0x0000000710a00000|100%| O|  |TAMS 0x0000000710800000| PB 0x0000000710800000| Untracked |  0
| 133|0x0000000710a00000, 0x0000000710c00000, 0x0000000710c00000|100%| O|  |TAMS 0x0000000710a00000| PB 0x0000000710a00000| Untracked |  0
| 134|0x0000000710c00000, 0x0000000710e00000, 0x0000000710e00000|100%| O|Cm|TAMS 0x0000000710c00000| PB 0x0000000710c00000| Complete |  0
| 135|0x0000000710e00000, 0x0000000711000000, 0x0000000711000000|100%| O|Cm|TAMS 0x0000000710e00000| PB 0x0000000710e00000| Complete |  0
| 136|0x0000000711000000, 0x0000000711200000, 0x0000000711200000|100%| O|Cm|TAMS 0x0000000711000000| PB 0x0000000711000000| Complete |  0
| 137|0x0000000711200000, 0x0000000711400000, 0x0000000711400000|100%| O|Cm|TAMS 0x0000000711200000| PB 0x0000000711200000| Complete |  0
| 138|0x0000000711400000, 0x0000000711600000, 0x0000000711600000|100%| O|  |TAMS 0x0000000711400000| PB 0x0000000711400000| Untracked |  0
| 139|0x0000000711600000, 0x0000000711600000, 0x0000000711800000|  0%| F|  |TAMS 0x0000000711600000| PB 0x0000000711600000| Untracked |  0
| 140|0x0000000711800000, 0x0000000711a00000, 0x0000000711a00000|100%| O|Cm|TAMS 0x0000000711800000| PB 0x0000000711800000| Complete |  0
| 141|0x0000000711a00000, 0x0000000711a00000, 0x0000000711c00000|  0%| F|  |TAMS 0x0000000711a00000| PB 0x0000000711a00000| Untracked |  0
| 142|0x0000000711c00000, 0x0000000711e00000, 0x0000000711e00000|100%| O|Cm|TAMS 0x0000000711c00000| PB 0x0000000711c00000| Complete |  0
| 143|0x0000000711e00000, 0x0000000712000000, 0x0000000712000000|100%| O|Cm|TAMS 0x0000000711e00000| PB 0x0000000711e00000| Complete |  0
| 144|0x0000000712000000, 0x0000000712000000, 0x0000000712200000|  0%| F|  |TAMS 0x0000000712000000| PB 0x0000000712000000| Untracked |  0
| 145|0x0000000712200000, 0x0000000712400000, 0x0000000712400000|100%| O|  |TAMS 0x0000000712200000| PB 0x0000000712200000| Untracked |  0
| 146|0x0000000712400000, 0x0000000712400000, 0x0000000712600000|  0%| F|  |TAMS 0x0000000712400000| PB 0x0000000712400000| Untracked |  0
| 147|0x0000000712600000, 0x0000000712600000, 0x0000000712800000|  0%| F|  |TAMS 0x0000000712600000| PB 0x0000000712600000| Untracked |  0
| 148|0x0000000712800000, 0x0000000712800000, 0x0000000712a00000|  0%| F|  |TAMS 0x0000000712800000| PB 0x0000000712800000| Untracked |  0
| 149|0x0000000712a00000, 0x0000000712a00000, 0x0000000712c00000|  0%| F|  |TAMS 0x0000000712a00000| PB 0x0000000712a00000| Untracked |  0
| 150|0x0000000712c00000, 0x0000000712e00000, 0x0000000712e00000|100%| O|Cm|TAMS 0x0000000712c00000| PB 0x0000000712c00000| Complete |  0
| 151|0x0000000712e00000, 0x0000000713000000, 0x0000000713000000|100%| O|Cm|TAMS 0x0000000712e00000| PB 0x0000000712e00000| Complete |  0
| 152|0x0000000713000000, 0x0000000713000000, 0x0000000713200000|  0%| F|  |TAMS 0x0000000713000000| PB 0x0000000713000000| Untracked |  0
| 153|0x0000000713200000, 0x0000000713200000, 0x0000000713400000|  0%| F|  |TAMS 0x0000000713200000| PB 0x0000000713200000| Untracked |  0
| 154|0x0000000713400000, 0x0000000713400000, 0x0000000713600000|  0%| F|  |TAMS 0x0000000713400000| PB 0x0000000713400000| Untracked |  0
| 155|0x0000000713600000, 0x0000000713800000, 0x0000000713800000|100%| O|Cm|TAMS 0x0000000713600000| PB 0x0000000713600000| Complete |  0
| 156|0x0000000713800000, 0x0000000713800000, 0x0000000713a00000|  0%| F|  |TAMS 0x0000000713800000| PB 0x0000000713800000| Untracked |  0
| 157|0x0000000713a00000, 0x0000000713c00000, 0x0000000713c00000|100%| O|Cm|TAMS 0x0000000713a00000| PB 0x0000000713a00000| Complete |  0
| 158|0x0000000713c00000, 0x0000000713e00000, 0x0000000713e00000|100%| O|Cm|TAMS 0x0000000713c00000| PB 0x0000000713c00000| Complete |  0
| 159|0x0000000713e00000, 0x0000000714000000, 0x0000000714000000|100%| O|Cm|TAMS 0x0000000713e00000| PB 0x0000000713e00000| Complete |  0
| 160|0x0000000714000000, 0x0000000714200000, 0x0000000714200000|100%| O|Cm|TAMS 0x0000000714000000| PB 0x0000000714000000| Complete |  0
| 161|0x0000000714200000, 0x0000000714400000, 0x0000000714400000|100%| O|Cm|TAMS 0x0000000714200000| PB 0x0000000714200000| Complete |  0
| 162|0x0000000714400000, 0x0000000714600000, 0x0000000714600000|100%| O|Cm|TAMS 0x0000000714400000| PB 0x0000000714400000| Complete |  0
| 163|0x0000000714600000, 0x0000000714800000, 0x0000000714800000|100%| O|Cm|TAMS 0x0000000714600000| PB 0x0000000714600000| Complete |  0
| 164|0x0000000714800000, 0x0000000714a00000, 0x0000000714a00000|100%| O|  |TAMS 0x0000000714800000| PB 0x0000000714800000| Untracked |  0
| 165|0x0000000714a00000, 0x0000000714c00000, 0x0000000714c00000|100%| O|  |TAMS 0x0000000714a00000| PB 0x0000000714a00000| Untracked |  0
| 166|0x0000000714c00000, 0x0000000714e00000, 0x0000000714e00000|100%| O|  |TAMS 0x0000000714c00000| PB 0x0000000714c00000| Untracked |  0
| 167|0x0000000714e00000, 0x0000000715000000, 0x0000000715000000|100%| O|  |TAMS 0x0000000714e00000| PB 0x0000000714e00000| Untracked |  0
| 168|0x0000000715000000, 0x0000000715200000, 0x0000000715200000|100%| O|  |TAMS 0x0000000715000000| PB 0x0000000715000000| Untracked |  0
| 169|0x0000000715200000, 0x0000000715400000, 0x0000000715400000|100%| O|Cm|TAMS 0x0000000715200000| PB 0x0000000715200000| Complete |  0
| 170|0x0000000715400000, 0x0000000715400000, 0x0000000715600000|  0%| F|  |TAMS 0x0000000715400000| PB 0x0000000715400000| Untracked |  0
| 171|0x0000000715600000, 0x0000000715600000, 0x0000000715800000|  0%| F|  |TAMS 0x0000000715600000| PB 0x0000000715600000| Untracked |  0
| 172|0x0000000715800000, 0x0000000715800000, 0x0000000715a00000|  0%| F|  |TAMS 0x0000000715800000| PB 0x0000000715800000| Untracked |  0
| 173|0x0000000715a00000, 0x0000000715a00000, 0x0000000715c00000|  0%| F|  |TAMS 0x0000000715a00000| PB 0x0000000715a00000| Untracked |  0
| 174|0x0000000715c00000, 0x0000000715c00000, 0x0000000715e00000|  0%| F|  |TAMS 0x0000000715c00000| PB 0x0000000715c00000| Untracked |  0
| 175|0x0000000715e00000, 0x0000000715e00000, 0x0000000716000000|  0%| F|  |TAMS 0x0000000715e00000| PB 0x0000000715e00000| Untracked |  0
| 176|0x0000000716000000, 0x0000000716000000, 0x0000000716200000|  0%| F|  |TAMS 0x0000000716000000| PB 0x0000000716000000| Untracked |  0
| 177|0x0000000716200000, 0x0000000716200000, 0x0000000716400000|  0%| F|  |TAMS 0x0000000716200000| PB 0x0000000716200000| Untracked |  0
| 178|0x0000000716400000, 0x0000000716400000, 0x0000000716600000|  0%| F|  |TAMS 0x0000000716400000| PB 0x0000000716400000| Untracked |  0
| 179|0x0000000716600000, 0x000000071671c460, 0x0000000716800000| 55%| S|CS|TAMS 0x0000000716600000| PB 0x0000000716600000| Complete |  0
| 180|0x0000000716800000, 0x0000000716a00000, 0x0000000716a00000|100%| S|CS|TAMS 0x0000000716800000| PB 0x0000000716800000| Complete |  0
| 181|0x0000000716a00000, 0x0000000716a00000, 0x0000000716c00000|  0%| F|  |TAMS 0x0000000716a00000| PB 0x0000000716a00000| Untracked |  0
| 182|0x0000000716c00000, 0x0000000716c00000, 0x0000000716e00000|  0%| F|  |TAMS 0x0000000716c00000| PB 0x0000000716c00000| Untracked |  0
| 183|0x0000000716e00000, 0x0000000717000000, 0x0000000717000000|100%| S|CS|TAMS 0x0000000716e00000| PB 0x0000000716e00000| Complete |  0
| 184|0x0000000717000000, 0x0000000717200000, 0x0000000717200000|100%| S|CS|TAMS 0x0000000717000000| PB 0x0000000717000000| Complete |  0
| 185|0x0000000717200000, 0x0000000717400000, 0x0000000717400000|100%| S|CS|TAMS 0x0000000717200000| PB 0x0000000717200000| Complete |  0
| 186|0x0000000717400000, 0x0000000717600000, 0x0000000717600000|100%| S|CS|TAMS 0x0000000717400000| PB 0x0000000717400000| Complete |  0
| 187|0x0000000717600000, 0x0000000717800000, 0x0000000717800000|100%| S|CS|TAMS 0x0000000717600000| PB 0x0000000717600000| Complete |  0
| 188|0x0000000717800000, 0x0000000717a00000, 0x0000000717a00000|100%| S|CS|TAMS 0x0000000717800000| PB 0x0000000717800000| Complete |  0
| 189|0x0000000717a00000, 0x0000000717a00000, 0x0000000717c00000|  0%| F|  |TAMS 0x0000000717a00000| PB 0x0000000717a00000| Untracked |  0
| 190|0x0000000717c00000, 0x0000000717c00000, 0x0000000717e00000|  0%| F|  |TAMS 0x0000000717c00000| PB 0x0000000717c00000| Untracked |  0
| 191|0x0000000717e00000, 0x0000000717e00000, 0x0000000718000000|  0%| F|  |TAMS 0x0000000717e00000| PB 0x0000000717e00000| Untracked |  0
| 192|0x0000000718000000, 0x0000000718000000, 0x0000000718200000|  0%| F|  |TAMS 0x0000000718000000| PB 0x0000000718000000| Untracked |  0
| 193|0x0000000718200000, 0x0000000718200000, 0x0000000718400000|  0%| F|  |TAMS 0x0000000718200000| PB 0x0000000718200000| Untracked |  0
| 194|0x0000000718400000, 0x0000000718400000, 0x0000000718600000|  0%| F|  |TAMS 0x0000000718400000| PB 0x0000000718400000| Untracked |  0
| 195|0x0000000718600000, 0x0000000718600000, 0x0000000718800000|  0%| F|  |TAMS 0x0000000718600000| PB 0x0000000718600000| Untracked |  0
| 196|0x0000000718800000, 0x0000000718800000, 0x0000000718a00000|  0%| F|  |TAMS 0x0000000718800000| PB 0x0000000718800000| Untracked |  0
| 197|0x0000000718a00000, 0x0000000718a00000, 0x0000000718c00000|  0%| F|  |TAMS 0x0000000718a00000| PB 0x0000000718a00000| Untracked |  0
| 198|0x0000000718c00000, 0x0000000718c00000, 0x0000000718e00000|  0%| F|  |TAMS 0x0000000718c00000| PB 0x0000000718c00000| Untracked |  0
| 199|0x0000000718e00000, 0x0000000718e00000, 0x0000000719000000|  0%| F|  |TAMS 0x0000000718e00000| PB 0x0000000718e00000| Untracked |  0
| 200|0x0000000719000000, 0x0000000719000000, 0x0000000719200000|  0%| F|  |TAMS 0x0000000719000000| PB 0x0000000719000000| Untracked |  0
| 201|0x0000000719200000, 0x0000000719200000, 0x0000000719400000|  0%| F|  |TAMS 0x0000000719200000| PB 0x0000000719200000| Untracked |  0
| 202|0x0000000719400000, 0x0000000719400000, 0x0000000719600000|  0%| F|  |TAMS 0x0000000719400000| PB 0x0000000719400000| Untracked |  0
| 203|0x0000000719600000, 0x0000000719600000, 0x0000000719800000|  0%| F|  |TAMS 0x0000000719600000| PB 0x0000000719600000| Untracked |  0
| 204|0x0000000719800000, 0x0000000719800000, 0x0000000719a00000|  0%| F|  |TAMS 0x0000000719800000| PB 0x0000000719800000| Untracked |  0
| 205|0x0000000719a00000, 0x0000000719a00000, 0x0000000719c00000|  0%| F|  |TAMS 0x0000000719a00000| PB 0x0000000719a00000| Untracked |  0
| 206|0x0000000719c00000, 0x0000000719c00000, 0x0000000719e00000|  0%| F|  |TAMS 0x0000000719c00000| PB 0x0000000719c00000| Untracked |  0
| 207|0x0000000719e00000, 0x0000000719eeba10, 0x000000071a000000| 46%| E|  |TAMS 0x0000000719e00000| PB 0x0000000719e00000| Complete |  0
| 208|0x000000071a000000, 0x000000071a200000, 0x000000071a200000|100%| E|CS|TAMS 0x000000071a000000| PB 0x000000071a000000| Complete |  0
| 209|0x000000071a200000, 0x000000071a400000, 0x000000071a400000|100%| E|CS|TAMS 0x000000071a200000| PB 0x000000071a200000| Complete |  0
| 210|0x000000071a400000, 0x000000071a600000, 0x000000071a600000|100%| E|CS|TAMS 0x000000071a400000| PB 0x000000071a400000| Complete |  0
| 211|0x000000071a600000, 0x000000071a800000, 0x000000071a800000|100%| E|CS|TAMS 0x000000071a600000| PB 0x000000071a600000| Complete |  0
| 212|0x000000071a800000, 0x000000071aa00000, 0x000000071aa00000|100%| E|CS|TAMS 0x000000071a800000| PB 0x000000071a800000| Complete |  0
| 213|0x000000071aa00000, 0x000000071ac00000, 0x000000071ac00000|100%| E|CS|TAMS 0x000000071aa00000| PB 0x000000071aa00000| Complete |  0
| 214|0x000000071ac00000, 0x000000071ae00000, 0x000000071ae00000|100%| E|CS|TAMS 0x000000071ac00000| PB 0x000000071ac00000| Complete |  0
| 215|0x000000071ae00000, 0x000000071b000000, 0x000000071b000000|100%| E|CS|TAMS 0x000000071ae00000| PB 0x000000071ae00000| Complete |  0
| 216|0x000000071b000000, 0x000000071b200000, 0x000000071b200000|100%| E|CS|TAMS 0x000000071b000000| PB 0x000000071b000000| Complete |  0
| 217|0x000000071b200000, 0x000000071b400000, 0x000000071b400000|100%| E|CS|TAMS 0x000000071b200000| PB 0x000000071b200000| Complete |  0
| 218|0x000000071b400000, 0x000000071b600000, 0x000000071b600000|100%| E|CS|TAMS 0x000000071b400000| PB 0x000000071b400000| Complete |  0
| 219|0x000000071b600000, 0x000000071b800000, 0x000000071b800000|100%| E|CS|TAMS 0x000000071b600000| PB 0x000000071b600000| Complete |  0
| 220|0x000000071b800000, 0x000000071ba00000, 0x000000071ba00000|100%| E|CS|TAMS 0x000000071b800000| PB 0x000000071b800000| Complete |  0
| 221|0x000000071ba00000, 0x000000071bc00000, 0x000000071bc00000|100%| E|CS|TAMS 0x000000071ba00000| PB 0x000000071ba00000| Complete |  0
| 222|0x000000071bc00000, 0x000000071be00000, 0x000000071be00000|100%| E|CS|TAMS 0x000000071bc00000| PB 0x000000071bc00000| Complete |  0
| 223|0x000000071be00000, 0x000000071c000000, 0x000000071c000000|100%| E|CS|TAMS 0x000000071be00000| PB 0x000000071be00000| Complete |  0
| 224|0x000000071c000000, 0x000000071c200000, 0x000000071c200000|100%| E|CS|TAMS 0x000000071c000000| PB 0x000000071c000000| Complete |  0
| 225|0x000000071c200000, 0x000000071c400000, 0x000000071c400000|100%| E|CS|TAMS 0x000000071c200000| PB 0x000000071c200000| Complete |  0
| 226|0x000000071c400000, 0x000000071c600000, 0x000000071c600000|100%| E|CS|TAMS 0x000000071c400000| PB 0x000000071c400000| Complete |  0
| 227|0x000000071c600000, 0x000000071c800000, 0x000000071c800000|100%| E|CS|TAMS 0x000000071c600000| PB 0x000000071c600000| Complete |  0
| 228|0x000000071c800000, 0x000000071ca00000, 0x000000071ca00000|100%| E|CS|TAMS 0x000000071c800000| PB 0x000000071c800000| Complete |  0
| 229|0x000000071ca00000, 0x000000071cc00000, 0x000000071cc00000|100%| E|CS|TAMS 0x000000071ca00000| PB 0x000000071ca00000| Complete |  0
| 230|0x000000071cc00000, 0x000000071ce00000, 0x000000071ce00000|100%| E|CS|TAMS 0x000000071cc00000| PB 0x000000071cc00000| Complete |  0
| 231|0x000000071ce00000, 0x000000071d000000, 0x000000071d000000|100%| E|CS|TAMS 0x000000071ce00000| PB 0x000000071ce00000| Complete |  0
| 232|0x000000071d000000, 0x000000071d200000, 0x000000071d200000|100%| E|CS|TAMS 0x000000071d000000| PB 0x000000071d000000| Complete |  0
| 233|0x000000071d200000, 0x000000071d400000, 0x000000071d400000|100%| E|CS|TAMS 0x000000071d200000| PB 0x000000071d200000| Complete |  0
| 234|0x000000071d400000, 0x000000071d600000, 0x000000071d600000|100%| E|CS|TAMS 0x000000071d400000| PB 0x000000071d400000| Complete |  0
| 235|0x000000071d600000, 0x000000071d800000, 0x000000071d800000|100%| E|CS|TAMS 0x000000071d600000| PB 0x000000071d600000| Complete |  0
| 236|0x000000071d800000, 0x000000071da00000, 0x000000071da00000|100%| E|CS|TAMS 0x000000071d800000| PB 0x000000071d800000| Complete |  0
| 237|0x000000071da00000, 0x000000071dc00000, 0x000000071dc00000|100%| E|CS|TAMS 0x000000071da00000| PB 0x000000071da00000| Complete |  0
| 238|0x000000071dc00000, 0x000000071de00000, 0x000000071de00000|100%| E|CS|TAMS 0x000000071dc00000| PB 0x000000071dc00000| Complete |  0
| 239|0x000000071de00000, 0x000000071e000000, 0x000000071e000000|100%| E|CS|TAMS 0x000000071de00000| PB 0x000000071de00000| Complete |  0
| 240|0x000000071e000000, 0x000000071e200000, 0x000000071e200000|100%| E|CS|TAMS 0x000000071e000000| PB 0x000000071e000000| Complete |  0
| 241|0x000000071e200000, 0x000000071e400000, 0x000000071e400000|100%| E|CS|TAMS 0x000000071e200000| PB 0x000000071e200000| Complete |  0
| 242|0x000000071e400000, 0x000000071e600000, 0x000000071e600000|100%| E|CS|TAMS 0x000000071e400000| PB 0x000000071e400000| Complete |  0
| 243|0x000000071e600000, 0x000000071e800000, 0x000000071e800000|100%| E|CS|TAMS 0x000000071e600000| PB 0x000000071e600000| Complete |  0
| 244|0x000000071e800000, 0x000000071ea00000, 0x000000071ea00000|100%| E|CS|TAMS 0x000000071e800000| PB 0x000000071e800000| Complete |  0
| 245|0x000000071ea00000, 0x000000071ec00000, 0x000000071ec00000|100%| E|CS|TAMS 0x000000071ea00000| PB 0x000000071ea00000| Complete |  0
| 246|0x000000071ec00000, 0x000000071ee00000, 0x000000071ee00000|100%| E|CS|TAMS 0x000000071ec00000| PB 0x000000071ec00000| Complete |  0
| 247|0x000000071ee00000, 0x000000071f000000, 0x000000071f000000|100%| E|CS|TAMS 0x000000071ee00000| PB 0x000000071ee00000| Complete |  0
| 248|0x000000071f000000, 0x000000071f200000, 0x000000071f200000|100%| E|CS|TAMS 0x000000071f000000| PB 0x000000071f000000| Complete |  0
| 249|0x000000071f200000, 0x000000071f400000, 0x000000071f400000|100%| E|CS|TAMS 0x000000071f200000| PB 0x000000071f200000| Complete |  0
| 250|0x000000071f400000, 0x000000071f600000, 0x000000071f600000|100%| E|CS|TAMS 0x000000071f400000| PB 0x000000071f400000| Complete |  0
| 251|0x000000071f600000, 0x000000071f800000, 0x000000071f800000|100%| E|CS|TAMS 0x000000071f600000| PB 0x000000071f600000| Complete |  0
| 252|0x000000071f800000, 0x000000071fa00000, 0x000000071fa00000|100%| E|CS|TAMS 0x000000071f800000| PB 0x000000071f800000| Complete |  0
| 253|0x000000071fa00000, 0x000000071fc00000, 0x000000071fc00000|100%| E|CS|TAMS 0x000000071fa00000| PB 0x000000071fa00000| Complete |  0
| 254|0x000000071fc00000, 0x000000071fe00000, 0x000000071fe00000|100%| E|CS|TAMS 0x000000071fc00000| PB 0x000000071fc00000| Complete |  0
| 255|0x000000071fe00000, 0x0000000720000000, 0x0000000720000000|100%| E|CS|TAMS 0x000000071fe00000| PB 0x000000071fe00000| Complete |  0
| 256|0x0000000720000000, 0x0000000720200000, 0x0000000720200000|100%| E|CS|TAMS 0x0000000720000000| PB 0x0000000720000000| Complete |  0
| 257|0x0000000720200000, 0x0000000720400000, 0x0000000720400000|100%| E|CS|TAMS 0x0000000720200000| PB 0x0000000720200000| Complete |  0
| 258|0x0000000720400000, 0x0000000720600000, 0x0000000720600000|100%| E|CS|TAMS 0x0000000720400000| PB 0x0000000720400000| Complete |  0
| 259|0x0000000720600000, 0x0000000720800000, 0x0000000720800000|100%| E|CS|TAMS 0x0000000720600000| PB 0x0000000720600000| Complete |  0
| 260|0x0000000720800000, 0x0000000720a00000, 0x0000000720a00000|100%| E|CS|TAMS 0x0000000720800000| PB 0x0000000720800000| Complete |  0
| 261|0x0000000720a00000, 0x0000000720c00000, 0x0000000720c00000|100%| E|CS|TAMS 0x0000000720a00000| PB 0x0000000720a00000| Complete |  0
| 262|0x0000000720c00000, 0x0000000720e00000, 0x0000000720e00000|100%| E|CS|TAMS 0x0000000720c00000| PB 0x0000000720c00000| Complete |  0
| 263|0x0000000720e00000, 0x0000000721000000, 0x0000000721000000|100%| E|CS|TAMS 0x0000000720e00000| PB 0x0000000720e00000| Complete |  0
| 264|0x0000000721000000, 0x0000000721200000, 0x0000000721200000|100%| E|CS|TAMS 0x0000000721000000| PB 0x0000000721000000| Complete |  0
| 265|0x0000000721200000, 0x0000000721400000, 0x0000000721400000|100%| E|CS|TAMS 0x0000000721200000| PB 0x0000000721200000| Complete |  0
| 266|0x0000000721400000, 0x0000000721600000, 0x0000000721600000|100%| E|CS|TAMS 0x0000000721400000| PB 0x0000000721400000| Complete |  0
| 267|0x0000000721600000, 0x0000000721800000, 0x0000000721800000|100%| E|CS|TAMS 0x0000000721600000| PB 0x0000000721600000| Complete |  0
| 268|0x0000000721800000, 0x0000000721a00000, 0x0000000721a00000|100%| E|CS|TAMS 0x0000000721800000| PB 0x0000000721800000| Complete |  0
| 269|0x0000000721a00000, 0x0000000721c00000, 0x0000000721c00000|100%| E|CS|TAMS 0x0000000721a00000| PB 0x0000000721a00000| Complete |  0
| 270|0x0000000721c00000, 0x0000000721e00000, 0x0000000721e00000|100%| E|CS|TAMS 0x0000000721c00000| PB 0x0000000721c00000| Complete |  0
| 271|0x0000000721e00000, 0x0000000722000000, 0x0000000722000000|100%| E|CS|TAMS 0x0000000721e00000| PB 0x0000000721e00000| Complete |  0
| 272|0x0000000722000000, 0x0000000722200000, 0x0000000722200000|100%| E|CS|TAMS 0x0000000722000000| PB 0x0000000722000000| Complete |  0
| 273|0x0000000722200000, 0x0000000722400000, 0x0000000722400000|100%| E|CS|TAMS 0x0000000722200000| PB 0x0000000722200000| Complete |  0
|2043|0x00000007ff600000, 0x00000007ff800000, 0x00000007ff800000|100%| O|Cm|TAMS 0x00000007ff600000| PB 0x00000007ff600000| Complete |  0
|2044|0x00000007ff800000, 0x00000007ffa00000, 0x00000007ffa00000|100%| O|Cm|TAMS 0x00000007ff800000| PB 0x00000007ff800000| Complete |  0
|2045|0x00000007ffa00000, 0x00000007ffc00000, 0x00000007ffc00000|100%| O|Cm|TAMS 0x00000007ffa00000| PB 0x00000007ffa00000| Complete |  0
|2046|0x00000007ffc00000, 0x00000007ffe00000, 0x00000007ffe00000|100%| E|CS|TAMS 0x00000007ffc00000| PB 0x00000007ffc00000| Complete |  0
|2047|0x00000007ffe00000, 0x0000000800000000, 0x0000000800000000|100%| E|CS|TAMS 0x00000007ffe00000| PB 0x00000007ffe00000| Complete |  0

Card table byte_map: [0x000001dfcb0a0000,0x000001dfcb8a0000] _byte_map_base: 0x000001dfc78a0000

Marking Bits: (CMBitMap*) 0x000001dfb2b58270
 Bits: [0x000001dfcb8a0000, 0x000001dfcf8a0000)

Polling page: 0x000001dfb0a80000

Metaspace:

Usage:
  Non-class:    120.78 MB used.
      Class:     19.42 MB used.
       Both:    140.20 MB used.

Virtual space:
  Non-class space:      128.00 MB reserved,     122.50 MB ( 96%) committed,  2 nodes.
      Class space:        1.00 GB reserved,      20.88 MB (  2%) committed,  1 nodes.
             Both:        1.12 GB reserved,     143.38 MB ( 12%) committed. 

Chunk freelists:
   Non-Class:  5.36 MB
       Class:  11.16 MB
        Both:  16.52 MB

MaxMetaspaceSize: unlimited
CompressedClassSpaceSize: 1.00 GB
Initial GC threshold: 21.00 MB
Current GC threshold: 238.75 MB
CDS: on
 - commit_granule_bytes: 65536.
 - commit_granule_words: 8192.
 - virtual_space_node_default_size: 8388608.
 - enlarge_chunks_in_place: 1.
 - use_allocation_guard: 0.


Internal statistics:

num_allocs_failed_limit: 28.
num_arena_births: 5038.
num_arena_deaths: 0.
num_vsnodes_births: 3.
num_vsnodes_deaths: 0.
num_space_committed: 2293.
num_space_uncommitted: 0.
num_chunks_returned_to_freelist: 28.
num_chunks_taken_from_freelist: 11486.
num_chunk_merges: 25.
num_chunk_splits: 7597.
num_chunks_enlarged: 4924.
num_inconsistent_stats: 0.

CodeHeap 'non-profiled nmethods': size=120064Kb used=13399Kb max_used=13655Kb free=106665Kb
 bounds [0x000001dfc2cf0000, 0x000001dfc3a50000, 0x000001dfca230000]
CodeHeap 'profiled nmethods': size=120000Kb used=29387Kb max_used=29850Kb free=90612Kb
 bounds [0x000001dfbb230000, 0x000001dfbcf70000, 0x000001dfc2760000]
CodeHeap 'non-nmethods': size=5696Kb used=3071Kb max_used=3179Kb free=2624Kb
 bounds [0x000001dfc2760000, 0x000001dfc2a90000, 0x000001dfc2cf0000]
CodeCache: size=245760Kb, used=45857Kb, max_used=46684Kb, free=199901Kb
 total_blobs=21482, nmethods=20332, adapters=1054, full_count=0
Compilation: enabled, stopped_count=0, restarted_count=0

Compilation events (20 events):
Event: 247.685 Thread 0x000001dfd1d4b7d0 nmethod 24867 0x000001dfc3020508 code [0x000001dfc3020620, 0x000001dfc30206f0]
Event: 247.685 Thread 0x000001dfd1d4b7d0 24868       1       com.google.wireless.android.sdk.stats.GradleBuildVariant::getMinifyEnabled (5 bytes)
Event: 247.685 Thread 0x000001dfd1d4b7d0 nmethod 24868 0x000001dfc3020208 code [0x000001dfc3020320, 0x000001dfc30203f0]
Event: 247.685 Thread 0x000001dfd1d4b7d0 24859       3       com.google.wireless.android.sdk.stats.GradleBuildVariant$Builder::build (19 bytes)
Event: 247.685 Thread 0x000001dfd1d4b7d0 nmethod 24859 0x000001dfbb6f9d08 code [0x000001dfbb6f9e60, 0x000001dfbb6fa208]
Event: 247.685 Thread 0x000001dfd1d4b7d0 24869       1       com.google.wireless.android.sdk.stats.GradleBuildVariant::getHasUnitTest (5 bytes)
Event: 247.686 Thread 0x000001dfd1d4b7d0 nmethod 24869 0x000001dfc301fe08 code [0x000001dfc301ff20, 0x000001dfc301fff0]
Event: 247.686 Thread 0x000001dfd1d4b7d0 24870       1       com.google.wireless.android.sdk.stats.GradleBuildVariant::getHasAndroidTest (5 bytes)
Event: 247.686 Thread 0x000001dfd1d4b7d0 nmethod 24870 0x000001dfc3337b88 code [0x000001dfc3337ca0, 0x000001dfc3337d70]
Event: 247.686 Thread 0x000001dfd1d4b7d0 24871       1       com.google.wireless.android.sdk.stats.GradleBuildVariant::getHasTestFixtures (5 bytes)
Event: 247.686 Thread 0x000001dfd1d4b7d0 nmethod 24871 0x000001dfc3337888 code [0x000001dfc33379a0, 0x000001dfc3337a70]
Event: 247.686 Thread 0x000001dfd1d4b7d0 24858       3       org.gradle.internal.classloader.VisitableURLClassLoader::visit (38 bytes)
Event: 247.688 Thread 0x000001dfd1d4b7d0 nmethod 24858 0x000001dfbc0b0708 code [0x000001dfbc0b0920, 0x000001dfbc0b19c0]
Event: 247.688 Thread 0x000001dfd1d4b7d0 24873       3       com.google.protobuf.CodedInputStream$ArrayDecoder::readInt64 (5 bytes)
Event: 247.688 Thread 0x000001dfd1d4b7d0 nmethod 24873 0x000001dfbb81c108 code [0x000001dfbb81c220, 0x000001dfbb81c358]
Event: 247.688 Thread 0x000001dfd1d4b7d0 24875       3       com.google.wireless.android.sdk.stats.GradleBuildVariant$Builder::<init> (92 bytes)
Event: 247.689 Thread 0x000001dfd1d4b7d0 nmethod 24875 0x000001dfbbd6b208 code [0x000001dfbbd6b3e0, 0x000001dfbbd6be48]
Event: 247.689 Thread 0x000001dfd1d4b7d0 24876       3       java.util.logging.Logger::log (33 bytes)
Event: 247.690 Thread 0x000001dfd1d4b7d0 nmethod 24876 0x000001dfbbcfc888 code [0x000001dfbbcfc9e0, 0x000001dfbbcfce30]
Event: 247.690 Thread 0x000001dfd1d4b7d0 24877   !   3       com.google.common.cache.LocalCache$Segment::lockedGetOrLoad (447 bytes)

GC Heap History (20 events):
Event: 99.335 GC heap before
{Heap before GC invocations=83 (full 0):
 garbage-first heap   total reserved 4194304K, committed 460800K, used 416369K [0x0000000700000000, 0x0000000800000000)
  region size 2048K, 75 young (153600K), 7 survivors (14336K)
 Metaspace       used 140878K, committed 144000K, reserved 1179648K
  class space    used 19722K, committed 21120K, reserved 1048576K
}
Event: 99.353 GC heap after
{Heap after GC invocations=84 (full 0):
 garbage-first heap   total reserved 4194304K, committed 460800K, used 296028K [0x0000000700000000, 0x0000000800000000)
  region size 2048K, 8 young (16384K), 8 survivors (16384K)
 Metaspace       used 140878K, committed 144000K, reserved 1179648K
  class space    used 19722K, committed 21120K, reserved 1048576K
}
Event: 101.079 GC heap before
{Heap before GC invocations=85 (full 0):
 garbage-first heap   total reserved 4194304K, committed 495616K, used 416860K [0x0000000700000000, 0x0000000800000000)
  region size 2048K, 67 young (137216K), 8 survivors (16384K)
 Metaspace       used 141778K, committed 144960K, reserved 1179648K
  class space    used 19796K, committed 21248K, reserved 1048576K
}
Event: 101.103 GC heap after
{Heap after GC invocations=86 (full 0):
 garbage-first heap   total reserved 4194304K, committed 495616K, used 310517K [0x0000000700000000, 0x0000000800000000)
  region size 2048K, 7 young (14336K), 7 survivors (14336K)
 Metaspace       used 141778K, committed 144960K, reserved 1179648K
  class space    used 19796K, committed 21248K, reserved 1048576K
}
Event: 102.993 GC heap before
{Heap before GC invocations=86 (full 0):
 garbage-first heap   total reserved 4194304K, committed 495616K, used 449781K [0x0000000700000000, 0x0000000800000000)
  region size 2048K, 76 young (155648K), 7 survivors (14336K)
 Metaspace       used 141974K, committed 145152K, reserved 1179648K
  class space    used 19805K, committed 21248K, reserved 1048576K
}
Event: 103.016 GC heap after
{Heap after GC invocations=87 (full 0):
 garbage-first heap   total reserved 4194304K, committed 495616K, used 320631K [0x0000000700000000, 0x0000000800000000)
  region size 2048K, 8 young (16384K), 8 survivors (16384K)
 Metaspace       used 141974K, committed 145152K, reserved 1179648K
  class space    used 19805K, committed 21248K, reserved 1048576K
}
Event: 105.080 GC heap before
{Heap before GC invocations=87 (full 0):
 garbage-first heap   total reserved 4194304K, committed 495616K, used 449655K [0x0000000700000000, 0x0000000800000000)
  region size 2048K, 72 young (147456K), 8 survivors (16384K)
 Metaspace       used 142152K, committed 145344K, reserved 1179648K
  class space    used 19812K, committed 21248K, reserved 1048576K
}
Event: 105.101 GC heap after
{Heap after GC invocations=88 (full 0):
 garbage-first heap   total reserved 4194304K, committed 495616K, used 335872K [0x0000000700000000, 0x0000000800000000)
  region size 2048K, 7 young (14336K), 7 survivors (14336K)
 Metaspace       used 142152K, committed 145344K, reserved 1179648K
  class space    used 19812K, committed 21248K, reserved 1048576K
}
Event: 106.056 GC heap before
{Heap before GC invocations=89 (full 0):
 garbage-first heap   total reserved 4194304K, committed 557056K, used 448512K [0x0000000700000000, 0x0000000800000000)
  region size 2048K, 63 young (129024K), 7 survivors (14336K)
 Metaspace       used 142268K, committed 145408K, reserved 1179648K
  class space    used 19821K, committed 21248K, reserved 1048576K
}
Event: 106.076 GC heap after
{Heap after GC invocations=90 (full 0):
 garbage-first heap   total reserved 4194304K, committed 557056K, used 346566K [0x0000000700000000, 0x0000000800000000)
  region size 2048K, 6 young (12288K), 6 survivors (12288K)
 Metaspace       used 142268K, committed 145408K, reserved 1179648K
  class space    used 19821K, committed 21248K, reserved 1048576K
}
Event: 107.337 GC heap before
{Heap before GC invocations=90 (full 0):
 garbage-first heap   total reserved 4194304K, committed 557056K, used 504262K [0x0000000700000000, 0x0000000800000000)
  region size 2048K, 83 young (169984K), 6 survivors (12288K)
 Metaspace       used 142419K, committed 145536K, reserved 1179648K
  class space    used 19823K, committed 21248K, reserved 1048576K
}
Event: 107.366 GC heap after
{Heap after GC invocations=91 (full 0):
 garbage-first heap   total reserved 4194304K, committed 557056K, used 315392K [0x0000000700000000, 0x0000000800000000)
  region size 2048K, 11 young (22528K), 11 survivors (22528K)
 Metaspace       used 142419K, committed 145536K, reserved 1179648K
  class space    used 19823K, committed 21248K, reserved 1048576K
}
Event: 224.621 GC heap before
{Heap before GC invocations=91 (full 0):
 garbage-first heap   total reserved 4194304K, committed 557056K, used 497664K [0x0000000700000000, 0x0000000800000000)
  region size 2048K, 100 young (204800K), 11 survivors (22528K)
 Metaspace       used 142803K, committed 145984K, reserved 1179648K
  class space    used 19845K, committed 21312K, reserved 1048576K
}
Event: 224.665 GC heap after
{Heap after GC invocations=92 (full 0):
 garbage-first heap   total reserved 4194304K, committed 563200K, used 299657K [0x0000000700000000, 0x0000000800000000)
  region size 2048K, 7 young (14336K), 7 survivors (14336K)
 Metaspace       used 142803K, committed 145984K, reserved 1179648K
  class space    used 19845K, committed 21312K, reserved 1048576K
}
Event: 243.360 GC heap before
{Heap before GC invocations=92 (full 0):
 garbage-first heap   total reserved 4194304K, committed 563200K, used 483977K [0x0000000700000000, 0x0000000800000000)
  region size 2048K, 98 young (200704K), 7 survivors (14336K)
 Metaspace       used 143100K, committed 146304K, reserved 1179648K
  class space    used 19854K, committed 21312K, reserved 1048576K
}
Event: 243.403 GC heap after
{Heap after GC invocations=93 (full 0):
 garbage-first heap   total reserved 4194304K, committed 563200K, used 313344K [0x0000000700000000, 0x0000000800000000)
  region size 2048K, 13 young (26624K), 13 survivors (26624K)
 Metaspace       used 143100K, committed 146304K, reserved 1179648K
  class space    used 19854K, committed 21312K, reserved 1048576K
}
Event: 244.995 GC heap before
{Heap before GC invocations=93 (full 0):
 garbage-first heap   total reserved 4194304K, committed 563200K, used 493568K [0x0000000700000000, 0x0000000800000000)
  region size 2048K, 102 young (208896K), 13 survivors (26624K)
 Metaspace       used 143348K, committed 146624K, reserved 1179648K
  class space    used 19882K, committed 21376K, reserved 1048576K
}
Event: 245.029 GC heap after
{Heap after GC invocations=94 (full 0):
 garbage-first heap   total reserved 4194304K, committed 563200K, used 335058K [0x0000000700000000, 0x0000000800000000)
  region size 2048K, 10 young (20480K), 10 survivors (20480K)
 Metaspace       used 143348K, committed 146624K, reserved 1179648K
  class space    used 19882K, committed 21376K, reserved 1048576K
}
Event: 246.628 GC heap before
{Heap before GC invocations=94 (full 0):
 garbage-first heap   total reserved 4194304K, committed 563200K, used 502994K [0x0000000700000000, 0x0000000800000000)
  region size 2048K, 93 young (190464K), 10 survivors (20480K)
 Metaspace       used 143451K, committed 146688K, reserved 1179648K
  class space    used 19883K, committed 21376K, reserved 1048576K
}
Event: 246.652 GC heap after
{Heap after GC invocations=95 (full 0):
 garbage-first heap   total reserved 4194304K, committed 563200K, used 351345K [0x0000000700000000, 0x0000000800000000)
  region size 2048K, 8 young (16384K), 8 survivors (16384K)
 Metaspace       used 143451K, committed 146688K, reserved 1179648K
  class space    used 19883K, committed 21376K, reserved 1048576K
}

Dll operation events (16 events):
Event: 0.019 Loaded shared library C:\Program Files\Java\jdk-23\bin\java.dll
Event: 0.069 Loaded shared library C:\Program Files\Java\jdk-23\bin\jsvml.dll
Event: 0.144 Loaded shared library C:\Program Files\Java\jdk-23\bin\zip.dll
Event: 0.149 Loaded shared library C:\Program Files\Java\jdk-23\bin\instrument.dll
Event: 0.156 Loaded shared library C:\Program Files\Java\jdk-23\bin\net.dll
Event: 0.159 Loaded shared library C:\Program Files\Java\jdk-23\bin\nio.dll
Event: 0.163 Loaded shared library C:\Program Files\Java\jdk-23\bin\zip.dll
Event: 0.562 Loaded shared library C:\Program Files\Java\jdk-23\bin\jimage.dll
Event: 0.769 Loaded shared library C:\Program Files\Java\jdk-23\bin\verify.dll
Event: 0.989 Loaded shared library C:\Users\karmp\.gradle\native\1def1411415f61bf3af743bc5b6707747c0891f09f0c88961ee8f79bc544acac\windows-amd64\native-platform.dll
Event: 1.015 Loaded shared library C:\Users\karmp\.gradle\native\0.2.7\x86_64-windows-gnu\gradle-fileevents.dll
Event: 3.019 Loaded shared library C:\Program Files\Java\jdk-23\bin\management.dll
Event: 3.028 Loaded shared library C:\Program Files\Java\jdk-23\bin\management_ext.dll
Event: 3.295 Loaded shared library C:\Program Files\Java\jdk-23\bin\extnet.dll
Event: 3.721 Loaded shared library C:\Program Files\Java\jdk-23\bin\sunmscapi.dll
Event: 28.504 Loaded shared library C:\Program Files\Java\jdk-23\bin\rmi.dll

Deoptimization events (20 events):
Event: 241.998 Thread 0x000001e0262315c0 Uncommon trap: trap_request=0xffffff45 fr.pc=0x000001dfc358d088 relative=0x0000000000000108
Event: 241.998 Thread 0x000001e0262315c0 Uncommon trap: reason=unstable_if action=reinterpret pc=0x000001dfc358d088 method=java.util.concurrent.ConcurrentHashMap.sumCount()J @ 41 c2
Event: 241.998 Thread 0x000001e0262315c0 DEOPT PACKING pc=0x000001dfc358d088 sp=0x000000109e4fe310
Event: 241.998 Thread 0x000001e0262315c0 DEOPT UNPACKING pc=0x000001dfc27b4402 sp=0x000000109e4fe280 mode 2
Event: 242.194 Thread 0x000001e01c1af170 Uncommon trap: trap_request=0xffffff45 fr.pc=0x000001dfc32d49b0 relative=0x0000000000000090
Event: 242.194 Thread 0x000001e01c1af170 Uncommon trap: reason=unstable_if action=reinterpret pc=0x000001dfc32d49b0 method=java.util.concurrent.ConcurrentHashMap$KeySetView.remove(Ljava/lang/Object;)Z @ 8 c2
Event: 242.194 Thread 0x000001e01c1af170 DEOPT PACKING pc=0x000001dfc32d49b0 sp=0x00000010971f4310
Event: 242.194 Thread 0x000001e01c1af170 DEOPT UNPACKING pc=0x000001dfc27b4402 sp=0x00000010971f42a0 mode 2
Event: 242.474 Thread 0x000001e01c1af170 DEOPT PACKING pc=0x000001dfbc3e11e5 sp=0x00000010971f5530
Event: 242.474 Thread 0x000001e01c1af170 DEOPT UNPACKING pc=0x000001dfc27b4b22 sp=0x00000010971f4a48 mode 0
Event: 242.507 Thread 0x000001e01c1af170 DEOPT PACKING pc=0x000001dfbc3e11bb sp=0x00000010971f5530
Event: 242.507 Thread 0x000001e01c1af170 DEOPT UNPACKING pc=0x000001dfc27b4b22 sp=0x00000010971f4a40 mode 0
Event: 242.819 Thread 0x000001e01e814b40 Uncommon trap: trap_request=0xffffff45 fr.pc=0x000001dfc3795a38 relative=0x0000000000001318
Event: 242.819 Thread 0x000001e01e814b40 Uncommon trap: reason=unstable_if action=reinterpret pc=0x000001dfc3795a38 method=java.util.concurrent.locks.AbstractQueuedSynchronizer.acquire(Ljava/util/concurrent/locks/AbstractQueuedSynchronizer$Node;IZZZJ)I @ 83 c2
Event: 242.819 Thread 0x000001e01e814b40 DEOPT PACKING pc=0x000001dfc3795a38 sp=0x00000010a03fe580
Event: 242.819 Thread 0x000001e01e814b40 DEOPT UNPACKING pc=0x000001dfc27b4402 sp=0x00000010a03fe528 mode 2
Event: 244.613 Thread 0x000001e01c1af170 DEOPT PACKING pc=0x000001dfbbc94d74 sp=0x00000010971f8c90
Event: 244.613 Thread 0x000001e01c1af170 DEOPT UNPACKING pc=0x000001dfc27b4b22 sp=0x00000010971f8198 mode 0
Event: 245.289 Thread 0x000001e01c1af170 DEOPT PACKING pc=0x000001dfbbe2694b sp=0x00000010971f8690
Event: 245.289 Thread 0x000001e01c1af170 DEOPT UNPACKING pc=0x000001dfc27b4b22 sp=0x00000010971f7b50 mode 0

Classes loaded (20 events):
Event: 108.977 Loading class java/rmi/server/Unreferenced
Event: 108.978 Loading class java/rmi/server/Unreferenced done
Event: 123.980 Loading class java/lang/StackStreamFactory
Event: 123.981 Loading class java/lang/StackStreamFactory done
Event: 123.982 Loading class java/lang/StackWalker$ExtendedOption
Event: 123.982 Loading class java/lang/StackWalker$ExtendedOption done
Event: 123.982 Loading class java/lang/StackStreamFactory$StackFrameTraverser
Event: 123.982 Loading class java/lang/StackStreamFactory$StackFrameTraverser done
Event: 123.982 Loading class java/lang/StackStreamFactory$WalkerState
Event: 123.982 Loading class java/lang/StackStreamFactory$WalkerState done
Event: 123.983 Loading class java/lang/StackStreamFactory$StackFrameBuffer
Event: 123.983 Loading class java/lang/StackStreamFactory$FrameBuffer
Event: 123.983 Loading class java/lang/StackStreamFactory$FrameBuffer done
Event: 123.983 Loading class java/lang/StackStreamFactory$StackFrameBuffer done
Event: 123.984 Loading class java/util/stream/SliceOps
Event: 123.985 Loading class java/util/stream/SliceOps done
Event: 123.985 Loading class java/util/stream/SliceOps$1
Event: 123.985 Loading class java/util/stream/SliceOps$1 done
Event: 123.989 Loading class java/util/stream/SliceOps$1$1
Event: 123.989 Loading class java/util/stream/SliceOps$1$1 done

Classes unloaded (0 events):
No events

Classes redefined (0 events):
No events

Internal exceptions (20 events):
Event: 109.119 Thread 0x000001e01c82a1c0 Exception <a 'sun/nio/fs/WindowsException'{0x000000071c90fae8}> (0x000000071c90fae8) 
thrown [s\open\src\hotspot\share\prims\jni.cpp, line 520]
Event: 109.413 Thread 0x000001e02622c700 Exception <a 'sun/nio/fs/WindowsException'{0x000000071b3f62a0}> (0x000000071b3f62a0) 
thrown [s\open\src\hotspot\share\prims\jni.cpp, line 520]
Event: 123.983 Thread 0x000001e01e47a7b0 Implicit null exception at 0x000001dfc36dd4a1 to 0x000001dfc36dd5d4
Event: 223.578 Thread 0x000001e01c1af170 Exception <a 'sun/nio/fs/WindowsException'{0x000000071a5f7380}> (0x000000071a5f7380) 
thrown [s\open\src\hotspot\share\prims\jni.cpp, line 520]
Event: 223.579 Thread 0x000001e01c1af170 Exception <a 'sun/nio/fs/WindowsException'{0x000000071a200588}> (0x000000071a200588) 
thrown [s\open\src\hotspot\share\prims\jni.cpp, line 520]
Event: 223.580 Thread 0x000001e01c1af170 Exception <a 'sun/nio/fs/WindowsException'{0x000000071a201c18}> (0x000000071a201c18) 
thrown [s\open\src\hotspot\share\prims\jni.cpp, line 520]
Event: 223.580 Thread 0x000001e01c1af170 Exception <a 'sun/nio/fs/WindowsException'{0x000000071a202f68}> (0x000000071a202f68) 
thrown [s\open\src\hotspot\share\prims\jni.cpp, line 520]
Event: 223.709 Thread 0x000001e01c1af170 Exception <a 'sun/nio/fs/WindowsException'{0x000000071a336d98}> (0x000000071a336d98) 
thrown [s\open\src\hotspot\share\prims\jni.cpp, line 520]
Event: 223.709 Thread 0x000001e01c1af170 Exception <a 'sun/nio/fs/WindowsException'{0x000000071a338998}> (0x000000071a338998) 
thrown [s\open\src\hotspot\share\prims\jni.cpp, line 520]
Event: 223.710 Thread 0x000001e01c1af170 Exception <a 'sun/nio/fs/WindowsException'{0x000000071a33a7d8}> (0x000000071a33a7d8) 
thrown [s\open\src\hotspot\share\prims\jni.cpp, line 520]
Event: 223.710 Thread 0x000001e01c1af170 Exception <a 'sun/nio/fs/WindowsException'{0x000000071a33c088}> (0x000000071a33c088) 
thrown [s\open\src\hotspot\share\prims\jni.cpp, line 520]
Event: 224.295 Thread 0x000001e01c1af170 Implicit null exception at 0x000001dfc30e9a24 to 0x000001dfc30ec4d8
Event: 241.579 Thread 0x000001e01e968960 Exception <a 'sun/nio/fs/WindowsException'{0x0000000720f2f630}> (0x0000000720f2f630) 
thrown [s\open\src\hotspot\share\prims\jni.cpp, line 520]
Event: 241.579 Thread 0x000001e01e968960 Exception <a 'sun/nio/fs/WindowsException'{0x0000000720f31bf0}> (0x0000000720f31bf0) 
thrown [s\open\src\hotspot\share\prims\jni.cpp, line 520]
Event: 241.580 Thread 0x000001e01e968960 Exception <a 'sun/nio/fs/WindowsException'{0x0000000720f49648}> (0x0000000720f49648) 
thrown [s\open\src\hotspot\share\prims\jni.cpp, line 520]
Event: 241.580 Thread 0x000001e01e968960 Exception <a 'sun/nio/fs/WindowsException'{0x0000000720f4b650}> (0x0000000720f4b650) 
thrown [s\open\src\hotspot\share\prims\jni.cpp, line 520]
Event: 241.585 Thread 0x000001e01e968960 Exception <a 'sun/nio/fs/WindowsException'{0x0000000720f62980}> (0x0000000720f62980) 
thrown [s\open\src\hotspot\share\prims\jni.cpp, line 520]
Event: 241.585 Thread 0x000001e01e968960 Exception <a 'sun/nio/fs/WindowsException'{0x0000000720f64cb8}> (0x0000000720f64cb8) 
thrown [s\open\src\hotspot\share\prims\jni.cpp, line 520]
Event: 241.586 Thread 0x000001e01e968960 Exception <a 'sun/nio/fs/WindowsException'{0x0000000720f66be8}> (0x0000000720f66be8) 
thrown [s\open\src\hotspot\share\prims\jni.cpp, line 520]
Event: 241.998 Thread 0x000001e0262315c0 Implicit null exception at 0x000001dfc358d00b to 0x000001dfc358d06c

VM Operations (20 events):
Event: 180.638 Executing VM operation: HandshakeAllThreads (HandshakeForDeflation)
Event: 180.638 Executing VM operation: HandshakeAllThreads (HandshakeForDeflation) done
Event: 180.642 Executing VM operation: RendezvousGCThreads
Event: 180.642 Executing VM operation: RendezvousGCThreads done
Event: 224.621 Executing VM operation: G1CollectForAllocation (G1 Evacuation Pause)
Event: 224.665 Executing VM operation: G1CollectForAllocation (G1 Evacuation Pause) done
Event: 240.747 Executing VM operation: HandshakeAllThreads (HandshakeForDeflation)
Event: 240.748 Executing VM operation: HandshakeAllThreads (HandshakeForDeflation) done
Event: 240.748 Executing VM operation: RendezvousGCThreads
Event: 240.748 Executing VM operation: RendezvousGCThreads done
Event: 243.360 Executing VM operation: G1CollectForAllocation (G1 Evacuation Pause)
Event: 243.403 Executing VM operation: G1CollectForAllocation (G1 Evacuation Pause) done
Event: 244.988 Executing VM operation: G1CollectForAllocation (G1 Evacuation Pause)
Event: 245.029 Executing VM operation: G1CollectForAllocation (G1 Evacuation Pause) done
Event: 246.628 Executing VM operation: G1CollectForAllocation (G1 Evacuation Pause)
Event: 246.652 Executing VM operation: G1CollectForAllocation (G1 Evacuation Pause) done
Event: 246.888 Executing VM operation: G1PauseRemark
Event: 246.901 Executing VM operation: G1PauseRemark done
Event: 246.991 Executing VM operation: G1PauseCleanup
Event: 246.991 Executing VM operation: G1PauseCleanup done

Memory protections (0 events):
No events

Nmethod flushes (20 events):
Event: 246.898 Thread 0x000001dfd1d1ba40 flushing  nmethod 0x000001dfbb88ff08
Event: 246.898 Thread 0x000001dfd1d1ba40 flushing  nmethod 0x000001dfbbbfb908
Event: 246.898 Thread 0x000001dfd1d1ba40 flushing  nmethod 0x000001dfbbcf1408
Event: 246.898 Thread 0x000001dfd1d1ba40 flushing  nmethod 0x000001dfbbcf3e08
Event: 246.898 Thread 0x000001dfd1d1ba40 flushing  nmethod 0x000001dfbbd55f08
Event: 246.898 Thread 0x000001dfd1d1ba40 flushing  nmethod 0x000001dfbbe21a08
Event: 246.898 Thread 0x000001dfd1d1ba40 flushing  nmethod 0x000001dfbbe58a08
Event: 246.898 Thread 0x000001dfd1d1ba40 flushing  nmethod 0x000001dfbbe59588
Event: 246.898 Thread 0x000001dfd1d1ba40 flushing  nmethod 0x000001dfbbe5bb88
Event: 246.898 Thread 0x000001dfd1d1ba40 flushing  nmethod 0x000001dfbbeeaf88
Event: 246.898 Thread 0x000001dfd1d1ba40 flushing  nmethod 0x000001dfbc088b08
Event: 246.898 Thread 0x000001dfd1d1ba40 flushing  nmethod 0x000001dfbc0de188
Event: 246.898 Thread 0x000001dfd1d1ba40 flushing  nmethod 0x000001dfbc0e1388
Event: 246.898 Thread 0x000001dfd1d1ba40 flushing  nmethod 0x000001dfbc0e2d88
Event: 246.898 Thread 0x000001dfd1d1ba40 flushing  nmethod 0x000001dfbc113108
Event: 246.898 Thread 0x000001dfd1d1ba40 flushing  nmethod 0x000001dfbc15d508
Event: 246.898 Thread 0x000001dfd1d1ba40 flushing  nmethod 0x000001dfbc161c08
Event: 246.898 Thread 0x000001dfd1d1ba40 flushing  nmethod 0x000001dfbc388188
Event: 246.898 Thread 0x000001dfd1d1ba40 flushing  nmethod 0x000001dfbc521608
Event: 246.898 Thread 0x000001dfd1d1ba40 flushing  nmethod 0x000001dfbcadb908

Events (20 events):
Event: 243.317 Thread 0x000001e01c1af170 Thread added: 0x000001e01e9e53f0
Event: 243.318 Thread 0x000001e01c1af170 Thread added: 0x000001e01e9e67a0
Event: 243.318 Thread 0x000001e01c1af170 Thread added: 0x000001e01e9e5a80
Event: 243.318 Thread 0x000001e01c1af170 Thread added: 0x000001e01e9e74c0
Event: 243.319 Thread 0x000001e01c1af170 Thread added: 0x000001e01e9e7b50
Event: 243.319 Thread 0x000001e01c1af170 Thread added: 0x000001e01e9e46d0
Event: 243.319 Thread 0x000001e01c1af170 Thread added: 0x000001e01e9e81e0
Event: 243.319 Thread 0x000001e01c1af170 Thread added: 0x000001e01e9e8f00
Event: 243.320 Thread 0x000001e01c1af170 Thread added: 0x000001e01e9e9590
Event: 243.407 Thread 0x000001e01c1b0bb0 Thread exited: 0x000001e01c1b0bb0
Event: 243.621 Thread 0x000001e01c1af170 Thread added: 0x000001e01e9e8870
Event: 243.622 Thread 0x000001e01c1af170 Thread added: 0x000001e01e9e9c20
Event: 243.622 Thread 0x000001e01c1af170 Thread added: 0x000001e01e9ea2b0
Event: 243.622 Thread 0x000001e01c1af170 Thread added: 0x000001e01e9ea940
Event: 243.622 Thread 0x000001e01c1af170 Thread added: 0x000001e01e9eafd0
Event: 243.623 Thread 0x000001e01c1af170 Thread added: 0x000001e0282dda90
Event: 243.623 Thread 0x000001e01c1af170 Thread added: 0x000001e0282de120
Event: 243.623 Thread 0x000001e01c1af170 Thread added: 0x000001e0282dc050
Event: 246.096 Thread 0x000001e0258ac860 Thread exited: 0x000001e0258ac860
Event: 246.359 Thread 0x000001dfd1d4a3d0 Thread added: 0x000001e0258ac860


Dynamic libraries:
0x00007ff7ed460000 - 0x00007ff7ed470000 	C:\Program Files\Java\jdk-23\bin\java.exe
0x00007ffcc91c0000 - 0x00007ffcc9427000 	C:\WINDOWS\SYSTEM32\ntdll.dll
0x00007ffcc7f20000 - 0x00007ffcc7fe9000 	C:\WINDOWS\System32\KERNEL32.DLL
0x00007ffcc6030000 - 0x00007ffcc6424000 	C:\WINDOWS\System32\KERNELBASE.dll
0x00007ffcc5d60000 - 0x00007ffcc5eab000 	C:\WINDOWS\System32\ucrtbase.dll
0x00007ffca7bc0000 - 0x00007ffca7bd7000 	C:\Program Files\Java\jdk-23\bin\jli.dll
0x00007ffc9dcf0000 - 0x00007ffc9dd0b000 	C:\Program Files\Java\jdk-23\bin\VCRUNTIME140.dll
0x00007ffcc76c0000 - 0x00007ffcc7885000 	C:\WINDOWS\System32\USER32.dll
0x00007ffcab770000 - 0x00007ffcaba03000 	C:\WINDOWS\WinSxS\amd64_microsoft.windows.common-controls_6595b64144ccf1df_6.0.26100.8115_none_3e075c82e3354f9c\COMCTL32.dll
0x00007ffcc6df0000 - 0x00007ffcc6e17000 	C:\WINDOWS\System32\win32u.dll
0x00007ffcc7dd0000 - 0x00007ffcc7e79000 	C:\WINDOWS\System32\msvcrt.dll
0x00007ffcc7950000 - 0x00007ffcc797b000 	C:\WINDOWS\System32\GDI32.dll
0x00007ffcc6e20000 - 0x00007ffcc6f4a000 	C:\WINDOWS\System32\gdi32full.dll
0x00007ffcc5cb0000 - 0x00007ffcc5d53000 	C:\WINDOWS\System32\msvcp_win.dll
0x00007ffcc80b0000 - 0x00007ffcc80e2000 	C:\WINDOWS\System32\IMM32.DLL
0x00007ffcadf40000 - 0x00007ffcadf4c000 	C:\Program Files\Java\jdk-23\bin\vcruntime140_1.dll
0x00007ffc7b830000 - 0x00007ffc7b8be000 	C:\Program Files\Java\jdk-23\bin\msvcp140.dll
0x00007ffc0fec0000 - 0x00007ffc10c10000 	C:\Program Files\Java\jdk-23\bin\server\jvm.dll
0x00007ffcc7a10000 - 0x00007ffcc7ac6000 	C:\WINDOWS\System32\ADVAPI32.dll
0x00007ffcc8860000 - 0x00007ffcc8907000 	C:\WINDOWS\System32\sechost.dll
0x00007ffcc75a0000 - 0x00007ffcc76b8000 	C:\WINDOWS\System32\RPCRT4.dll
0x00007ffcc8010000 - 0x00007ffcc8090000 	C:\WINDOWS\System32\WS2_32.dll
0x00007ffcc5740000 - 0x00007ffcc579e000 	C:\WINDOWS\SYSTEM32\POWRPROF.dll
0x00007ffcbf210000 - 0x00007ffcbf246000 	C:\WINDOWS\SYSTEM32\WINMM.dll
0x00007ffcbf250000 - 0x00007ffcbf25b000 	C:\WINDOWS\SYSTEM32\VERSION.dll
0x00007ffcc5720000 - 0x00007ffcc5734000 	C:\WINDOWS\SYSTEM32\UMPDC.dll
0x00007ffcc4820000 - 0x00007ffcc483b000 	C:\WINDOWS\SYSTEM32\kernel.appcore.dll
0x00007ffc9dce0000 - 0x00007ffc9dcea000 	C:\Program Files\Java\jdk-23\bin\jimage.dll
0x00007ffcc39c0000 - 0x00007ffcc3c02000 	C:\WINDOWS\SYSTEM32\DBGHELP.DLL
0x00007ffcc6fb0000 - 0x00007ffcc7332000 	C:\WINDOWS\System32\combase.dll
0x00007ffcc7b40000 - 0x00007ffcc7c17000 	C:\WINDOWS\System32\OLEAUT32.dll
0x00007ffcaa5d0000 - 0x00007ffcaa60b000 	C:\WINDOWS\SYSTEM32\dbgcore.DLL
0x00007ffcc5a90000 - 0x00007ffcc5b35000 	C:\WINDOWS\System32\bcryptPrimitives.dll
0x00007ffc9dcd0000 - 0x00007ffc9dcdf000 	C:\Program Files\Java\jdk-23\bin\instrument.dll
0x00007ffc9dcb0000 - 0x00007ffc9dcce000 	C:\Program Files\Java\jdk-23\bin\java.dll
0x00007ffcc7c20000 - 0x00007ffcc7db7000 	C:\WINDOWS\System32\ole32.dll
0x00007ffcc80f0000 - 0x00007ffcc8856000 	C:\WINDOWS\System32\SHELL32.dll
0x00007ffcc5b40000 - 0x00007ffcc5caa000 	C:\WINDOWS\System32\wintypes.dll
0x00007ffcc6580000 - 0x00007ffcc6de5000 	C:\WINDOWS\System32\windows.storage.dll
0x00007ffcc8e20000 - 0x00007ffcc8f17000 	C:\WINDOWS\System32\SHCORE.dll
0x00007ffcc7ad0000 - 0x00007ffcc7b36000 	C:\WINDOWS\System32\shlwapi.dll
0x00007ffcc59b0000 - 0x00007ffcc59d9000 	C:\WINDOWS\SYSTEM32\profapi.dll
0x00007ffc7b750000 - 0x00007ffc7b827000 	C:\Program Files\Java\jdk-23\bin\jsvml.dll
0x00007ffc9dc90000 - 0x00007ffc9dca7000 	C:\Program Files\Java\jdk-23\bin\zip.dll
0x00007ffc9dc00000 - 0x00007ffc9dc10000 	C:\Program Files\Java\jdk-23\bin\net.dll
0x00007ffcc4d90000 - 0x00007ffcc4dfc000 	C:\WINDOWS\system32\mswsock.dll
0x00007ffc9dbe0000 - 0x00007ffc9dbf6000 	C:\Program Files\Java\jdk-23\bin\nio.dll
0x00007ffc9db80000 - 0x00007ffc9db90000 	C:\Program Files\Java\jdk-23\bin\verify.dll
0x00007ffc58500000 - 0x00007ffc58527000 	C:\Users\karmp\.gradle\native\1def1411415f61bf3af743bc5b6707747c0891f09f0c88961ee8f79bc544acac\windows-amd64\native-platform.dll
0x00007ffc79990000 - 0x00007ffc79a08000 	C:\Users\karmp\.gradle\native\0.2.7\x86_64-windows-gnu\gradle-fileevents.dll
0x00007ffc9db70000 - 0x00007ffc9db7a000 	C:\Program Files\Java\jdk-23\bin\management.dll
0x00007ffc9db60000 - 0x00007ffc9db6b000 	C:\Program Files\Java\jdk-23\bin\management_ext.dll
0x00007ffcc8000000 - 0x00007ffcc8008000 	C:\WINDOWS\System32\PSAPI.DLL
0x00007ffcc4210000 - 0x00007ffcc4242000 	C:\WINDOWS\SYSTEM32\IPHLPAPI.DLL
0x00007ffcc7dc0000 - 0x00007ffcc7dca000 	C:\WINDOWS\System32\NSI.dll
0x00007ffc9db50000 - 0x00007ffc9db59000 	C:\Program Files\Java\jdk-23\bin\extnet.dll
0x00007ffcc5070000 - 0x00007ffcc508b000 	C:\WINDOWS\SYSTEM32\CRYPTSP.dll
0x00007ffcc4780000 - 0x00007ffcc47b9000 	C:\WINDOWS\system32\rsaenh.dll
0x00007ffcc4e40000 - 0x00007ffcc4e73000 	C:\WINDOWS\SYSTEM32\USERENV.dll
0x00007ffcc5980000 - 0x00007ffcc59aa000 	C:\WINDOWS\SYSTEM32\bcrypt.dll
0x00007ffcc5090000 - 0x00007ffcc509c000 	C:\WINDOWS\SYSTEM32\CRYPTBASE.dll
0x00007ffc7bc70000 - 0x00007ffc7bc7e000 	C:\Program Files\Java\jdk-23\bin\sunmscapi.dll
0x00007ffcc5eb0000 - 0x00007ffcc6027000 	C:\WINDOWS\System32\CRYPT32.dll
0x00007ffcc5300000 - 0x00007ffcc5330000 	C:\WINDOWS\SYSTEM32\ncrypt.dll
0x00007ffcc52b0000 - 0x00007ffcc52ef000 	C:\WINDOWS\SYSTEM32\NTASN1.dll
0x00007ffc6b1c0000 - 0x00007ffc6b1c8000 	C:\WINDOWS\system32\wshunix.dll
0x00007ffcc42f0000 - 0x00007ffcc4422000 	C:\WINDOWS\SYSTEM32\DNSAPI.dll
0x00007ffcbcc80000 - 0x00007ffcbcc8b000 	C:\Windows\System32\rasadhlp.dll
0x00007ffcbfad0000 - 0x00007ffcbfb56000 	C:\WINDOWS\System32\fwpuclnt.dll
0x00007ffc6a9a0000 - 0x00007ffc6a9b8000 	C:\WINDOWS\system32\napinsp.dll
0x00007ffc6a980000 - 0x00007ffc6a993000 	C:\WINDOWS\System32\winrnr.dll
0x00007ffc79ad0000 - 0x00007ffc79af2000 	C:\WINDOWS\system32\nlansp_c.dll
0x00007ffcbbd30000 - 0x00007ffcbbd46000 	C:\WINDOWS\system32\wshbth.dll
0x00007ffc9bd90000 - 0x00007ffc9bd97000 	C:\Program Files\Java\jdk-23\bin\rmi.dll
0x00007ffcc4940000 - 0x00007ffcc4976000 	C:\WINDOWS\SYSTEM32\ntmarta.dll

dbghelp: loaded successfully - version: 4.0.5 - missing functions: none
symbol engine: initialized successfully - sym options: 0x614 - pdb path: .;C:\Program Files\Java\jdk-23\bin;C:\WINDOWS\SYSTEM32;C:\WINDOWS\WinSxS\amd64_microsoft.windows.common-controls_6595b64144ccf1df_6.0.26100.8115_none_3e075c82e3354f9c;C:\Program Files\Java\jdk-23\bin\server;C:\Users\karmp\.gradle\native\1def1411415f61bf3af743bc5b6707747c0891f09f0c88961ee8f79bc544acac\windows-amd64;C:\Users\karmp\.gradle\native\0.2.7\x86_64-windows-gnu

VM Arguments:
jvm_args: --add-opens=java.base/java.lang=ALL-UNNAMED --add-opens=java.base/java.lang.invoke=ALL-UNNAMED --add-opens=java.base/java.util=ALL-UNNAMED --add-opens=java.prefs/java.util.prefs=ALL-UNNAMED --add-exports=jdk.compiler/com.sun.tools.javac.api=ALL-UNNAMED --add-exports=jdk.compiler/com.sun.tools.javac.util=ALL-UNNAMED --add-opens=java.base/java.util=ALL-UNNAMED --add-opens=java.prefs/java.util.prefs=ALL-UNNAMED --add-opens=java.base/java.nio.charset=ALL-UNNAMED --add-opens=java.base/java.net=ALL-UNNAMED --add-opens=java.base/java.util.concurrent.atomic=ALL-UNNAMED --add-opens=java.xml/javax.xml.namespace=ALL-UNNAMED -Xmx4096m -Dfile.encoding=UTF-8 -Duser.country=IN -Duser.language=en -Duser.variant -javaagent:C:\Users\karmp\.gradle\wrapper\dists\gradle-8.14-all\c2qonpi39x1mddn7hk5gh9iqj\gradle-8.14\lib\agents\gradle-instrumentation-agent-8.14.jar 
java_command: org.gradle.launcher.daemon.bootstrap.GradleDaemon 8.14
java_class_path (initial): C:\Users\karmp\.gradle\wrapper\dists\gradle-8.14-all\c2qonpi39x1mddn7hk5gh9iqj\gradle-8.14\lib\gradle-daemon-main-8.14.jar
Launcher Type: SUN_STANDARD

[Global flags]
     intx CICompilerCount                          = 4                                         {product} {ergonomic}
     uint ConcGCThreads                            = 3                                         {product} {ergonomic}
     uint G1ConcRefinementThreads                  = 10                                        {product} {ergonomic}
   size_t G1HeapRegionSize                         = 2097152                                   {product} {ergonomic}
   size_t InitialHeapSize                          = 257949696                                 {product} {ergonomic}
   size_t MarkStackSize                            = 4194304                                   {product} {ergonomic}
   size_t MarkStackSizeMax                         = 536870912                                 {product} {ergonomic}
   size_t MaxHeapSize                              = 4294967296                                {product} {command line}
   size_t MaxNewSize                               = 2575302656                                {product} {ergonomic}
   size_t MinHeapDeltaBytes                        = 2097152                                   {product} {ergonomic}
   size_t MinHeapSize                              = 8388608                                   {product} {ergonomic}
    uintx NonNMethodCodeHeapSize                   = 5832704                                {pd product} {ergonomic}
    uintx NonProfiledCodeHeapSize                  = 122945536                              {pd product} {ergonomic}
    uintx ProfiledCodeHeapSize                     = 122880000                              {pd product} {ergonomic}
    uintx ReservedCodeCacheSize                    = 251658240                              {pd product} {ergonomic}
     bool SegmentedCodeCache                       = true                                      {product} {ergonomic}
   size_t SoftMaxHeapSize                          = 4294967296                             {manageable} {ergonomic}
     bool UseCompressedOops                        = true                           {product lp64_product} {ergonomic}
     bool UseG1GC                                  = true                                      {product} {ergonomic}
     bool UseLargePagesIndividualAllocation        = false                                  {pd product} {ergonomic}

Logging:
Log output configuration:
 #0: stdout all=warning uptime,level,tags foldmultilines=false
 #1: stderr all=off uptime,level,tags foldmultilines=false

Environment Variables:
JAVA_HOME=C:\Program Files\Java\jdk-23
PATH=C:\Users\karmp\AppData\Local\Programs\Microsoft VS Code;C:\Program Files\Common Files\Oracle\Java\javapath;C:\windows\system32;C:\windows;C:\windows\System32\Wbem;C:\windows\System32\WindowsPowerShell\v1.0\;C:\windows\System32\OpenSSH\;C:\Program Files\HP\HP One Agent;C:\Program Files\nodejs\;C:\ProgramData\chocolatey\bin;C:\Program Files\Git\cmd;C:\Users\karmp\AppData\Local\Pub\Cache\bin;C:\Program Files\Java\jdk-23;C:\WINDOWS\system32;C:\WINDOWS;C:\WINDOWS\System32\Wbem;C:\WINDOWS\System32\WindowsPowerShell\v1.0\;C:\WINDOWS\System32\OpenSSH\;C:\Program Files\Java\jdk-23\bin;C:\Users\karmp\AppData\Local\Microsoft\WindowsApps;C:\Users\karmp\AppData\Local\Programs\Microsoft VS Code\bin;D:\IntelliJ IDEA Community Edition 2023.3.2\bin;;D:\flutter_windows_3.22.2-stable\flutter\bin;C:\Users\karmp\AppData\Roaming\npm;D:\flutter_windows_3.32.4-stable\flutter\flutter\bin;D:\flutter_windows_3.32.4-stable\flutter\bin
USERNAME=karmp
OS=Windows_NT
PROCESSOR_IDENTIFIER=AMD64 Family 25 Model 80 Stepping 0, AuthenticAMD
TMP=C:\Users\karmp\AppData\Local\Temp
TEMP=C:\Users\karmp\AppData\Local\Temp




Periodic native trim disabled

---------------  S Y S T E M  ---------------

OS:
 Windows 11 , 64 bit Build 26100 (10.0.26100.8115)
OS uptime: 0 days 1:10 hours
Hyper-V role detected

CPU: total 12 (initial active 12) (12 cores per cpu, 2 threads per core) family 25 model 80 stepping 0 microcode 0xa50000d, cx8, cmov, fxsr, ht, mmx, 3dnowpref, sse, sse2, sse3, ssse3, sse4a, sse4.1, sse4.2, popcnt, lzcnt, tsc, tscinvbit, avx, avx2, aes, erms, clmul, bmi1, bmi2, adx, sha, fma, vzeroupper, clflush, clflushopt, hv, rdtscp, rdpid, fsrm, f16c, cet_ss
Processor Information for the first 12 processors :
  Max Mhz: 2301, Current Mhz: 1904, Mhz Limit: 2301

Memory: 4k page, system-wide physical 15712M (1125M free)
TotalPageFile size 20558M (AvailPageFile size 329M)
current process WorkingSet (physical memory assigned to process): 992M, peak: 994M
current process commit charge ("private bytes"): 1048M, peak: 1050M

vm_info: Java HotSpot(TM) 64-Bit Server VM (23.0.2+7-58) for windows-amd64 JRE (23.0.2+7-58), built on 2024-11-29T09:34:55Z with MS VC++ 17.6 (VS2022)

END.
