#
# There is insufficient memory for the Java Runtime Environment to continue.
# Native memory allocation (mmap) failed to map 65536 bytes. Error detail: Failed to commit metaspace.
# Possible reasons:
#   The system is out of physical RAM or swap space
#   This process is running with CompressedOops enabled, and the Java Heap may be blocking the growth of the native heap
# Possible solutions:
#   Reduce memory load on the system
#   Increase physical memory or swap space
#   Check if swap backing store is full
#   Decrease Java heap size (-Xmx/-Xms)
#   Decrease number of Java threads
#   Decrease Java thread stack sizes (-Xss)
#   Set larger code cache with -XX:ReservedCodeCacheSize=
#   JVM is running with Zero Based Compressed Oops mode in which the Java heap is
#     placed in the first 32GB address space. The Java Heap base address is the
#     maximum limit for the native heap growth. Please use -XX:HeapBaseMinAddress
#     to set the Java Heap base and to place the Java Heap above 32GB virtual address.
# This output file may be truncated or incomplete.
#
#  Out of Memory Error (virtualSpaceNode.cpp:113), pid=10856, tid=20092
#
# JRE version: OpenJDK Runtime Environment (21.0.4) (build 21.0.4+-12508038-b607.1)
# Java VM: OpenJDK 64-Bit Server VM (21.0.4+-12508038-b607.1, mixed mode, tiered, compressed oops, compressed class ptrs, g1 gc, windows-amd64)
# No core dump will be written. Minidumps are not enabled by default on client versions of Windows
#

---------------  S U M M A R Y ------------

Command Line: org.jetbrains.kotlin.cli.jvm.K2JVMCompiler @D:\flutter projects\customer-app\build\webview_flutter_android\20260408_14205920553828620033.compiler.options

Host: AMD Ryzen 5 5625U with Radeon Graphics         , 12 cores, 15G,  Windows 11 , 64 bit Build 26100 (10.0.26100.8115)
Time: Wed Apr  8 15:14:29 2026 India Standard Time elapsed time: 29.931582 seconds (0d 0h 0m 29s)

---------------  T H R E A D  ---------------

Current thread (0x000001febad03730):  JavaThread "main"             [_thread_in_vm, id=20092, stack(0x000000f3ebc00000,0x000000f3ebd00000) (1024K)]

Stack: [0x000000f3ebc00000,0x000000f3ebd00000]
Native frames: (J=compiled Java code, j=interpreted, Vv=VM code, C=native code)
V  [jvm.dll+0x6ce539]
V  [jvm.dll+0x85bf03]
V  [jvm.dll+0x85e45e]
V  [jvm.dll+0x85eb43]
V  [jvm.dll+0x27dd06]
V  [jvm.dll+0x856dde]
V  [jvm.dll+0x672715]
V  [jvm.dll+0x1e2ab1]
V  [jvm.dll+0x1e287e]
V  [jvm.dll+0x675068]
V  [jvm.dll+0x674ea2]
V  [jvm.dll+0x67310e]
V  [jvm.dll+0x3bd7cf]
V  [jvm.dll+0x20c73b]
V  [jvm.dll+0x5b0c6f]
V  [jvm.dll+0x7d4010]
V  [jvm.dll+0x7d413e]
V  [jvm.dll+0x46d9ad]
V  [jvm.dll+0x4732f8]
C  [java.dll+0x17ec]

Java frames: (J=compiled Java code, j=interpreted, Vv=VM code)
J 564  java.lang.ClassLoader.defineClass1(Ljava/lang/ClassLoader;Ljava/lang/String;[BIILjava/security/ProtectionDomain;Ljava/lang/String;)Ljava/lang/Class; java.base@21.0.4 (0 bytes) @ 0x000001fec7d0c771 [0x000001fec7d0c6a0+0x00000000000000d1]
J 4313 c2 java.security.SecureClassLoader.defineClass(Ljava/lang/String;[BIILjava/security/CodeSource;)Ljava/lang/Class; java.base@21.0.4 (16 bytes) @ 0x000001fec7f579ec [0x000001fec7f57420+0x00000000000005cc]
J 2905 c2 jdk.internal.loader.BuiltinClassLoader.defineClass(Ljava/lang/String;Ljdk/internal/loader/Resource;)Ljava/lang/Class; java.base@21.0.4 (121 bytes) @ 0x000001fec7ec4d4c [0x000001fec7ec1f00+0x0000000000002e4c]
J 6045 c2 jdk.internal.loader.BuiltinClassLoader.loadClassOrNull(Ljava/lang/String;Z)Ljava/lang/Class; java.base@21.0.4 (143 bytes) @ 0x000001fec801f940 [0x000001fec801e900+0x0000000000001040]
J 2758 c2 java.lang.ClassLoader.loadClass(Ljava/lang/String;)Ljava/lang/Class; java.base@21.0.4 (7 bytes) @ 0x000001fec7e35d98 [0x000001fec7e35d40+0x0000000000000058]
v  ~StubRoutines::call_stub 0x000001fec774100d
j  org.jetbrains.kotlin.codegen.inline.SourceCompilerForInlineKt.loadCompiledInlineFunction(Lorg/jetbrains/kotlin/name/ClassId;Lorg/jetbrains/org/objectweb/asm/commons/Method;ZZZLorg/jetbrains/kotlin/codegen/state/GenerationState;)Lorg/jetbrains/kotlin/codegen/inline/SMAPAndMethodNode;+65
j  org.jetbrains.kotlin.backend.jvm.lower.PropertyReferenceLowering.usesParameter(Lorg/jetbrains/kotlin/ir/declarations/IrSimpleFunction;Lorg/jetbrains/kotlin/ir/declarations/IrValueParameter;)Z+235
j  org.jetbrains.kotlin.backend.jvm.lower.PropertyReferenceLowering.visitCall(Lorg/jetbrains/kotlin/ir/expressions/IrCall;)Lorg/jetbrains/kotlin/ir/expressions/IrExpression;+189
J 14236 c2 org.jetbrains.kotlin.ir.visitors.IrElementTransformerVoid.visitCall(Lorg/jetbrains/kotlin/ir/expressions/IrCall;Ljava/lang/Object;)Ljava/lang/Object; (10 bytes) @ 0x000001fec863df00 [0x000001fec863dea0+0x0000000000000060]
J 13399 c2 org.jetbrains.kotlin.ir.expressions.IrCall.accept(Lorg/jetbrains/kotlin/ir/visitors/IrVisitor;Ljava/lang/Object;)Ljava/lang/Object; (13 bytes) @ 0x000001fec85c7178 [0x000001fec85c7120+0x0000000000000058]
J 14232 c1 org.jetbrains.kotlin.ir.visitors.IrElementTransformerVoid.visitReturn(Lorg/jetbrains/kotlin/ir/expressions/IrReturn;)Lorg/jetbrains/kotlin/ir/expressions/IrExpression; (16 bytes) @ 0x000001fec341e5f4 [0x000001fec341dcc0+0x0000000000000934]
J 14230 c1 org.jetbrains.kotlin.ir.visitors.IrElementTransformerVoid.visitReturn(Lorg/jetbrains/kotlin/ir/expressions/IrReturn;Ljava/lang/Object;)Ljava/lang/Object; (10 bytes) @ 0x000001fec341c81c [0x000001fec341c340+0x00000000000004dc]
J 13563 c1 org.jetbrains.kotlin.ir.expressions.IrReturn.accept(Lorg/jetbrains/kotlin/ir/visitors/IrVisitor;Ljava/lang/Object;)Ljava/lang/Object; (13 bytes) @ 0x000001fec32109f4 [0x000001fec3210640+0x00000000000003b4]
J 13558 c2 org.jetbrains.kotlin.ir.expressions.IrExpression.transform(Lorg/jetbrains/kotlin/ir/visitors/IrTransformer;Ljava/lang/Object;)Lorg/jetbrains/kotlin/ir/IrElement; (10 bytes) @ 0x000001fec85de5f0 [0x000001fec85de5a0+0x0000000000000050]
J 13940 c2 org.jetbrains.kotlin.ir.util.TransformKt.transformInPlace(Ljava/util/List;Lorg/jetbrains/kotlin/ir/visitors/IrTransformer;Ljava/lang/Object;)V (70 bytes) @ 0x000001fec86194f4 [0x000001fec86193e0+0x0000000000000114]
J 14089 c1 org.jetbrains.kotlin.ir.visitors.IrElementTransformerVoid.visitBlockBody(Lorg/jetbrains/kotlin/ir/expressions/IrBlockBody;)Lorg/jetbrains/kotlin/ir/expressions/IrBody; (15 bytes) @ 0x000001fec33c105c [0x000001fec33c08c0+0x000000000000079c]
J 14087 c1 org.jetbrains.kotlin.ir.visitors.IrElementTransformerVoid.visitBlockBody(Lorg/jetbrains/kotlin/ir/expressions/IrBlockBody;Ljava/lang/Object;)Ljava/lang/Object; (10 bytes) @ 0x000001fec33bf51c [0x000001fec33bf040+0x00000000000004dc]
J 14113 c2 org.jetbrains.kotlin.ir.declarations.IrFunction.transformChildren(Lorg/jetbrains/kotlin/ir/visitors/IrTransformer;Ljava/lang/Object;)V (52 bytes) @ 0x000001fec862defc [0x000001fec862dce0+0x000000000000021c]
J 13944 c1 org.jetbrains.kotlin.backend.common.IrElementTransformerVoidWithContext.visitFunctionNew(Lorg/jetbrains/kotlin/ir/declarations/IrFunction;)Lorg/jetbrains/kotlin/ir/IrStatement; (12 bytes) @ 0x000001fec3314ae4 [0x000001fec3314120+0x00000000000009c4]
J 14233 c1 org.jetbrains.kotlin.backend.common.IrElementTransformerVoidWithContext.visitFunction(Lorg/jetbrains/kotlin/ir/declarations/IrFunction;)Lorg/jetbrains/kotlin/ir/IrStatement; (38 bytes) @ 0x000001fec341ae8c [0x000001fec341a680+0x000000000000080c]
J 14080 c1 org.jetbrains.kotlin.ir.visitors.IrElementTransformerVoid.visitSimpleFunction(Lorg/jetbrains/kotlin/ir/declarations/IrSimpleFunction;)Lorg/jetbrains/kotlin/ir/IrStatement; (16 bytes) @ 0x000001fec33a985c [0x000001fec33a94c0+0x000000000000039c]
J 14635 c2 org.jetbrains.kotlin.ir.visitors.IrElementTransformerVoid.visitSimpleFunction(Lorg/jetbrains/kotlin/ir/declarations/IrSimpleFunction;Ljava/lang/Object;)Ljava/lang/Object; (10 bytes) @ 0x000001fec8674480 [0x000001fec8674420+0x0000000000000060]
J 14067 c1 org.jetbrains.kotlin.ir.declarations.IrProperty.transformChildren(Lorg/jetbrains/kotlin/ir/visitors/IrTransformer;Ljava/lang/Object;)V (82 bytes) @ 0x000001fec3398764 [0x000001fec3397100+0x0000000000001664]
J 14439 c1 org.jetbrains.kotlin.backend.common.IrElementTransformerVoidWithContext.visitProperty(Lorg/jetbrains/kotlin/ir/declarations/IrProperty;)Lorg/jetbrains/kotlin/ir/IrStatement; (38 bytes) @ 0x000001fec34cfc2c [0x000001fec34cece0+0x0000000000000f4c]
J 14534 c1 org.jetbrains.kotlin.ir.visitors.IrElementTransformerVoid.visitProperty(Lorg/jetbrains/kotlin/ir/declarations/IrProperty;Ljava/lang/Object;)Ljava/lang/Object; (10 bytes) @ 0x000001fec351a41c [0x000001fec3519f40+0x00000000000004dc]
J 13495 c1 org.jetbrains.kotlin.ir.declarations.IrProperty.accept(Lorg/jetbrains/kotlin/ir/visitors/IrVisitor;Ljava/lang/Object;)Ljava/lang/Object; (13 bytes) @ 0x000001fec31da274 [0x000001fec31d9ec0+0x00000000000003b4]
J 13998 c2 org.jetbrains.kotlin.ir.IrElementBase.transform(Lorg/jetbrains/kotlin/ir/visitors/IrTransformer;Ljava/lang/Object;)Lorg/jetbrains/kotlin/ir/IrElement; (19 bytes) @ 0x000001fec861eaf4 [0x000001fec861eaa0+0x0000000000000054]
J 13940 c2 org.jetbrains.kotlin.ir.util.TransformKt.transformInPlace(Ljava/util/List;Lorg/jetbrains/kotlin/ir/visitors/IrTransformer;Ljava/lang/Object;)V (70 bytes) @ 0x000001fec86194f4 [0x000001fec86193e0+0x0000000000000114]
J 14074 c1 org.jetbrains.kotlin.ir.declarations.IrClass.transformChildren(Lorg/jetbrains/kotlin/ir/visitors/IrTransformer;Ljava/lang/Object;)V (51 bytes) @ 0x000001fec339eabc [0x000001fec339e520+0x000000000000059c]
J 14316 c2 org.jetbrains.kotlin.ir.visitors.IrElementTransformerVoid.transformChildrenVoid(Lorg/jetbrains/kotlin/ir/IrElement;)V (12 bytes) @ 0x000001fec864d0fc [0x000001fec864d0a0+0x000000000000005c]
j  org.jetbrains.kotlin.backend.jvm.lower.PropertyReferenceLowering.visitClassNew(Lorg/jetbrains/kotlin/ir/declarations/IrClass;)Lorg/jetbrains/kotlin/ir/IrStatement;+31
J 14602 c1 org.jetbrains.kotlin.backend.common.IrElementTransformerVoidWithContext.visitClass(Lorg/jetbrains/kotlin/ir/declarations/IrClass;)Lorg/jetbrains/kotlin/ir/IrStatement; (38 bytes) @ 0x000001fec3553c8c [0x000001fec3553480+0x000000000000080c]
J 14620 c1 org.jetbrains.kotlin.ir.visitors.IrElementTransformerVoid.visitClass(Lorg/jetbrains/kotlin/ir/declarations/IrClass;Ljava/lang/Object;)Ljava/lang/Object; (10 bytes) @ 0x000001fec3567b9c [0x000001fec35676c0+0x00000000000004dc]
J 13646 c1 org.jetbrains.kotlin.ir.declarations.IrClass.accept(Lorg/jetbrains/kotlin/ir/visitors/IrVisitor;Ljava/lang/Object;)Ljava/lang/Object; (13 bytes) @ 0x000001fec32467f4 [0x000001fec3246440+0x00000000000003b4]
J 13998 c2 org.jetbrains.kotlin.ir.IrElementBase.transform(Lorg/jetbrains/kotlin/ir/visitors/IrTransformer;Ljava/lang/Object;)Lorg/jetbrains/kotlin/ir/IrElement; (19 bytes) @ 0x000001fec861eaf4 [0x000001fec861eaa0+0x0000000000000054]
J 13940 c2 org.jetbrains.kotlin.ir.util.TransformKt.transformInPlace(Ljava/util/List;Lorg/jetbrains/kotlin/ir/visitors/IrTransformer;Ljava/lang/Object;)V (70 bytes) @ 0x000001fec86194f4 [0x000001fec86193e0+0x0000000000000114]
J 14074 c1 org.jetbrains.kotlin.ir.declarations.IrClass.transformChildren(Lorg/jetbrains/kotlin/ir/visitors/IrTransformer;Ljava/lang/Object;)V (51 bytes) @ 0x000001fec339eabc [0x000001fec339e520+0x000000000000059c]
J 14316 c2 org.jetbrains.kotlin.ir.visitors.IrElementTransformerVoid.transformChildrenVoid(Lorg/jetbrains/kotlin/ir/IrElement;)V (12 bytes) @ 0x000001fec864d0fc [0x000001fec864d0a0+0x000000000000005c]
j  org.jetbrains.kotlin.backend.jvm.lower.PropertyReferenceLowering.visitClassNew(Lorg/jetbrains/kotlin/ir/declarations/IrClass;)Lorg/jetbrains/kotlin/ir/IrStatement;+31
J 14602 c1 org.jetbrains.kotlin.backend.common.IrElementTransformerVoidWithContext.visitClass(Lorg/jetbrains/kotlin/ir/declarations/IrClass;)Lorg/jetbrains/kotlin/ir/IrStatement; (38 bytes) @ 0x000001fec3553c8c [0x000001fec3553480+0x000000000000080c]
J 14620 c1 org.jetbrains.kotlin.ir.visitors.IrElementTransformerVoid.visitClass(Lorg/jetbrains/kotlin/ir/declarations/IrClass;Ljava/lang/Object;)Ljava/lang/Object; (10 bytes) @ 0x000001fec3567b9c [0x000001fec35676c0+0x00000000000004dc]
J 13646 c1 org.jetbrains.kotlin.ir.declarations.IrClass.accept(Lorg/jetbrains/kotlin/ir/visitors/IrVisitor;Ljava/lang/Object;)Ljava/lang/Object; (13 bytes) @ 0x000001fec32467f4 [0x000001fec3246440+0x00000000000003b4]
J 13998 c2 org.jetbrains.kotlin.ir.IrElementBase.transform(Lorg/jetbrains/kotlin/ir/visitors/IrTransformer;Ljava/lang/Object;)Lorg/jetbrains/kotlin/ir/IrElement; (19 bytes) @ 0x000001fec861eaf4 [0x000001fec861eaa0+0x0000000000000054]
J 13940 c2 org.jetbrains.kotlin.ir.util.TransformKt.transformInPlace(Ljava/util/List;Lorg/jetbrains/kotlin/ir/visitors/IrTransformer;Ljava/lang/Object;)V (70 bytes) @ 0x000001fec86194f4 [0x000001fec86193e0+0x0000000000000114]
j  org.jetbrains.kotlin.ir.declarations.IrPackageFragment.transformChildren(Lorg/jetbrains/kotlin/ir/visitors/IrTransformer;Ljava/lang/Object;)V+12
J 14316 c2 org.jetbrains.kotlin.ir.visitors.IrElementTransformerVoid.transformChildrenVoid(Lorg/jetbrains/kotlin/ir/IrElement;)V (12 bytes) @ 0x000001fec864d0fc [0x000001fec864d0a0+0x000000000000005c]
j  org.jetbrains.kotlin.backend.jvm.lower.PropertyReferenceLowering.lower(Lorg/jetbrains/kotlin/ir/declarations/IrFile;)V+12
j  org.jetbrains.kotlin.backend.common.phaser.PhaseFactoriesKt.createFilePhase$lambda$1(Lkotlin/jvm/functions/Function1;Lorg/jetbrains/kotlin/backend/common/LoweringContext;Lorg/jetbrains/kotlin/ir/declarations/IrFile;)Lorg/jetbrains/kotlin/ir/declarations/IrFile;+25
j  org.jetbrains.kotlin.backend.common.phaser.PhaseFactoriesKt$$Lambda+0x0000000800242100.invoke(Ljava/lang/Object;Ljava/lang/Object;)Ljava/lang/Object;+12
j  org.jetbrains.kotlin.backend.common.phaser.PhaseBuildersKt$createSimpleNamedCompilerPhase$1.phaseBody(Lorg/jetbrains/kotlin/config/LoggingContext;Ljava/lang/Object;)Ljava/lang/Object;+12
j  org.jetbrains.kotlin.config.phaser.NamedCompilerPhase.invoke(Lorg/jetbrains/kotlin/config/phaser/PhaseConfig;Lorg/jetbrains/kotlin/config/phaser/PhaserState;Lorg/jetbrains/kotlin/config/LoggingContext;Ljava/lang/Object;)Ljava/lang/Object;+304
j  org.jetbrains.kotlin.backend.common.phaser.PerformByIrFilePhase.invoke(Lorg/jetbrains/kotlin/config/phaser/PhaseConfig;Lorg/jetbrains/kotlin/config/phaser/PhaserState;Lorg/jetbrains/kotlin/backend/common/LoweringContext;Lorg/jetbrains/kotlin/ir/declarations/IrModuleFragment;)Lorg/jetbrains/kotlin/ir/declarations/IrModuleFragment;+106
j  org.jetbrains.kotlin.backend.common.phaser.PerformByIrFilePhase.invoke(Lorg/jetbrains/kotlin/config/phaser/PhaseConfig;Lorg/jetbrains/kotlin/config/phaser/PhaserState;Lorg/jetbrains/kotlin/config/LoggingContext;Ljava/lang/Object;)Ljava/lang/Object;+12
j  org.jetbrains.kotlin.backend.common.phaser.PhaseEngine.runPhase(Lorg/jetbrains/kotlin/config/phaser/NamedCompilerPhase;Ljava/lang/Object;Z)Ljava/lang/Object;+42
j  org.jetbrains.kotlin.backend.common.phaser.PhaseEngine.runPhase$default(Lorg/jetbrains/kotlin/backend/common/phaser/PhaseEngine;Lorg/jetbrains/kotlin/config/phaser/NamedCompilerPhase;Ljava/lang/Object;ZILjava/lang/Object;)Ljava/lang/Object;+13
j  org.jetbrains.kotlin.backend.jvm.JvmIrCodegenFactory.invokeLowerings(Lorg/jetbrains/kotlin/codegen/state/GenerationState;Lorg/jetbrains/kotlin/backend/jvm/JvmIrCodegenFactory$BackendInput;)Lorg/jetbrains/kotlin/backend/jvm/JvmIrCodegenFactory$CodegenInput;+704
j  org.jetbrains.kotlin.cli.jvm.compiler.KotlinToJVMBytecodeCompiler.runLowerings$cli(Lorg/jetbrains/kotlin/com/intellij/openapi/project/Project;Lorg/jetbrains/kotlin/config/CompilerConfiguration;Lorg/jetbrains/kotlin/descriptors/ModuleDescriptor;Lorg/jetbrains/kotlin/modules/Module;Lorg/jetbrains/kotlin/backend/jvm/JvmIrCodegenFactory;Lorg/jetbrains/kotlin/backend/jvm/JvmIrCodegenFactory$BackendInput;Lorg/jetbrains/kotlin/diagnostics/impl/BaseDiagnosticsCollector;Lorg/jetbrains/kotlin/fir/backend/jvm/FirJvmBackendClassResolver;)Lorg/jetbrains/kotlin/backend/jvm/JvmIrCodegenFactory$CodegenInput;+224
j  org.jetbrains.kotlin.cli.pipeline.jvm.JvmBackendPipelinePhase.executePhase(Lorg/jetbrains/kotlin/cli/pipeline/jvm/JvmFir2IrPipelineArtifact;)Lorg/jetbrains/kotlin/cli/pipeline/jvm/JvmBackendPipelineArtifact;+517
j  org.jetbrains.kotlin.cli.pipeline.jvm.JvmBackendPipelinePhase.executePhase(Lorg/jetbrains/kotlin/cli/pipeline/PipelineArtifact;)Lorg/jetbrains/kotlin/cli/pipeline/PipelineArtifact;+5
j  org.jetbrains.kotlin.cli.pipeline.PipelinePhase.phaseBody(Lorg/jetbrains/kotlin/cli/pipeline/PipelineContext;Lorg/jetbrains/kotlin/cli/pipeline/PipelineArtifact;)Lorg/jetbrains/kotlin/cli/pipeline/PipelineArtifact;+14
j  org.jetbrains.kotlin.cli.pipeline.PipelinePhase.phaseBody(Lorg/jetbrains/kotlin/config/LoggingContext;Ljava/lang/Object;)Ljava/lang/Object;+9
j  org.jetbrains.kotlin.config.phaser.NamedCompilerPhase.invoke(Lorg/jetbrains/kotlin/config/phaser/PhaseConfig;Lorg/jetbrains/kotlin/config/phaser/PhaserState;Lorg/jetbrains/kotlin/config/LoggingContext;Ljava/lang/Object;)Ljava/lang/Object;+304
j  org.jetbrains.kotlin.backend.common.phaser.CompositePhase.invoke(Lorg/jetbrains/kotlin/config/phaser/PhaseConfig;Lorg/jetbrains/kotlin/config/phaser/PhaserState;Lorg/jetbrains/kotlin/config/LoggingContext;Ljava/lang/Object;)Ljava/lang/Object;+87
j  org.jetbrains.kotlin.config.phaser.CompilerPhaseKt.invokeToplevel(Lorg/jetbrains/kotlin/config/phaser/CompilerPhase;Lorg/jetbrains/kotlin/config/phaser/PhaseConfig;Lorg/jetbrains/kotlin/config/LoggingContext;Ljava/lang/Object;)Ljava/lang/Object;+35
j  org.jetbrains.kotlin.cli.pipeline.AbstractCliPipeline.runPhasedPipeline(Lorg/jetbrains/kotlin/cli/pipeline/ArgumentsPipelineArtifact;)Lorg/jetbrains/kotlin/cli/common/ExitCode;+79
j  org.jetbrains.kotlin.cli.pipeline.AbstractCliPipeline.execute(Lorg/jetbrains/kotlin/cli/common/arguments/CommonCompilerArguments;Lorg/jetbrains/kotlin/config/Services;Lorg/jetbrains/kotlin/cli/common/messages/MessageCollector;)Lorg/jetbrains/kotlin/cli/common/ExitCode;+169
j  org.jetbrains.kotlin.cli.jvm.K2JVMCompiler.doExecutePhased(Lorg/jetbrains/kotlin/cli/common/arguments/K2JVMCompilerArguments;Lorg/jetbrains/kotlin/config/Services;Lorg/jetbrains/kotlin/cli/common/messages/MessageCollector;)Lorg/jetbrains/kotlin/cli/common/ExitCode;+35
j  org.jetbrains.kotlin.cli.jvm.K2JVMCompiler.doExecutePhased(Lorg/jetbrains/kotlin/cli/common/arguments/CommonCompilerArguments;Lorg/jetbrains/kotlin/config/Services;Lorg/jetbrains/kotlin/cli/common/messages/MessageCollector;)Lorg/jetbrains/kotlin/cli/common/ExitCode;+7
j  org.jetbrains.kotlin.cli.common.CLICompiler.execImpl(Lorg/jetbrains/kotlin/cli/common/messages/MessageCollector;Lorg/jetbrains/kotlin/config/Services;Lorg/jetbrains/kotlin/cli/common/arguments/CommonCompilerArguments;)Lorg/jetbrains/kotlin/cli/common/ExitCode;+17
j  org.jetbrains.kotlin.cli.common.CLICompiler.exec(Lorg/jetbrains/kotlin/cli/common/messages/MessageCollector;Lorg/jetbrains/kotlin/config/Services;Lorg/jetbrains/kotlin/cli/common/arguments/CommonCompilerArguments;)Lorg/jetbrains/kotlin/cli/common/ExitCode;+88
j  org.jetbrains.kotlin.cli.common.CLICompiler.exec(Ljava/io/PrintStream;Lorg/jetbrains/kotlin/config/Services;Lorg/jetbrains/kotlin/cli/common/messages/MessageRenderer;[Ljava/lang/String;)Lorg/jetbrains/kotlin/cli/common/ExitCode;+259
j  org.jetbrains.kotlin.cli.common.CLICompiler.exec(Ljava/io/PrintStream;Lorg/jetbrains/kotlin/cli/common/messages/MessageRenderer;[Ljava/lang/String;)Lorg/jetbrains/kotlin/cli/common/ExitCode;+26
j  org.jetbrains.kotlin.cli.common.CLICompiler$Companion.doMainNoExit(Lorg/jetbrains/kotlin/cli/common/CLICompiler;[Ljava/lang/String;Lorg/jetbrains/kotlin/cli/common/messages/MessageRenderer;)Lorg/jetbrains/kotlin/cli/common/ExitCode;+39
j  org.jetbrains.kotlin.cli.common.CLICompiler$Companion.doMainNoExit$default(Lorg/jetbrains/kotlin/cli/common/CLICompiler$Companion;Lorg/jetbrains/kotlin/cli/common/CLICompiler;[Ljava/lang/String;Lorg/jetbrains/kotlin/cli/common/messages/MessageRenderer;ILjava/lang/Object;)Lorg/jetbrains/kotlin/cli/common/ExitCode;+16
j  org.jetbrains.kotlin.cli.common.CLICompiler$Companion.doMain(Lorg/jetbrains/kotlin/cli/common/CLICompiler;[Ljava/lang/String;)V+54
j  org.jetbrains.kotlin.cli.jvm.K2JVMCompiler$Companion.main([Ljava/lang/String;)V+20
j  org.jetbrains.kotlin.cli.jvm.K2JVMCompiler.main([Ljava/lang/String;)V+4
v  ~StubRoutines::call_stub 0x000001fec774100d

Compiled method (n/a)   29974  564     n 0       java.lang.ClassLoader::defineClass1 (native)
 total in heap  [0x000001fec7d0c510,0x000001fec7d0cb50] = 1600
 relocation     [0x000001fec7d0c668,0x000001fec7d0c6a0] = 56
 main code      [0x000001fec7d0c6a0,0x000001fec7d0cb4f] = 1199
 stub code      [0x000001fec7d0cb4f,0x000001fec7d0cb50] = 1

[Constant Pool (empty)]

[MachCode]
[Entry Point]
  # {method} {0x000001fed8025008} 'defineClass1' '(Ljava/lang/ClassLoader;Ljava/lang/String;[BIILjava/security/ProtectionDomain;Ljava/lang/String;)Ljava/lang/Class;' in 'java/lang/ClassLoader'
  # parm0:    rdx:rdx   = 'java/lang/ClassLoader'
  # parm1:    r8:r8     = 'java/lang/String'
  # parm2:    r9:r9     = '[B'
  # parm3:    rdi       = int
  # parm4:    rsi       = int
  # parm5:    rcx:rcx   = 'java/security/ProtectionDomain'
  # parm6:    [sp+0xa0]   = 'java/lang/String'  (sp of caller)
  0x000001fec7d0c6a0: 448b 5208 | 49bb 0000 | 0000 0800 | 0000 4d03 | d349 3bc2 | 0f84 0600 

  0x000001fec7d0c6b8: ;   {runtime_call ic_miss_stub}
  0x000001fec7d0c6b8: 0000 e9c1 | 20a8 ff90 
[Verified Entry Point]
  0x000001fec7d0c6c0: 8984 2400 | 80ff ff55 | 488b ec48 | 81ec 9000 | 0000 6690 | 4181 7f20 | 0900 0000 

  0x000001fec7d0c6dc: ;   {runtime_call StubRoutines (final stubs)}
  0x000001fec7d0c6dc: 7405 e87d | d4a6 ff48 | 837d 1000 | 488d 4510 | 480f 4445 | 1048 8944 | 2440 4889 | 4c24 7048 
  0x000001fec7d0c6fc: 83f9 0048 | 8d44 2470 | 480f 4444 | 2470 4889 | 4424 3848 | 8974 2430 | 4889 7c24 | 284c 894c 
  0x000001fec7d0c71c: 2458 4983 | f900 488d | 4424 5848 | 0f44 4424 | 5848 8944 | 2420 4c89 | 4424 5049 | 83f8 004c 
  0x000001fec7d0c73c: 8d4c 2450 | 4c0f 444c | 2450 4889 | 5424 4848 | 83fa 004c | 8d44 2448 | 4c0f 4444 

  0x000001fec7d0c758: ;   {oop(a 'java/lang/Class'{0x000000070ab7c1c8} = 'java/lang/ClassLoader')}
  0x000001fec7d0c758: 2448 49be | c8c1 b70a | 0700 0000 | 4c89 7424 | 784c 8d74 | 2478 498b | d6c5 f877 

  0x000001fec7d0c774: ;   {internal_word}
  0x000001fec7d0c774: 49ba 71c7 | d0c7 fe01 | 0000 4d89 | 97a0 0300 | 0049 89a7 | 9803 0000 

  0x000001fec7d0c78c: ;   {external_word}
  0x000001fec7d0c78c: 49ba 40e7 | f604 fc7f | 0000 4180 | 3a00 0f84 | 4e00 0000 | 5241 5041 

  0x000001fec7d0c7a4: ;   {metadata({method} {0x000001fed8025008} 'defineClass1' '(Ljava/lang/ClassLoader;Ljava/lang/String;[BIILjava/security/ProtectionDomain;Ljava/lang/String;)Ljava/lang/Class;' in 'java/lang/ClassLoader')}
  0x000001fec7d0c7a4: 5148 ba00 | 5002 d8fe | 0100 0049 | 8bcf 4883 | ec20 40f6 | c40f 0f84 | 1900 0000 | 4883 ec08 
  0x000001fec7d0c7c4: ;   {runtime_call}
  0x000001fec7d0c7c4: 48b8 4054 | b104 fc7f | 0000 ffd0 | 4883 c408 | e90c 0000 

  0x000001fec7d0c7d8: ;   {runtime_call}
  0x000001fec7d0c7d8: 0048 b840 | 54b1 04fc | 7f00 00ff | d048 83c4 | 2041 5941 | 585a 498d | 8fb8 0300 | 0041 c787 
  0x000001fec7d0c7f8: 4c04 0000 | 0400 0000 

  0x000001fec7d0c800: ;   {runtime_call}
  0x000001fec7d0c800: 48b8 ac16 | 8db3 fc7f | 0000 ffd0 | c5f8 7741 | c787 4c04 | 0000 0500 | 0000 f083 | 4424 c000 
  0x000001fec7d0c820: 493b af50 | 0400 000f | 870e 0000 | 0041 83bf | 4804 0000 | 000f 842b | 0000 00c5 | f877 4889 
  0x000001fec7d0c840: 45f8 498b | cf4c 8be4 | 4883 ec20 | 4883 e4f0 

  0x000001fec7d0c850: ;   {runtime_call}
  0x000001fec7d0c850: 48b8 60c7 | 7c04 fc7f | 0000 ffd0 | 498b e44d | 33e4 488b | 45f8 41c7 | 874c 0400 | 0008 0000 
  0x000001fec7d0c870: 0041 83bf | c804 0000 | 020f 84a3 

  0x000001fec7d0c87c: ;   {external_word}
  0x000001fec7d0c87c: 0200 0049 | ba40 e7f6 | 04fc 7f00 | 0041 803a | 000f 844c | 0000 0048 

  0x000001fec7d0c894: ;   {metadata({method} {0x000001fed8025008} 'defineClass1' '(Ljava/lang/ClassLoader;Ljava/lang/String;[BIILjava/security/ProtectionDomain;Ljava/lang/String;)Ljava/lang/Class;' in 'java/lang/ClassLoader')}
  0x000001fec7d0c894: 8945 f848 | ba00 5002 | d8fe 0100 | 0049 8bcf | 4883 ec20 | 40f6 c40f | 0f84 1900 | 0000 4883 
  0x000001fec7d0c8b4: ;   {runtime_call}
  0x000001fec7d0c8b4: ec08 48b8 | 4054 b104 | fc7f 0000 | ffd0 4883 | c408 e90c 

  0x000001fec7d0c8c8: ;   {runtime_call}
  0x000001fec7d0c8c8: 0000 0048 | b840 54b1 | 04fc 7f00 | 00ff d048 | 83c4 2048 | 8b45 f849 | c787 9803 | 0000 0000 
  0x000001fec7d0c8e8: 0000 49c7 | 87a0 0300 | 0000 0000 | 00c5 f877 | 4885 c00f | 84fe 0100 | 00a8 030f | 8508 0000 
  0x000001fec7d0c908: 0048 8b00 | e9ee 0100 | 00a8 010f | 8509 0000 | 0048 8b40 | fee9 dd01 | 0000 488b | 40ff 4180 
  0x000001fec7d0c928: 7f40 000f | 84ce 0100 | 0048 83f8 | 000f 84c4 | 0100 0049 | 8b4f 2848 | 83f9 000f | 8414 0000 
  0x000001fec7d0c948: 0048 83e9 | 0849 894f | 2849 034f | 3848 8901 | e9a2 0100 | 0048 81ec | d000 0000 | 4889 0424 
  0x000001fec7d0c968: 4889 4c24 | 0848 8954 | 2410 4889 | 7424 1848 | 897c 2420 | 4c89 4424 | 284c 894c | 2430 4c89 
  0x000001fec7d0c988: 5424 384c | 895c 2440 | c5fb 1144 | 2450 c5fb | 114c 2458 | c5fb 1154 | 2460 c5fb | 115c 2468 
  0x000001fec7d0c9a8: c5fb 1164 | 2470 c5fb | 116c 2478 | c5fb 11b4 | 2480 0000 | 00c5 fb11 | bc24 8800 | 0000 c57b 
  0x000001fec7d0c9c8: ;   {no_reloc}
  0x000001fec7d0c9c8: 1184 2490 | 0000 00c5 | 7b11 8c24 | 9800 0000 | c57b 1194 | 24a0 0000 | 00c5 7b11 | 9c24 a800 
  0x000001fec7d0c9e8: 0000 c57b | 11a4 24b0 | 0000 00c5 | 7b11 ac24 | b800 0000 | c57b 11b4 | 24c0 0000 | 00c5 7b11 
  0x000001fec7d0ca08: bc24 c800 | 0000 498b | d748 8bc8 | 4883 ec20 | 40f6 c40f | 0f84 1900 | 0000 4883 

  0x000001fec7d0ca24: ;   {runtime_call}
  0x000001fec7d0ca24: ec08 48b8 | 60dd 6f04 | fc7f 0000 | ffd0 4883 | c408 e90c 

  0x000001fec7d0ca38: ;   {runtime_call}
  0x000001fec7d0ca38: 0000 0048 | b860 dd6f | 04fc 7f00 | 00ff d048 | 83c4 20c5 | 7b10 bc24 | c800 0000 | c57b 10b4 
  0x000001fec7d0ca58: 24c0 0000 | 00c5 7b10 | ac24 b800 | 0000 c57b | 10a4 24b0 | 0000 00c5 | 7b10 9c24 | a800 0000 
  0x000001fec7d0ca78: c57b 1094 | 24a0 0000 | 00c5 7b10 | 8c24 9800 | 0000 c57b | 1084 2490 | 0000 00c5 | fb10 bc24 
  0x000001fec7d0ca98: 8800 0000 | c5fb 10b4 | 2480 0000 | 00c5 fb10 | 6c24 78c5 | fb10 6424 | 70c5 fb10 | 5c24 68c5 
  0x000001fec7d0cab8: fb10 5424 | 60c5 fb10 | 4c24 58c5 | fb10 4424 | 504c 8b5c | 2440 4c8b | 5424 384c | 8b4c 2430 
  0x000001fec7d0cad8: 4c8b 4424 | 2848 8b7c | 2420 488b | 7424 1848 | 8b54 2410 | 488b 4c24 | 0848 8b04 | 2448 81c4 
  0x000001fec7d0caf8: d000 0000 | c5f8 7749 | 8b8f 2804 | 0000 c781 | 0001 0000 | 0000 0000 | c949 837f | 0800 0f85 
  0x000001fec7d0cb18: 0100 0000 

  0x000001fec7d0cb1c: ;   {runtime_call StubRoutines (initial stubs)}
  0x000001fec7d0cb1c: c3e9 de43 | a3ff c5f8 | 7748 8945 | f84c 8be4 | 4883 ec20 | 4883 e4f0 

  0x000001fec7d0cb34: ;   {runtime_call}
  0x000001fec7d0cb34: 48b8 e08b | b104 fc7f | 0000 ffd0 | 498b e44d | 33e4 488b | 45f8 e930 | fdff fff4 
[/MachCode]


Compiled method (c2)   29990 4313       4       java.security.SecureClassLoader::defineClass (16 bytes)
 total in heap  [0x000001fec7f57190,0x000001fec7f590e0] = 8016
 relocation     [0x000001fec7f572e8,0x000001fec7f57408] = 288
 main code      [0x000001fec7f57420,0x000001fec7f58318] = 3832
 stub code      [0x000001fec7f58318,0x000001fec7f58378] = 96
 oops           [0x000001fec7f58378,0x000001fec7f58390] = 24
 metadata       [0x000001fec7f58390,0x000001fec7f58550] = 448
 scopes data    [0x000001fec7f58550,0x000001fec7f58ca0] = 1872
 scopes pcs     [0x000001fec7f58ca0,0x000001fec7f58f40] = 672
 dependencies   [0x000001fec7f58f40,0x000001fec7f58fb0] = 112
 handler table  [0x000001fec7f58fb0,0x000001fec7f590a0] = 240
 nul chk table  [0x000001fec7f590a0,0x000001fec7f590e0] = 64

[Constant Pool (empty)]

[MachCode]
[Entry Point]
  # {method} {0x000001fed803d460} 'defineClass' '(Ljava/lang/String;[BIILjava/security/CodeSource;)Ljava/lang/Class;' in 'java/security/SecureClassLoader'
  # this:     rdx:rdx   = 'java/security/SecureClassLoader'
  # parm0:    r8:r8     = 'java/lang/String'
  # parm1:    r9:r9     = '[B'
  # parm2:    rdi       = int
  # parm3:    rsi       = int
  # parm4:    rcx:rcx   = 'java/security/CodeSource'
  #           [sp+0xc0]  (sp of caller)
  0x000001fec7f57420: 448b 5208 | 49bb 0000 | 0000 0800 | 0000 4d03 | d349 3bc2 

  0x000001fec7f57434: ;   {runtime_call ic_miss_stub}
  0x000001fec7f57434: 0f85 4673 | 83ff 6690 | 0f1f 4000 
[Verified Entry Point]
  0x000001fec7f57440: 8984 2400 | 80ff ff55 | 4881 ecb0 | 0000 0090 | 4181 7f20 | 0900 0000 | 0f85 b00e | 0000 8974 
  0x000001fec7f57460: 2444 897c | 2440 4c89 | 4c24 384c | 8944 2430 | 4889 5424 | 2848 8be9 | 4885 c90f | 8433 0b00 
  0x000001fec7f57480: 004d 8b87 | b801 0000 | 4d8b d049 | 83c2 104d | 3b97 c801 | 0000 0f83 | 2107 0000 | 4d89 97b8 
  0x000001fec7f574a0: 0100 0041 | 0f18 8200 | 0100 0049 | c700 0100 

  0x000001fec7f574b0: ;   {metadata('java/security/SecureClassLoader$CodeSourceKey')}
  0x000001fec7f574b0: 0000 41c7 | 4008 e0db | 0100 4c8b | d549 c1ea | 0345 8950 | 0c4d 8b8f | b801 0000 | 4c8b 5424 
  0x000001fec7f574d0: 2841 8b6a | 504d 8bd1 | 4983 c210 | 4d3b 97c8 | 0100 000f | 8303 0700 | 004d 8997 | b801 0000 
  0x000001fec7f574f0: 410f 1882 | 0001 0000 | 49c7 0101 

  0x000001fec7f574fc: ;   {metadata('java/security/SecureClassLoader$1')}
  0x000001fec7f574fc: 0000 0041 | c741 0800 | de01 004c | 8b54 2428 | 49c1 ea03 | 4589 510c 

  0x000001fec7f57514: ; implicit exception: dispatches to 0x000001fec7f5813c
  0x000001fec7f57514: 458b 54ec 

  0x000001fec7f57518: ;   {metadata('java/util/concurrent/ConcurrentHashMap')}
  0x000001fec7f57518: 0841 81fa | 8858 0500 | 0f85 ca08 | 0000 498d | 14ec 6690 

  0x000001fec7f5752c: ;   {optimized virtual_call}
  0x000001fec7f5752c: c5f8 77e8 

  0x000001fec7f57530: ; ImmutableOopMap {[40]=Oop [48]=Oop [56]=Oop }
                      ;*invokeinterface computeIfAbsent {reexecute=0 rethrow=0 return_oop=1}
                      ; - java.security.SecureClassLoader::getProtectionDomain@28
                      ; - java.security.SecureClassLoader::defineClass@9
  0x000001fec7f57530: ec26 e8ff 

  0x000001fec7f57534: ;   {other}
  0x000001fec7f57534: 0f1f 8400 | a403 0000 

  0x000001fec7f5753c: ; implicit exception: dispatches to 0x000001fec7f5815c
  0x000001fec7f5753c: 448b 5808 

  0x000001fec7f57540: ;   {metadata('java/security/ProtectionDomain')}
  0x000001fec7f57540: 4181 fbb8 | 4204 000f | 859f 0b00 | 0048 8944 | 2448 4c8b | 5424 3045 | 8b6a 1447 | 8b5c ec0c 
  0x000001fec7f57560: 33ed 4585 | db0f 86e9 | 0800 0045 | 0fbe 4210 | 4585 c00f | 85f7 0900 | 00c4 423a | f7cb 453b 
  0x000001fec7f57580: cb45 8bd1 | 450f 4fd3 | 4f8d 04ec | 4f8d 74ec | 1045 85d2 | 0f8e d000 | 0000 453b | da0f 82cd 
  0x000001fec7f575a0: 0800 00b8 | 2f00 0000 | 498b fe41 | 8bd2 488b | df83 fa10 | 0f8c 7900 | 0000 83fa | 200f 8c36 
  0x000001fec7f575c0: 0000 00c5 | f96e c8c4 | e27d 78c9 | c5ed efd2 | 8bca 83e1 | e083 e21f | c5fe 6f03 | c5fd 74c1 
  0x000001fec7f575e0: c4e2 7d17 | d00f 8369 | 0000 0048 | 83c3 2083 | e920 75e4 | e90d 0000 | 00c5 f96e | c8c5 e9ef 
  0x000001fec7f57600: d2c4 e271 | 00ca 83fa | 100f 8c24 | 0000 008b | ca83 e1f0 | 83e2 0fc5 | fa6f 03c5 | f974 c1c4 
  0x000001fec7f57620: e279 17d0 | 0f83 2a00 | 0000 4883 | c310 83e9 | 1075 e485 | d20f 8412 | 0000 000f 

  0x000001fec7f5763c: ;   {no_reloc}
  0x000001fec7f5763c: b60b 3bc1 | 741c 4883 | c301 83ea | 0174 02eb | eebb ffff | ffff eb0d | c5fd d7c8 | 0fbc c148 
  0x000001fec7f5765c: 03d8 482b | df83 fbff | 0f85 420a | 0000 410f | b62e 83fd | 5b0f 8471 | 0900 0045 | 8d51 fb45 
  0x000001fec7f5767c: 85d2 7c14 | 4183 fb04 | 0f86 1608 | 0000 4180 | 3e6a 0f84 | a603 0000 | 4c8b 5424 | 4841 8b5a 
  0x000001fec7f5769c: 1041 8d4b | ff45 8d51 | ff44 3bd1 | 440f 4fd1 | 4585 d27c | 3b0f 1f84 | 0000 0000 | 000f 1f80 
  0x000001fec7f576bc: 0000 0000 | 453b d30f | 8346 0600 | 0043 807c | 1010 2e74 | 2149 8b97 | 5804 0000 | 41ff ca48 
  0x000001fec7f576dc: 8b4c 2428 | 488b 7c24 

  0x000001fec7f576e4: ; ImmutableOopMap {r8=Oop r14=Derived_oop_r8 rcx=Oop rbx=NarrowOop rdi=Oop r13=NarrowOop [40]=Oop [48]=Oop [56]=Oop [72]=Oop }
                      ;*goto {reexecute=1 rethrow=0 return_oop=0}
                      ; - (reexecute) java.lang.StringLatin1::lastIndexOf@35
                      ; - java.lang.String::lastIndexOf@13
                      ; - java.lang.String::lastIndexOf@8
                      ; - java.lang.ClassLoader::checkCerts@3
                      ; - java.lang.ClassLoader::preDefineClass@113
                      ; - java.lang.ClassLoader::defineClass@4
                      ; - java.security.SecureClassLoader::defineClass@12
                      ;   {poll}
  0x000001fec7f576e4: 3085 0245 | 85d2 7dd4 | 41ba ffff | ffff 4183 | faff 0f84 | 0409 0000 | 4585 d20f | 8c87 0800 
  0x000001fec7f57704: 0045 3bd1 | 0f8f 0e09 | 0000 453b | d10f 8419 | 0300 0045 | 85d2 0f84 | 6803 0000 | 498b b7b8 
  0x000001fec7f57724: 0100 004c | 8bce 4983 | c118 4d3b | 8fc8 0100 | 000f 83de | 0400 004d | 898f b801 | 0000 410f 
  0x000001fec7f57744: 1881 0001 | 0000 48c7 | 0601 0000 

  0x000001fec7f57750: ;   {metadata('java/lang/String')}
  0x000001fec7f57750: 00c7 4608 | b01e 0400 | 4489 660c | 4c89 6610 | 453b d30f | 8595 0000 | 004d 63cb | 4181 fb00 
  0x000001fec7f57770: 0010 000f | 87cf 0500 | 0049 8bbf | b801 0000 | 4d8d 5117 | 4983 e2f8 | 488b cf49 | 03ca 493b 
  0x000001fec7f57790: 8fc8 0100 | 000f 83ad | 0500 0049 | 898f b801 | 0000 0f18 | 8100 0100 | 0048 c707 | 0100 0000 
  0x000001fec7f577b0: 0f18 8140 

  0x000001fec7f577b4: ;   {metadata({type array byte})}
  0x000001fec7f577b4: 0100 00c7 | 4708 280a | 0400 4489 | 5f0c 0f18 | 8180 0100 | 0048 8bd7 | 4883 c210 | 4983 c107 
  0x000001fec7f577d4: 49c1 e903 | 498b ce4d | 8bc1 c5f8 | 7749 ba60 | 8177 c7fe | 0100 0041 

  0x000001fec7f577ec: ;   {other}
  0x000001fec7f577ec: ffd2 0f1f | 8400 0000 | 0000 4c8b | efe9 d600 | 0000 4181 | fa00 0010 | 000f 87b5 | 0600 004d 
  0x000001fec7f5780c: 63ca 453b | da41 8beb | 410f 4fea | 443b dd0f | 8213 0700 | 0044 3bd5 | 0f82 0a07 | 0000 4983 
  0x000001fec7f5782c: c117 498b | f948 83e7 | f841 81fa | 0000 1000 | 0f87 5204 | 0000 4d8b | afb8 0100 | 004d 8bdd 
  0x000001fec7f5784c: 4c03 df4d | 3b9f c801 | 0000 0f83 | 3804 0000 | 4d89 9fb8 | 0100 0041 | 0f18 8300 | 0100 0049 
  0x000001fec7f5786c: c745 0001 | 0000 0041 | 0f18 8340 

  0x000001fec7f57878: ;   {metadata({type array byte})}
  0x000001fec7f57878: 0100 0041 | c745 0828 | 0a04 0045 | 8955 0c41 | 0f18 8380 | 0100 004d | 8bdd 4983 | c310 49c1 
  0x000001fec7f57898: e903 85ed | 0f84 2606 | 0000 413b | ea0f 8c74 | 0200 0048 | 83c7 f048 | c1ef 0349 | 8bce 498b 
  0x000001fec7f578b8: d34c 8bc7 | c5f8 7749 | ba60 8177 | c7fe 0100 | 0041 ffd2 

  0x000001fec7f578cc: ;   {other}
  0x000001fec7f578cc: 0f1f 8400 | 0000 0000 | 4180 7f40 | 000f 85b8 | 0100 004c | 8bd6 4d8b | c549 c1e8 | 0344 8946 
  0x000001fec7f578ec: 144d 8bdd | 4d33 da49 | c1eb 154d | 85db 741a | 49c1 ea09 | 48b9 00d0 | 6bcc fe01 | 0000 4903 
  0x000001fec7f5790c: ca80 3902 | 0f85 b801 | 0000 4488 | 6610 418b | 6cdc 1485 | ed0f 8525 | 0700 0041 | 8b6c dc10 
  0x000001fec7f5792c: 85ed 0f85 | 3807 0000 | 4c8b 5424 | 2845 8b5a | 2c45 85db | 0f84 7804 | 0000 4b8d | 14dc bf01 
  0x000001fec7f5794c: ;   {oop(a 'java/security/cert/Certificate'[0] {0x000000070ab7c248})}
  0x000001fec7f5794c: 0000 0049 | b948 c2b7 | 0a07 0000 | 004c 8bc6 

  0x000001fec7f5795c: ;   {optimized virtual_call}
  0x000001fec7f5795c: c5f8 77e8 

  0x000001fec7f57960: ; ImmutableOopMap {[40]=Oop [48]=Oop [56]=Oop [72]=Oop }
                      ;*invokevirtual putVal {reexecute=0 rethrow=0 return_oop=1}
                      ; - java.util.concurrent.ConcurrentHashMap::putIfAbsent@4
                      ; - java.lang.ClassLoader::checkCerts@62
                      ; - java.lang.ClassLoader::preDefineClass@113
                      ; - java.lang.ClassLoader::defineClass@4
                      ; - java.security.SecureClassLoader::defineClass@12
  0x000001fec7f57960: 5c9e 6900 

  0x000001fec7f57964: ;   {other}
  0x000001fec7f57964: 0f1f 8400 | d407 0002 | 4885 c074 | 1c44 8b50 

  0x000001fec7f57974: ;   {metadata('java/security/cert/Certificate'[])}
  0x000001fec7f57974: 0841 81fa | 308f 0200 | 0f85 9e07 | 0000 8b68 | 0c85 ed0f | 87ff 0600 | 004c 8b54 | 2448 458b 
  0x000001fec7f57994: 5a10 438b | 6cdc 0c45 | 8b54 ec38 | 4585 d20f | 842f 0400 | 004b 8d14 | d44d 8d04 | ec66 6690 
  0x000001fec7f579b4: ;   {optimized virtual_call}
  0x000001fec7f579b4: c5f8 77e8 

  0x000001fec7f579b8: ; ImmutableOopMap {[40]=Oop [48]=Oop [56]=Oop [72]=Oop }
                      ;*invokevirtual toExternalForm {reexecute=0 rethrow=0 return_oop=1}
                      ; - java.net.URL::toExternalForm@5
                      ; - java.net.URL::toString@1
                      ; - java.lang.ClassLoader::defineClassSourceLocation@22
                      ; - java.lang.ClassLoader::defineClass@12
                      ; - java.security.SecureClassLoader::defineClass@12
  0x000001fec7f579b8: 0494 ffff 

  0x000001fec7f579bc: ;   {other}
  0x000001fec7f579bc: 0f1f 8400 | 2c08 0003 | 488b 5424 | 284c 8b44 | 2430 4c8b | 4c24 388b | 7c24 408b | 7424 4448 
  0x000001fec7f579dc: 8b4c 2448 | 4889 0424 

  0x000001fec7f579e4: ;   {static_call}
  0x000001fec7f579e4: c5f8 77e8 

  0x000001fec7f579e8: ; ImmutableOopMap {[40]=Oop [72]=Oop }
                      ;*invokestatic defineClass1 {reexecute=0 rethrow=0 return_oop=1}
                      ; - java.lang.ClassLoader::defineClass@27
                      ; - java.security.SecureClassLoader::defineClass@12
  0x000001fec7f579e8: d44c dbff 

  0x000001fec7f579ec: ;   {other}
  0x000001fec7f579ec: 0f1f 8400 | 5c08 0004 | 488b e848 | 8b54 2428 | 4c8b c04c | 8b4c 2448 

  0x000001fec7f57a04: ;   {optimized virtual_call}
  0x000001fec7f57a04: c5f8 77e8 

  0x000001fec7f57a08: ; ImmutableOopMap {rbp=Oop }
                      ;*invokevirtual postDefineClass {reexecute=0 rethrow=0 return_oop=0}
                      ; - java.lang.ClassLoader::defineClass@37
                      ; - java.security.SecureClassLoader::defineClass@12
  0x000001fec7f57a08: b407 feff 

  0x000001fec7f57a0c: ;   {other}
  0x000001fec7f57a0c: 0f1f 8400 | 7c08 0005 | 488b c5c5 | f877 4881 | c4b0 0000 

  0x000001fec7f57a20: ;   {poll_return}
  0x000001fec7f57a20: 005d 493b | a750 0400 | 000f 87c9 | 0800 00c3 | 488b 7424 | 30e9 e0fe | ffff 4380 | 7cec 1161 
  0x000001fec7f57a40: 0f85 4efc | ffff 4380 | 7cec 1276 | 0f85 42fc | ffff 4380 | 7cec 1361 | 0f85 36fc | ffff 470f 
  0x000001fec7f57a60: be54 ec14 | 4183 fa2e | 0f85 26fc | ffff ba45 | ffff ff48 | 8b6c 2428 

  0x000001fec7f57a78: ;   {runtime_call UncommonTrapBlob}
  0x000001fec7f57a78: c5f8 77e8 

  0x000001fec7f57a7c: ; ImmutableOopMap {rbp=Oop [48]=Oop [56]=Oop [72]=Oop }
                      ;*ifeq {reexecute=1 rethrow=0 return_oop=0}
                      ; - (reexecute) java.lang.ClassLoader::preDefineClass@46
                      ; - java.lang.ClassLoader::defineClass@4
                      ; - java.security.SecureClassLoader::defineClass@12
  0x000001fec7f57a7c: 80cb 83ff 

  0x000001fec7f57a80: ;   {other}
  0x000001fec7f57a80: 0f1f 8400 | f008 0006 

  0x000001fec7f57a88: ;   {oop(""{0x000000070aa00e18})}
  0x000001fec7f57a88: 48be 180e | a00a 0700 | 0000 e983 | feff ff44 | 8b56 1445 | 85d2 0f84 | 3bfe ffff | 4d8b 5f28 
  0x000001fec7f57aa8: 498b ca48 | c1e1 034d | 85db 0f84 | 1406 0000 | 4d8b 5738 | 4b89 4c1a | f849 83c3 | f84d 895f 
  0x000001fec7f57ac8: 28e9 11fe | ffff 4d8b | 5748 4d8b | 5f58 f083 | 4424 c000 | 8039 000f | 8431 feff | ff44 8821 
  0x000001fec7f57ae8: 4d85 d275 | 2049 8bd7 | c5f8 7749 | ba40 dd6f | 04fc 7f00 | 0041 ffd2 

  0x000001fec7f57b00: ;   {other}
  0x000001fec7f57b00: 0f1f 8400 | 0000 0000 | e909 feff | ff4b 894c | 13f8 4983 | c2f8 4d89 | 5748 e9f7 | fdff ff4c 
  0x000001fec7f57b20: 63c5 4d8d | 5010 498b | ca48 83e1 | f849 8bfd | 4803 f949 | c1ea 034d | 2bca 498b | c948 33c0 
  0x000001fec7f57b40: 4883 f908 | 7f10 48ff | c978 4f48 | 8904 cf48 | ffc9 7df7 | eb44 c5fd | efc0 e90d | 0000 00c5 
  0x000001fec7f57b60: fe7f 07c5 | fe7f 4720 | 4883 c740 | 4883 e908 | 7ded 4883 | c104 7c0c | c5fe 7f07 | 4883 c720 
  0x000001fec7f57b80: 4883 e904 | 4883 c104 | 7e10 48ff | c9c5 f9d6 | 0748 83c7 | 0848 ffc9 | 7df3 498b | ce49 8bd3 
  0x000001fec7f57ba0: c5f8 7749 | bac0 7a77 | c7fe 0100 | 0041 ffd2 

  0x000001fec7f57bb0: ;   {other}
  0x000001fec7f57bb0: 0f1f 8400 | 0000 0000 | e917 fdff 

  0x000001fec7f57bbc: ;   {metadata('java/security/SecureClassLoader$CodeSourceKey')}
  0x000001fec7f57bbc: ff48 bae0 | db01 0008 | 0000 0048 | ff74 2428 | 488f 4424 | 2066 6690 

  0x000001fec7f57bd4: ;   {runtime_call _new_instance_Java}
  0x000001fec7f57bd4: c5f8 77e8 

  0x000001fec7f57bd8: ; ImmutableOopMap {rbp=Oop [32]=Oop [40]=Oop [48]=Oop [56]=Oop }
                      ;*new {reexecute=0 rethrow=0 return_oop=1}
                      ; - java.security.SecureClassLoader::getProtectionDomain@6
                      ; - java.security.SecureClassLoader::defineClass@9
  0x000001fec7f57bd8: a4d7 8fff 

  0x000001fec7f57bdc: ;   {other}
  0x000001fec7f57bdc: 0f1f 8400 | 4c0a 0007 | 4c8b c0e9 | cef8 ffff 

  0x000001fec7f57bec: ;   {metadata('java/security/SecureClassLoader$1')}
  0x000001fec7f57bec: 48ba 00de | 0100 0800 | 0000 4c89 | 4424 5090 

  0x000001fec7f57bfc: ;   {runtime_call _new_instance_Java}
  0x000001fec7f57bfc: c5f8 77e8 

  0x000001fec7f57c00: ; ImmutableOopMap {rbp=NarrowOop [40]=Oop [48]=Oop [56]=Oop [80]=Oop }
                      ;*new {reexecute=0 rethrow=0 return_oop=1}
                      ; - java.security.SecureClassLoader::getProtectionDomain@20
                      ; - java.security.SecureClassLoader::defineClass@9
  0x000001fec7f57c00: 7cd7 8fff 

  0x000001fec7f57c04: ;   {other}
  0x000001fec7f57c04: 0f1f 8400 | 740a 0008 | 4c8b c84c | 8b44 2450 | e9ee f8ff | ff44 8954 | 246c 895c | 2468 4c89 
  0x000001fec7f57c24: 7424 604c | 8944 2458 | 4489 5c24 | 5444 896c | 2450 48ff | 7424 3048 | 8f44 2420 | 488b 6c24 
  0x000001fec7f57c44: ;   {metadata('java/lang/String')}
  0x000001fec7f57c44: 2848 bab0 | 1e04 0008 | 0000 0090 

  0x000001fec7f57c50: ;   {runtime_call _new_instance_Java}
  0x000001fec7f57c50: c5f8 77e8 

  0x000001fec7f57c54: ; ImmutableOopMap {rbp=Oop [32]=Oop [56]=Oop [72]=Oop [80]=NarrowOop [88]=Oop [96]=Derived_oop_[88] [104]=NarrowOop }
                      ;*new {reexecute=0 rethrow=0 return_oop=1}
                      ; - java.lang.StringLatin1::newString@7
                      ; - java.lang.String::substring@41
                      ; - java.lang.ClassLoader::checkCerts@21
                      ; - java.lang.ClassLoader::preDefineClass@113
                      ; - java.lang.ClassLoader::defineClass@4
                      ; - java.security.SecureClassLoader::defineClass@12
  0x000001fec7f57c54: 28d7 8fff 

  0x000001fec7f57c58: ;   {other}
  0x000001fec7f57c58: 0f1f 8400 | c80a 0009 | 4889 6c24 | 2848 ff74 | 2420 488f | 4424 3044 | 8b6c 2450 | 448b 5c24 
  0x000001fec7f57c78: 544c 8b44 | 2458 4c8b | 7424 608b | 5c24 6844 | 8b54 246c | 488b f0e9 | ccfa ffff | 4889 7c24 
  0x000001fec7f57c98: 784c 894c | 2470 4889 | 7424 6844 | 8954 2464 | 895c 2460 | 4c89 7424 | 584c 8944 | 2450 48ff 
  0x000001fec7f57cb8: 7424 2848 | 8f44 2420 

  0x000001fec7f57cc0: ;   {metadata({type array byte})}
  0x000001fec7f57cc0: 48ba 280a | 0400 0800 | 0000 458b | c266 6690 

  0x000001fec7f57cd0: ;   {runtime_call _new_array_nozero_Java}
  0x000001fec7f57cd0: c5f8 77e8 

  0x000001fec7f57cd4: ; ImmutableOopMap {[32]=Oop [48]=Oop [56]=Oop [72]=Oop [80]=Oop [88]=Derived_oop_[80] [96]=NarrowOop [104]=Oop }
                      ;*newarray {reexecute=0 rethrow=0 return_oop=1}
                      ; - java.util.Arrays::copyOfRangeByte@10
                      ; - java.util.Arrays::copyOfRange@13
                      ; - java.lang.StringLatin1::newString@16
                      ; - java.lang.String::substring@41
                      ; - java.lang.ClassLoader::checkCerts@21
                      ; - java.lang.ClassLoader::preDefineClass@113
                      ; - java.lang.ClassLoader::defineClass@4
                      ; - java.security.SecureClassLoader::defineClass@12
  0x000001fec7f57cd4: a8ac 8fff 

  0x000001fec7f57cd8: ;   {other}
  0x000001fec7f57cd8: 0f1f 8400 | 480b 000a | 48ff 7424 | 2048 8f44 | 2428 4c8b | 7424 588b | 5c24 6044 | 8b54 2464 
  0x000001fec7f57cf8: 488b 7424 | 684c 8b4c | 2470 488b | 7c24 784c | 8be8 e980 | fbff ffba | e4ff ffff | 4489 5424 
  0x000001fec7f57d18: 2044 8b54 | 2440 4489 | 5424 2444 | 8b5c 2444 | 4489 5c24 | 4089 5c24 | 4444 896c | 2464 6690 
  0x000001fec7f57d38: ;   {runtime_call UncommonTrapBlob}
  0x000001fec7f57d38: c5f8 77e8 

  0x000001fec7f57d3c: ; ImmutableOopMap {[40]=Oop [48]=Oop [56]=Oop [68]=NarrowOop [72]=Oop [100]=NarrowOop }
                      ;*baload {reexecute=0 rethrow=0 return_oop=0}
                      ; - java.lang.StringLatin1::lastIndexOf@24
                      ; - java.lang.String::lastIndexOf@13
                      ; - java.lang.String::lastIndexOf@8
                      ; - java.lang.ClassLoader::checkCerts@3
                      ; - java.lang.ClassLoader::preDefineClass@113
                      ; - java.lang.ClassLoader::defineClass@4
                      ; - java.security.SecureClassLoader::defineClass@12
  0x000001fec7f57d3c: c0c8 83ff 

  0x000001fec7f57d40: ;   {other}
  0x000001fec7f57d40: 0f1f 8400 | b00b 000b | 4c89 4c24 | 7048 8974 | 2468 895c | 2454 4c89 | 7424 604c | 8944 2458 
  0x000001fec7f57d60: 4489 6c24 | 5048 ff74 | 2430 488f | 4424 2048 | 8b6c 2428 

  0x000001fec7f57d74: ;   {metadata({type array byte})}
  0x000001fec7f57d74: 48ba 280a | 0400 0800 | 0000 458b | c366 6690 

  0x000001fec7f57d84: ;   {runtime_call _new_array_nozero_Java}
  0x000001fec7f57d84: c5f8 77e8 

  0x000001fec7f57d88: ; ImmutableOopMap {rbp=Oop [32]=Oop [56]=Oop [72]=Oop [80]=NarrowOop [84]=NarrowOop [88]=Oop [96]=Derived_oop_[88] [104]=Oop }
                      ;*invokevirtual clone {reexecute=1 rethrow=0 return_oop=1}
                      ; - (reexecute) java.util.Arrays::copyOfRange@18
                      ; - java.lang.StringLatin1::newString@16
                      ; - java.lang.String::substring@41
                      ; - java.lang.ClassLoader::checkCerts@21
                      ; - java.lang.ClassLoader::preDefineClass@113
                      ; - java.lang.ClassLoader::defineClass@4
                      ; - java.security.SecureClassLoader::defineClass@12
  0x000001fec7f57d88: f4ab 8fff 

  0x000001fec7f57d8c: ;   {other}
  0x000001fec7f57d8c: 0f1f 8400 | fc0b 000c | 4889 6c24 | 2848 ff74 | 2420 488f | 4424 304c | 8b74 2460 | 8b5c 2454 
  0x000001fec7f57dac: 488b 7424 | 684c 8b4c | 2470 488b | f8e9 0bfa | ffff baf6 | ffff ff48 | 8bee 6690 

  0x000001fec7f57dc8: ;   {runtime_call UncommonTrapBlob}
  0x000001fec7f57dc8: c5f8 77e8 

  0x000001fec7f57dcc: ; ImmutableOopMap {rbp=Oop }
                      ;*invokevirtual putIfAbsent {reexecute=0 rethrow=0 return_oop=0}
                      ; - java.lang.ClassLoader::checkCerts@62
                      ; - java.lang.ClassLoader::preDefineClass@113
                      ; - java.lang.ClassLoader::defineClass@4
                      ; - java.security.SecureClassLoader::defineClass@12
  0x000001fec7f57dcc: 30c8 83ff 

  0x000001fec7f57dd0: ;   {other}
  0x000001fec7f57dd0: 0f1f 8400 | 400c 000d | baf6 ffff | ff66 6690 

  0x000001fec7f57de0: ;   {runtime_call UncommonTrapBlob}
  0x000001fec7f57de0: c5f8 77e8 

  0x000001fec7f57de4: ; ImmutableOopMap {rbp=NarrowOop }
                      ;*invokevirtual toExternalForm {reexecute=0 rethrow=0 return_oop=0}
                      ; - java.net.URL::toExternalForm@5
                      ; - java.net.URL::toString@1
                      ; - java.lang.ClassLoader::defineClassSourceLocation@22
                      ; - java.lang.ClassLoader::defineClass@12
                      ; - java.security.SecureClassLoader::defineClass@12
  0x000001fec7f57de4: 18c8 83ff 

  0x000001fec7f57de8: ;   {other}
  0x000001fec7f57de8: 0f1f 8400 | 580c 000e | bade ffff | ff48 ff74 | 2428 488f | 4424 2048 | ff74 2430 | 488f 4424 
  0x000001fec7f57e08: 2848 ff74 | 2438 488f | 4424 3048 | 8944 24f8 | 8b44 2440 | 8944 2438 | 488b 4424 | f848 8944 
  0x000001fec7f57e28: 24f8 8b44 | 2444 8944 | 243c 488b | 4424 f84c | 8944 2440 | 4c89 4c24 | 4866 6690 

  0x000001fec7f57e44: ;   {runtime_call UncommonTrapBlob}
  0x000001fec7f57e44: c5f8 77e8 

  0x000001fec7f57e48: ; ImmutableOopMap {rbp=NarrowOop [32]=Oop [40]=Oop [48]=Oop [64]=Oop [72]=Oop }
                      ;*invokeinterface computeIfAbsent {reexecute=0 rethrow=0 return_oop=0}
                      ; - java.security.SecureClassLoader::getProtectionDomain@28
                      ; - java.security.SecureClassLoader::defineClass@9
  0x000001fec7f57e48: b4c7 83ff 

  0x000001fec7f57e4c: ;   {other}
  0x000001fec7f57e4c: 0f1f 8400 | bc0c 000f | 4585 db40 | 0f96 c5ba | 45ff ffff 

  0x000001fec7f57e60: ;   {runtime_call UncommonTrapBlob}
  0x000001fec7f57e60: c5f8 77e8 

  0x000001fec7f57e64: ; ImmutableOopMap {[40]=Oop [48]=Oop [56]=Oop [72]=Oop }
                      ;*ifeq {reexecute=1 rethrow=0 return_oop=0}
                      ; - (reexecute) java.lang.ClassLoader::checkName@8
                      ; - java.lang.ClassLoader::preDefineClass@1
                      ; - java.lang.ClassLoader::defineClass@4
                      ; - java.security.SecureClassLoader::defineClass@12
  0x000001fec7f57e64: 98c7 83ff 

  0x000001fec7f57e68: ;   {other}
  0x000001fec7f57e68: 0f1f 8400 | d80c 0010 | bace ffff | ff48 8b6c | 2428 48ff | 7424 3048 | 8f44 2420 | 4489 6c24 
  0x000001fec7f57e88: 5844 8954 | 245c 6690 

  0x000001fec7f57e90: ;   {runtime_call UncommonTrapBlob}
  0x000001fec7f57e90: c5f8 77e8 

  0x000001fec7f57e94: ; ImmutableOopMap {rbp=Oop [32]=Oop [56]=Oop [72]=Oop [88]=NarrowOop }
                      ;*invokestatic indexOfChar {reexecute=0 rethrow=0 return_oop=0}
                      ; - java.lang.StringLatin1::indexOf@33
                      ; - java.lang.String::indexOf@17
                      ; - java.lang.String::indexOf@3
                      ; - java.lang.ClassLoader::checkName@16
                      ; - java.lang.ClassLoader::preDefineClass@1
                      ; - java.lang.ClassLoader::defineClass@4
                      ; - java.security.SecureClassLoader::defineClass@12
  0x000001fec7f57e94: 68c7 83ff 

  0x000001fec7f57e98: ;   {other}
  0x000001fec7f57e98: 0f1f 8400 | 080d 0011 | bae4 ffff | ff48 8b6c | 2428 4489 | 6c24 5490 

  0x000001fec7f57eb0: ;   {runtime_call UncommonTrapBlob}
  0x000001fec7f57eb0: c5f8 77e8 

  0x000001fec7f57eb4: ; ImmutableOopMap {rbp=Oop [48]=Oop [56]=Oop [72]=Oop [84]=NarrowOop }
                      ;*baload {reexecute=0 rethrow=0 return_oop=0}
                      ; - jdk.internal.util.ArraysSupport::mismatch@82
                      ; - java.lang.String::startsWith@70
                      ; - java.lang.String::startsWith@3
                      ; - java.lang.ClassLoader::preDefineClass@43
                      ; - java.lang.ClassLoader::defineClass@4
                      ; - java.security.SecureClassLoader::defineClass@12
  0x000001fec7f57eb4: 48c7 83ff 

  0x000001fec7f57eb8: ;   {other}
  0x000001fec7f57eb8: 0f1f 8400 | 280d 0012 | 4d63 cae9 | 46f9 ffff | 4983 c1fe | 498b c949 | 8bfb 4833 | c048 83f9 
  0x000001fec7f57ed8: 087f 1048 | ffc9 784f | 4889 04cf | 48ff c97d | f7eb 44c5 | fdef c0e9 | 0d00 0000 | c5fe 7f07 
  0x000001fec7f57ef8: c5fe 7f47 | 2048 83c7 | 4048 83e9 | 087d ed48 | 83c1 047c | 0cc5 fe7f | 0748 83c7 | 2048 83e9 
  0x000001fec7f57f18: 0448 83c1 | 047e 1048 | ffc9 c5f9 | d607 4883 | c708 48ff | c97d f3e9 | a0f9 ffff | bacc ffff 
  0x000001fec7f57f38: ff44 8954 | 2420 448b | 5424 4044 | 8954 2424 | 448b 5c24 | 4444 895c | 2440 895c | 2444 4889 
  0x000001fec7f57f58: 7424 6844 | 896c 2470 

  0x000001fec7f57f60: ;   {runtime_call UncommonTrapBlob}
  0x000001fec7f57f60: c5f8 77e8 

  0x000001fec7f57f64: ; ImmutableOopMap {[40]=Oop [48]=Oop [56]=Oop [68]=NarrowOop [72]=Oop [104]=Oop [112]=NarrowOop }
                      ;*newarray {reexecute=1 rethrow=0 return_oop=0}
                      ; - (reexecute) java.util.Arrays::copyOfRangeByte@10
                      ; - java.util.Arrays::copyOfRange@13
                      ; - java.lang.StringLatin1::newString@16
                      ; - java.lang.String::substring@41
                      ; - java.lang.ClassLoader::checkCerts@21
                      ; - java.lang.ClassLoader::preDefineClass@113
                      ; - java.lang.ClassLoader::defineClass@4
                      ; - java.security.SecureClassLoader::defineClass@12
  0x000001fec7f57f64: 98c6 83ff 

  0x000001fec7f57f68: ;   {other}
  0x000001fec7f57f68: 0f1f 8400 | d80d 0013 | 4585 c040 | 0f94 c5ba | 45ff ffff 

  0x000001fec7f57f7c: ;   {runtime_call UncommonTrapBlob}
  0x000001fec7f57f7c: c5f8 77e8 

  0x000001fec7f57f80: ; ImmutableOopMap {[40]=Oop [48]=Oop [56]=Oop [72]=Oop }
                      ;*ifeq {reexecute=1 rethrow=0 return_oop=0}
                      ; - (reexecute) java.lang.String::indexOf@4
                      ; - java.lang.String::indexOf@3
                      ; - java.lang.ClassLoader::checkName@16
                      ; - java.lang.ClassLoader::preDefineClass@1
                      ; - java.lang.ClassLoader::defineClass@4
                      ; - java.security.SecureClassLoader::defineClass@12
  0x000001fec7f57f80: 7cc6 83ff 

  0x000001fec7f57f84: ;   {other}
  0x000001fec7f57f84: 0f1f 8400 | f40d 0014 | ba45 ffff | ff44 8954 | 2420 4489 | 5424 2489 | 5c24 6044 | 894c 2470 
  0x000001fec7f57fa4: ;   {runtime_call UncommonTrapBlob}
  0x000001fec7f57fa4: c5f8 77e8 

  0x000001fec7f57fa8: ; ImmutableOopMap {[40]=Oop [48]=Oop [56]=Oop [72]=Oop [96]=NarrowOop }
                      ;*if_icmpgt {reexecute=1 rethrow=0 return_oop=0}
                      ; - (reexecute) jdk.internal.util.Preconditions::checkFromToIndex@6
                      ; - java.lang.String::checkBoundsBeginEnd@6
                      ; - java.lang.String::substring@8
                      ; - java.lang.ClassLoader::checkCerts@21
                      ; - java.lang.ClassLoader::preDefineClass@113
                      ; - java.lang.ClassLoader::defineClass@4
                      ; - java.security.SecureClassLoader::defineClass@12
  0x000001fec7f57fa8: 54c6 83ff 

  0x000001fec7f57fac: ;   {other}
  0x000001fec7f57fac: 0f1f 8400 | 1c0e 0015 | ba45 ffff | ff48 ff74 | 2428 488f | 4424 204c | 8944 2428 | 4c89 4c24 
  0x000001fec7f57fcc: 3089 7c24 | 3889 7424 | 3c66 6690 

  0x000001fec7f57fd8: ;   {runtime_call UncommonTrapBlob}
  0x000001fec7f57fd8: c5f8 77e8 

  0x000001fec7f57fdc: ; ImmutableOopMap {rbp=Oop [32]=Oop [40]=Oop [48]=Oop }
                      ;*ifnonnull {reexecute=1 rethrow=0 return_oop=0}
                      ; - (reexecute) java.security.SecureClassLoader::getProtectionDomain@1
                      ; - java.security.SecureClassLoader::defineClass@9
  0x000001fec7f57fdc: 20c6 83ff 

  0x000001fec7f57fe0: ;   {other}
  0x000001fec7f57fe0: 0f1f 8400 | 500e 0016 | ba45 ffff | ff66 6690 

  0x000001fec7f57ff0: ;   {runtime_call UncommonTrapBlob}
  0x000001fec7f57ff0: c5f8 77e8 

  0x000001fec7f57ff4: ; ImmutableOopMap {[40]=Oop [48]=Oop [56]=Oop [72]=Oop }
                      ;*if_icmpne {reexecute=1 rethrow=0 return_oop=0}
                      ; - (reexecute) java.lang.ClassLoader::checkName@30
                      ; - java.lang.ClassLoader::preDefineClass@1
                      ; - java.lang.ClassLoader::defineClass@4
                      ; - java.security.SecureClassLoader::defineClass@12
  0x000001fec7f57ff4: 08c6 83ff 

  0x000001fec7f57ff8: ;   {other}
  0x000001fec7f57ff8: 0f1f 8400 | 680e 0017 | ba45 ffff | ff41 8bea | 895c 2458 

  0x000001fec7f5800c: ;   {runtime_call UncommonTrapBlob}
  0x000001fec7f5800c: c5f8 77e8 

  0x000001fec7f58010: ; ImmutableOopMap {[40]=Oop [48]=Oop [56]=Oop [72]=Oop [88]=NarrowOop }
                      ;*if_icmpne {reexecute=1 rethrow=0 return_oop=0}
                      ; - (reexecute) java.lang.ClassLoader::checkCerts@9
                      ; - java.lang.ClassLoader::preDefineClass@113
                      ; - java.lang.ClassLoader::defineClass@4
                      ; - java.security.SecureClassLoader::defineClass@12
  0x000001fec7f58010: ecc5 83ff 

  0x000001fec7f58014: ;   {other}
  0x000001fec7f58014: 0f1f 8400 | 840e 0018 | ba45 ffff | ff44 8954 | 2420 4489 | 5424 2489 | 5c24 6044 | 894c 2470 
  0x000001fec7f58034: 4489 4c24 | 7466 6690 

  0x000001fec7f5803c: ;   {runtime_call UncommonTrapBlob}
  0x000001fec7f5803c: c5f8 77e8 

  0x000001fec7f58040: ; ImmutableOopMap {[40]=Oop [48]=Oop [56]=Oop [72]=Oop [96]=NarrowOop }
                      ;*if_icmple {reexecute=1 rethrow=0 return_oop=0}
                      ; - (reexecute) jdk.internal.util.Preconditions::checkFromToIndex@11
                      ; - java.lang.String::checkBoundsBeginEnd@6
                      ; - java.lang.String::substring@8
                      ; - java.lang.ClassLoader::checkCerts@21
                      ; - java.lang.ClassLoader::preDefineClass@113
                      ; - java.lang.ClassLoader::defineClass@4
                      ; - java.security.SecureClassLoader::defineClass@12
  0x000001fec7f58040: bcc5 83ff 

  0x000001fec7f58044: ;   {other}
  0x000001fec7f58044: 0f1f 8400 | b40e 0019 | ba45 ffff | ff48 8974 | 2458 895c | 2460 6690 

  0x000001fec7f5805c: ;   {runtime_call UncommonTrapBlob}
  0x000001fec7f5805c: c5f8 77e8 

  0x000001fec7f58060: ; ImmutableOopMap {rbp=NarrowOop [40]=Oop [48]=Oop [56]=Oop [72]=Oop [88]=Oop [96]=NarrowOop }
                      ;*ifnull {reexecute=1 rethrow=0 return_oop=0}
                      ; - (reexecute) java.security.CodeSource::getCertificates@4
                      ; - java.lang.ClassLoader::checkCerts@34
                      ; - java.lang.ClassLoader::preDefineClass@113
                      ; - java.lang.ClassLoader::defineClass@4
                      ; - java.security.SecureClassLoader::defineClass@12
  0x000001fec7f58060: 9cc5 83ff 

  0x000001fec7f58064: ;   {other}
  0x000001fec7f58064: 0f1f 8400 | d40e 001a | ba45 ffff | ff48 8974 | 2458 895c | 2460 6690 

  0x000001fec7f5807c: ;   {runtime_call UncommonTrapBlob}
  0x000001fec7f5807c: c5f8 77e8 

  0x000001fec7f58080: ; ImmutableOopMap {rbp=NarrowOop [40]=Oop [48]=Oop [56]=Oop [72]=Oop [88]=Oop [96]=NarrowOop }
                      ;*ifnull {reexecute=1 rethrow=0 return_oop=0}
                      ; - (reexecute) java.security.CodeSource::getCertificates@22
                      ; - java.lang.ClassLoader::checkCerts@34
                      ; - java.lang.ClassLoader::preDefineClass@113
                      ; - java.lang.ClassLoader::defineClass@4
                      ; - java.security.SecureClassLoader::defineClass@12
  0x000001fec7f58080: 7cc5 83ff 

  0x000001fec7f58084: ;   {other}
  0x000001fec7f58084: 0f1f 8400 | f40e 001b | ba45 ffff | ff48 ff74 | 2428 488f | 4424 2090 

  0x000001fec7f5809c: ;   {runtime_call UncommonTrapBlob}
  0x000001fec7f5809c: c5f8 77e8 

  0x000001fec7f580a0: ; ImmutableOopMap {[32]=Oop [48]=Oop [56]=Oop [72]=Oop }
                      ;*ifne {reexecute=1 rethrow=0 return_oop=0}
                      ; - (reexecute) java.lang.ClassLoader::compareCerts@7
                      ; - java.lang.ClassLoader::checkCerts@80
                      ; - java.lang.ClassLoader::preDefineClass@113
                      ; - java.lang.ClassLoader::defineClass@4
                      ; - java.security.SecureClassLoader::defineClass@12
  0x000001fec7f580a0: 5cc5 83ff 

  0x000001fec7f580a4: ;   {other}
  0x000001fec7f580a4: 0f1f 8400 | 140f 001c | ba45 ffff | ff48 8b6c | 2428 895c | 2450 6690 

  0x000001fec7f580bc: ;   {runtime_call UncommonTrapBlob}
  0x000001fec7f580bc: c5f8 77e8 

  0x000001fec7f580c0: ; ImmutableOopMap {rbp=Oop [48]=Oop [56]=Oop [72]=Oop }
                      ;*if_icmpne {reexecute=1 rethrow=0 return_oop=0}
                      ; - (reexecute) java.lang.ClassLoader::checkName@20
                      ; - java.lang.ClassLoader::preDefineClass@1
                      ; - java.lang.ClassLoader::defineClass@4
                      ; - java.security.SecureClassLoader::defineClass@12
  0x000001fec7f580c0: 3cc5 83ff 

  0x000001fec7f580c4: ;   {other}
  0x000001fec7f580c4: 0f1f 8400 | 340f 001d | 498b d7c5 | f877 49ba | 60dd 6f04 | fc7f 0000 

  0x000001fec7f580dc: ;   {other}
  0x000001fec7f580dc: 41ff d20f | 1f84 0000 | 0000 00e9 | f3f7 ffff | bade ffff | ff48 8b6c | 2428 4c8b | 5424 304c 
  0x000001fec7f580fc: 8954 2420 | 4c8b 5424 | 384c 8954 | 2428 4889 | 4424 3890 

  0x000001fec7f58110: ;   {runtime_call UncommonTrapBlob}
  0x000001fec7f58110: c5f8 77e8 

  0x000001fec7f58114: ; ImmutableOopMap {rbp=Oop [32]=Oop [40]=Oop [56]=Oop }
                      ;*checkcast {reexecute=0 rethrow=0 return_oop=0}
                      ; - java.security.SecureClassLoader::getProtectionDomain@33
                      ; - java.security.SecureClassLoader::defineClass@9
  0x000001fec7f58114: e8c4 83ff 

  0x000001fec7f58118: ;   {other}
  0x000001fec7f58118: 0f1f 8400 | 880f 001e | bade ffff | ff48 8944 | 2450 6690 

  0x000001fec7f5812c: ;   {runtime_call UncommonTrapBlob}
  0x000001fec7f5812c: c5f8 77e8 

  0x000001fec7f58130: ; ImmutableOopMap {[40]=Oop [48]=Oop [56]=Oop [72]=Oop [80]=Oop }
                      ;*checkcast {reexecute=0 rethrow=0 return_oop=0}
                      ; - java.lang.ClassLoader::checkCerts@65
                      ; - java.lang.ClassLoader::preDefineClass@113
                      ; - java.lang.ClassLoader::defineClass@4
                      ; - java.security.SecureClassLoader::defineClass@12
  0x000001fec7f58130: ccc4 83ff 

  0x000001fec7f58134: ;   {other}
  0x000001fec7f58134: 0f1f 8400 | a40f 001f | baf6 ffff | ff49 8be8 | 4c89 4c24 | 2066 6690 

  0x000001fec7f5814c: ;   {runtime_call UncommonTrapBlob}
  0x000001fec7f5814c: c5f8 77e8 

  0x000001fec7f58150: ; ImmutableOopMap {rbp=Oop [32]=Oop }
                      ;*invokeinterface computeIfAbsent {reexecute=0 rethrow=0 return_oop=0}
                      ; - java.security.SecureClassLoader::getProtectionDomain@28
                      ; - java.security.SecureClassLoader::defineClass@9
  0x000001fec7f58150: acc4 83ff 

  0x000001fec7f58154: ;   {other}
  0x000001fec7f58154: 0f1f 8400 | c40f 0020 | baf4 ffff | ff48 8b6c | 2428 4c8b | 5424 304c | 8954 2420 

  0x000001fec7f58170: ;   {runtime_call UncommonTrapBlob}
  0x000001fec7f58170: c5f8 77e8 

  0x000001fec7f58174: ; ImmutableOopMap {rbp=Oop [32]=Oop [56]=Oop }
                      ;*checkcast {reexecute=0 rethrow=0 return_oop=0}
                      ; - java.security.SecureClassLoader::getProtectionDomain@33
                      ; - java.security.SecureClassLoader::defineClass@9
  0x000001fec7f58174: 88c4 83ff 

  0x000001fec7f58178: ;   {other}
  0x000001fec7f58178: 0f1f 8400 | e80f 0021 | baf6 ffff | ff66 6690 

  0x000001fec7f58188: ;   {runtime_call UncommonTrapBlob}
  0x000001fec7f58188: c5f8 77e8 

  0x000001fec7f5818c: ; ImmutableOopMap {}
                      ;*arraylength {reexecute=0 rethrow=0 return_oop=0}
                      ; - java.lang.String::isEmpty@4
                      ; - java.lang.ClassLoader::checkName@5
                      ; - java.lang.ClassLoader::preDefineClass@1
                      ; - java.lang.ClassLoader::defineClass@4
                      ; - java.security.SecureClassLoader::defineClass@12
  0x000001fec7f5818c: 70c4 83ff 

  0x000001fec7f58190: ;   {other}
  0x000001fec7f58190: 0f1f 8400 | 0010 0022 | ba45 ffff | ff48 8b6c | 2428 4c89 | 5424 2090 

  0x000001fec7f581a8: ;   {runtime_call UncommonTrapBlob}
  0x000001fec7f581a8: c5f8 77e8 

  0x000001fec7f581ac: ; ImmutableOopMap {rbp=Oop [32]=Oop [56]=Oop [72]=Oop }
                      ;*ifnull {reexecute=1 rethrow=0 return_oop=0}
                      ; - (reexecute) java.lang.ClassLoader::checkName@1
                      ; - java.lang.ClassLoader::preDefineClass@1
                      ; - java.lang.ClassLoader::defineClass@4
                      ; - java.security.SecureClassLoader::defineClass@12
  0x000001fec7f581ac: 50c4 83ff 

  0x000001fec7f581b0: ;   {other}
  0x000001fec7f581b0: 0f1f 8400 | 2010 0023 | ba45 ffff | ff48 8974 | 2458 895c | 2454 6690 

  0x000001fec7f581c8: ;   {runtime_call UncommonTrapBlob}
  0x000001fec7f581c8: c5f8 77e8 

  0x000001fec7f581cc: ; ImmutableOopMap {[40]=Oop [48]=Oop [56]=Oop [72]=Oop [84]=NarrowOop [88]=Oop }
                      ;*ifnull {reexecute=1 rethrow=0 return_oop=0}
                      ; - (reexecute) java.lang.ClassLoader::checkCerts@30
                      ; - java.lang.ClassLoader::preDefineClass@113
                      ; - java.lang.ClassLoader::defineClass@4
                      ; - java.security.SecureClassLoader::defineClass@12
  0x000001fec7f581cc: 30c4 83ff 

  0x000001fec7f581d0: ;   {other}
  0x000001fec7f581d0: 0f1f 8400 | 4010 0024 | ba45 ffff | ff48 8b6c | 2428 48ff | 7424 3048 | 8f44 2420 | 4c8b 5424 
  0x000001fec7f581f0: 384c 8954 | 2428 448b | 5424 4044 | 8954 2430 | 448b 4424 | 4444 8944 | 2434 4489 | 5c24 4490 
  0x000001fec7f58210: ;   {runtime_call UncommonTrapBlob}
  0x000001fec7f58210: c5f8 77e8 

  0x000001fec7f58214: ; ImmutableOopMap {rbp=Oop [32]=Oop [40]=Oop [68]=NarrowOop [72]=Oop }
                      ;*ifnull {reexecute=1 rethrow=0 return_oop=0}
                      ; - (reexecute) java.lang.ClassLoader::defineClassSourceLocation@8
                      ; - java.lang.ClassLoader::defineClass@12
                      ; - java.security.SecureClassLoader::defineClass@12
  0x000001fec7f58214: e8c3 83ff 

  0x000001fec7f58218: ;   {other}
  0x000001fec7f58218: 0f1f 8400 | 8810 0025 | ba45 ffff | ff48 ff74 | 2428 488f | 4424 2048 | ff74 2430 | 488f 4424 
  0x000001fec7f58238: 2848 ff74 | 2438 488f | 4424 3048 | 8944 24f8 | 8b44 2440 | 8944 2438 | 488b 4424 | f848 8944 
  0x000001fec7f58258: 24f8 8b44 | 2444 8944 | 243c 488b | 4424 f890 

  0x000001fec7f58268: ;   {runtime_call UncommonTrapBlob}
  0x000001fec7f58268: c5f8 77e8 

  0x000001fec7f5826c: ; ImmutableOopMap {rbp=NarrowOop [32]=Oop [40]=Oop [48]=Oop [72]=Oop }
                      ;*ifnull {reexecute=1 rethrow=0 return_oop=0}
                      ; - (reexecute) java.lang.ClassLoader::defineClassSourceLocation@15
                      ; - java.lang.ClassLoader::defineClass@12
                      ; - java.security.SecureClassLoader::defineClass@12
  0x000001fec7f5826c: 90c3 83ff 

  0x000001fec7f58270: ;   {other}
  0x000001fec7f58270: 0f1f 8400 | e010 0026 | eb0c eb0a | eb0d eb0b | eb04 eb02 | eb00 488b | d0eb 0348 | 8bd0 c5f8 
  0x000001fec7f58290: 7748 81c4 | b000 0000 

  0x000001fec7f58298: ;   {runtime_call _rethrow_Java}
  0x000001fec7f58298: 5de9 6235 | 90ff ba97 | ffff ff48 | ff74 2438 | 488f 4424 | 2848 8944 | 24f8 8b44 | 2440 8944 
  0x000001fec7f582b8: 2430 488b | 4424 f848 | 8944 24f8 | 8b44 2444 | 8944 2434 | 488b 4424 | f848 ff74 | 2448 488f 
  0x000001fec7f582d8: 4424 3848 | ff74 2468 | 488f 4424 | 5866 6690 

  0x000001fec7f582e8: ;   {runtime_call UncommonTrapBlob}
  0x000001fec7f582e8: c5f8 77e8 

  0x000001fec7f582ec: ; ImmutableOopMap {rbp=Oop [32]=Oop [40]=Oop [56]=Oop [80]=NarrowOop [84]=NarrowOop [88]=Oop }
                      ;*invokevirtual clone {reexecute=1 rethrow=0 return_oop=0}
                      ; - (reexecute) java.util.Arrays::copyOfRange@18
                      ; - java.lang.StringLatin1::newString@16
                      ; - java.lang.String::substring@41
                      ; - java.lang.ClassLoader::checkCerts@21
                      ; - java.lang.ClassLoader::preDefineClass@113
                      ; - java.lang.ClassLoader::defineClass@4
                      ; - java.security.SecureClassLoader::defineClass@12
  0x000001fec7f582ec: 10c3 83ff 

  0x000001fec7f582f0: ;   {other}
  0x000001fec7f582f0: 0f1f 8400 | 6011 0027 

  0x000001fec7f582f8: ;   {internal_word}
  0x000001fec7f582f8: 49ba 227a | f5c7 fe01 | 0000 4d89 | 9768 0400 

  0x000001fec7f58308: ;   {runtime_call SafepointBlob}
  0x000001fec7f58308: 00e9 f2d3 

  0x000001fec7f5830c: ;   {runtime_call StubRoutines (final stubs)}
  0x000001fec7f5830c: 83ff e84d | 1882 ffe9 | 46f1 ffff 
[Stub Code]
  0x000001fec7f58318: ;   {no_reloc}
  0x000001fec7f58318: 48bb 0000 | 0000 0000 

  0x000001fec7f58320: ;   {runtime_call}
  0x000001fec7f58320: 0000 e9fb 

  0x000001fec7f58324: ;   {static_stub}
  0x000001fec7f58324: ffff ff48 | bb00 0000 | 0000 0000 

  0x000001fec7f58330: ;   {runtime_call}
  0x000001fec7f58330: 00e9 fbff 

  0x000001fec7f58334: ;   {static_stub}
  0x000001fec7f58334: ffff 48bb | 58d4 10d8 | fe01 0000 

  0x000001fec7f58340: ;   {runtime_call I2C/C2I adapters}
  0x000001fec7f58340: e929 fb80 

  0x000001fec7f58344: ;   {static_stub}
  0x000001fec7f58344: ff48 bb00 | 0000 0000 

  0x000001fec7f5834c: ;   {runtime_call}
  0x000001fec7f5834c: 0000 00e9 | fbff ffff 

  0x000001fec7f58354: ;   {static_stub}
  0x000001fec7f58354: 48bb 0000 | 0000 0000 

  0x000001fec7f5835c: ;   {runtime_call}
  0x000001fec7f5835c: 0000 e9fb 

  0x000001fec7f58360: ;   {runtime_call ExceptionBlob}
  0x000001fec7f58360: ffff ffe9 | 188b 8fff 
[Deopt Handler Code]
  0x000001fec7f58368: e800 0000 | 0048 832c 

  0x000001fec7f58370: ;   {runtime_call DeoptimizationBlob}
  0x000001fec7f58370: 2405 e929 | c683 fff4 
[/MachCode]


Compiled method (c2)   30047 2905       4       jdk.internal.loader.BuiltinClassLoader::defineClass (121 bytes)
 total in heap  [0x000001fec7ec1390,0x000001fec7ed2a40] = 71344
 relocation     [0x000001fec7ec14e8,0x000001fec7ec1ef8] = 2576
 main code      [0x000001fec7ec1f00,0x000001fec7ecc360] = 42080
 stub code      [0x000001fec7ecc360,0x000001fec7ecc668] = 776
 oops           [0x000001fec7ecc668,0x000001fec7ecc6b8] = 80
 metadata       [0x000001fec7ecc6b8,0x000001fec7eccc88] = 1488
 scopes data    [0x000001fec7eccc88,0x000001fec7ed0980] = 15608
 scopes pcs     [0x000001fec7ed0980,0x000001fec7ed1d70] = 5104
 dependencies   [0x000001fec7ed1d70,0x000001fec7ed1f18] = 424
 handler table  [0x000001fec7ed1f18,0x000001fec7ed2858] = 2368
 nul chk table  [0x000001fec7ed2858,0x000001fec7ed2a40] = 488

[Constant Pool (empty)]

[MachCode]
[Entry Point]
  # {method} {0x000001fed8101f40} 'defineClass' '(Ljava/lang/String;Ljdk/internal/loader/Resource;)Ljava/lang/Class;' in 'jdk/internal/loader/BuiltinClassLoader'
  # this:     rdx:rdx   = 'jdk/internal/loader/BuiltinClassLoader'
  # parm0:    r8:r8     = 'java/lang/String'
  # parm1:    r9:r9     = 'jdk/internal/loader/Resource'
  #           [sp+0x130]  (sp of caller)
  0x000001fec7ec1f00: 448b 5208 | 49bb 0000 | 0000 0800 | 0000 4d03 | d349 3bc2 

  0x000001fec7ec1f14: ;   {runtime_call ic_miss_stub}
  0x000001fec7ec1f14: 0f85 66c8 | 8cff 6690 | 0f1f 4000 
[Verified Entry Point]
  0x000001fec7ec1f20: 8984 2400 | 80ff ff55 | 4881 ec20 | 0100 0090 | 4181 7f20 | 0900 0000 | 0f85 18a4 | 0000 4889 
  0x000001fec7ec1f40: 5424 284c | 8944 2430 | 4c89 4c24 | 3845 8b51 | 2047 8b5c | d41c 4489 | 5c24 4045 | 8b48 1447 
  0x000001fec7ec1f60: 8b54 cc0c | 410f be58 | 10c4 4262 | f7c2 418d | 48ff 85db | 0f85 4b5e | 0000 458d | 5aff 443b 
  0x000001fec7ec1f80: d944 0f4f | d94b 8d2c | cc45 85db | 7c24 6690 | 453b da0f | 8352 5100 | 0042 807c | 1d10 2e74 
  0x000001fec7ec1fa0: 1749 8b8f | 5804 0000 

  0x000001fec7ec1fa8: ; ImmutableOopMap {r9=NarrowOop rbp=Oop [40]=Oop [48]=Oop [56]=Oop [64]=NarrowOop }
                      ;*goto {reexecute=1 rethrow=0 return_oop=0}
                      ; - (reexecute) java.lang.StringLatin1::lastIndexOf@35
                      ; - java.lang.String::lastIndexOf@13
                      ; - java.lang.String::lastIndexOf@8
                      ; - jdk.internal.loader.BuiltinClassLoader::defineClass@8
                      ;   {poll}
  0x000001fec7ec1fa8: 41ff cb85 | 0145 85db | 7dde 41bb | ffff ffff | 4183 fbff | 0f84 ba5e | 0000 4585 | db0f 8c25 
  0x000001fec7ec1fc8: 5e00 0045 | 3bd8 0f8f | e05e 0000 | 498b 8f80 | 0300 0048 | 8b09 4889 | 4c24 7045 | 3bd8 0f84 
  0x000001fec7ec1fe8: 9837 0000 | 4585 db0f | 8465 3900 | 0049 8b9f | b801 0000 | 4c8b c349 | 83c0 184d | 3b87 c801 
  0x000001fec7ec2008: 0000 0f83 | ca4e 0000 | 4d89 87b8 | 0100 0041 | 0f18 8000 | 0100 0048 | c703 0100 

  0x000001fec7ec2024: ;   {metadata('java/lang/String')}
  0x000001fec7ec2024: 0000 c743 | 08b0 1e04 | 0044 8963 | 0c4c 8963 | 104f 8d6c | cc10 453b | da0f 8592 | 0000 004d 
  0x000001fec7ec2044: 63c2 4181 | fa00 0010 | 000f 87e1 | 5300 0049 | 8bbf b801 | 0000 4d8d | 5817 4983 | e3f8 488b 
  0x000001fec7ec2064: cf49 03cb | 493b 8fc8 | 0100 000f | 83bf 5300 | 0049 898f | b801 0000 | 0f18 8100 | 0100 0048 
  0x000001fec7ec2084: c707 0100 | 0000 0f18 | 8140 0100 

  0x000001fec7ec2090: ;   {metadata({type array byte})}
  0x000001fec7ec2090: 00c7 4708 | 280a 0400 | 4489 570c | 0f18 8180 | 0100 0048 | 8bd7 4883 | c210 4983 | c007 49c1 
  0x000001fec7ec20b0: e803 498b | cdc5 f877 | 49ba 6081 | 77c7 fe01 | 0000 41ff 

  0x000001fec7ec20c4: ;   {other}
  0x000001fec7ec20c4: d20f 1f84 | 0000 0000 | 0048 8bf7 | e9d9 0000 | 0041 81fb | 0000 1000 | 0f87 6e59 | 0000 4963 
  0x000001fec7ec20e4: cb45 3bd3 | 418b fa41 | 0f4f fb89 | 7c24 7844 | 3bd7 0f82 | c559 0000 | 443b df0f | 82bc 5900 
  0x000001fec7ec2104: 0048 83c1 | 174c 8bc1 | 4983 e0f8 | 4181 fb00 | 0010 000f | 8784 4e00 | 0049 8bb7 | b801 0000 
  0x000001fec7ec2124: 4c8b d64d | 03d0 4d3b | 97c8 0100 | 000f 836a | 4e00 004d | 8997 b801 | 0000 410f | 1882 0001 
  0x000001fec7ec2144: 0000 48c7 | 0601 0000 | 0041 0f18 | 8240 0100 

  0x000001fec7ec2154: ;   {metadata({type array byte})}
  0x000001fec7ec2154: 00c7 4608 | 280a 0400 | 4489 5e0c | 410f 1882 | 8001 0000 | 4c8b d649 | 83c2 1048 | c1e9 038b 
  0x000001fec7ec2174: 6c24 7885 | ed0f 84d9 | 5800 0041 | 3beb 0f8c | bf3b 0000 | 4983 c0f0 | 49c1 e803 | 498b cd49 
  0x000001fec7ec2194: 8bd2 c5f8 | 7749 ba60 | 8177 c7fe | 0100 0041 

  0x000001fec7ec21a4: ;   {other}
  0x000001fec7ec21a4: ffd2 0f1f | 8400 0000 | 0000 4180 | 7f40 000f | 8506 3b00 | 004c 8bd3 | 4c8b de49 | c1eb 0344 
  0x000001fec7ec21c4: 895b 144c | 8bde 4d33 | da49 c1eb | 154d 85db | 741a 49c1 | ea09 48b9 | 00d0 6bcc | fe01 0000 
  0x000001fec7ec21e4: 4903 ca80 | 3902 0f85 | 063b 0000 | 4488 6310 | 4889 5c24 

  0x000001fec7ec21f8: ;   {oop(a 'java/lang/Class'{0x000000070ab0b5e0} = 'jdk/internal/access/SharedSecrets')}
  0x000001fec7ec21f8: 7849 bae0 | b5b0 0a07 | 0000 0045 | 8b92 d400 | 0000 478b | 44d4 084c | 8b5c 2438 | 458b 4b20 
  0x000001fec7ec2218: ; implicit exception: dispatches to 0x000001fec7ecaab8
  0x000001fec7ec2218: 478b 5ccc 

  0x000001fec7ec221c: ;   {metadata('java/util/jar/JavaUtilJarAccessImpl')}
  0x000001fec7ec221c: 1841 81f8 | 7856 0300 | 0f85 6655 | 0000 4585 | db0f 8445 | 5500 004f | 8d0c dc48 | 8d9c 24f0 
  0x000001fec7ec223c: 0000 0049 | 8b01 a802 | 0f85 2300 | 0000 4883 | c801 4889 | 03f0 490f | b119 0f84 | 3700 0000 
  0x000001fec7ec225c: 482b c448 | 2507 f0ff | ff48 8903 | e924 0000 | 004c 8bd0 | 4833 c0f0 | 4d0f b17a | 3e48 c703 
  0x000001fec7ec227c: 0300 0000 | 7411 4c3b | f875 1549 | ff82 8600 | 0000 4833 | c075 0949 | ff87 5005 | 0000 33c0 
  0x000001fec7ec229c: 0f85 5a55 | 0000 438b | 6cdc 3085 | ed0f 8519 | 5500 0047 | 0fb6 44dc | 1245 85c0 | 0f85 243b 
  0x000001fec7ec22bc: 0000 438b | 6cdc 3085 | ed0f 8583 | 5500 0048 | 8d84 24f0 | 0000 0048 | 8338 000f | 8479 0000 
  0x000001fec7ec22dc: 004d 8b11 | 41f6 c202 | 0f84 6200 | 0000 4983 | ba86 0000 | 0000 7409 | 49ff 8a86 | 0000 00eb 
  0x000001fec7ec22fc: 4b49 8b82 | 9600 0000 | 490b 828e | 0000 0075 | 0a49 c742 | 3e00 0000 | 00eb 3d49 | 83ba 9e00 
  0x000001fec7ec231c: ;   {no_reloc}
  0x000001fec7ec231c: 0000 0074 | 2248 33c0 | 49c7 423e | 0000 0000 | f083 0424 | 0049 83ba | 9e00 0000 | 0075 0df0 
  0x000001fec7ec233c: 4d0f b17a | 3e75 0583 | c801 eb0c | a800 eb08 | 4c8b 10f0 | 4d0f b111 | 750a 49ff | 8f50 0500 
  0x000001fec7ec235c: 0045 33d2 | 0f85 1655 | 0000 4c8b | 5424 3845 | 8b52 2043 | 8b6c d418 

  0x000001fec7ec2374: ; implicit exception: dispatches to 0x000001fec7ecaae8
  0x000001fec7ec2374: 458b 5cec 

  0x000001fec7ec2378: ;   {metadata('java/util/jar/JarFile')}
  0x000001fec7ec2378: 0841 81fb | 9851 0300 | 0f85 2155 | 0000 4d8d | 0cec 458b | 6928 4585 | ed0f 8478 | 4300 0043 
  0x000001fec7ec2398: 8b6c ec0c | 4180 7f40 | 000f 85ae | 3800 0045 | 8b54 ec08 | 4f8b 5cec 

  0x000001fec7ec23b0: ;   {oop(a 'java/lang/Class'{0x000000070ab0b6f0} = 'java/lang/ref/SoftReference')}
  0x000001fec7ec23b0: 2049 b8f0 | b6b0 0a07 | 0000 004d | 8b40 704d | 3bd8 0f85 | 3634 0000 

  0x000001fec7ec23c8: ;   {metadata('java/util/jar/Manifest')}
  0x000001fec7ec23c8: 4181 fa28 | 4205 000f | 85bf 8500 | 004d 8d14 | ec4c 8954 | 2458 4c8b | 5424 2845 

  0x000001fec7ec23e4: ;   {metadata('jdk/internal/loader/ClassLoaders$AppClassLoader')}
  0x000001fec7ec23e4: 8b5a 0841 | 81fb e849 | 0500 0f85 | f054 0000 | 4c89 5424 | 4845 8b42 | 3847 8b5c | c428 4c8b 
  0x000001fec7ec2404: 7424 7841 | 8b5e 0c85 | db0f 850b | 0200 0045 | 0fb6 5611 | 4585 d20f | 8532 3500 | 0045 0fbe 
  0x000001fec7ec2424: 5610 4585 | d20f 853f | 7200 0041 | 8b6e 1441 | 8b54 ec0c | 4d8d 14ec | 498d 7cec | 1083 fa02 
  0x000001fec7ec2444: 0f8c c137 | 0000 33db | 83fa 200f | 8c6e 0100 | 0045 33d2 | c5d5 efed | c5cd eff6 | c5c5 efff 
  0x000001fec7ec2464: c441 3def 

  0x000001fec7ec2468: ;   {external_word}
  0x000001fec7ec2468: c048 b960 | 58db 04fc | 7f00 0044 | 8b01 c4c1 | 796e c0c4 | e27d 58c0 | 8bca 83e1 | e041 0faf 
  0x000001fec7ec2488: d8c4 217a | 7e0c 17c4 | 217a 7e54 | 1708 c421 | 7a7e 5c17 | 10c4 217a | 7e64 1718 | c4e2 5540 
  0x000001fec7ec24a8: e8c4 427d | 31c9 c4c1 | 55fe e9c4 | e24d 40f0 | c442 7d31 | d2c4 c14d | fef2 c4e2 | 4540 f8c4 
  0x000001fec7ec24c8: 427d 31db | c4c1 45fe | fbc4 623d | 40c0 c442 | 7d31 e4c4 | 413d fec4 | 4183 c220 | 443b d17c 
  0x000001fec7ec24e8: 9c48 8d3c 

  0x000001fec7ec24ec: ;   {external_word}
  0x000001fec7ec24ec: 0f2b d148 | b964 58db | 04fc 7f00 | 00c5 fe6f | 09c4 e255 

  0x000001fec7ec2500: ;   {external_word}
  0x000001fec7ec2500: 40e9 48b9 | 8458 db04 | fc7f 0000 | c5fe 6f11 | c4e2 4d40 

  0x000001fec7ec2514: ;   {external_word}
  0x000001fec7ec2514: f248 b9a4 | 58db 04fc | 7f00 00c5 | fe6f 19c4 | e245 40fb 

  0x000001fec7ec2528: ;   {external_word}
  0x000001fec7ec2528: 48b9 c458 | db04 fc7f | 0000 c5fe | 6f21 c462 | 3d40 c4c4 | 6255 02cd | c443 7d39 | ca01 c441 
  0x000001fec7ec2548: 31fe cac4 | 4231 02c9 | c579 6ed3 | c441 31fe | cac5 797e | cbc4 624d | 02de c443 | 7d39 dc01 
  0x000001fec7ec2568: c441 21fe | dcc4 4221 | 02db c579 | 6ee3 c441 | 21fe dcc5 | 797e dbc4 | 6245 02cf | c443 7d39 
  0x000001fec7ec2588: ca01 c441 | 31fe cac4 | 4231 02c9 | c579 6ed3 | c441 31fe | cac5 797e | cbc4 423d | 02d8 c443 
  0x000001fec7ec25a8: 7d39 dc01 | c441 21fe | dcc4 4221 | 02db c579 | 6ee3 c441 | 21fe dcc5 | 797e db41 | ba01 0000 
  0x000001fec7ec25c8: 0044 3bd2 | 0f8d 2e00 | 0000 41b8 | c103 0000 | 410f afd8 | 420f b64c | 17ff 448b | c141 c1e0 
  0x000001fec7ec25e8: 0544 2bc1 | 4103 d846 | 0fb6 0417 | 4103 d841 | 83c2 0244 | 3bd2 7cd2 | 7f10 8bcb | c1e3 052b 
  0x000001fec7ec2608: d946 0fb6 | 4417 ff41 | 03d8 85db | 0f84 0936 | 0000 4189 | 5e0c 448b | 4424 4049 

  0x000001fec7ec2624: ;   {no_reloc}
  0x000001fec7ec2624: 8bd0 48c1 | e203 4585 | db0f 8407 | 3300 0047 | 8b44 dc0c | 4585 c00f | 86fd 5700 | 0044 8bd3 
  0x000001fec7ec2644: 41c1 ea10 | 4433 d341 | ffc8 4181 | e2ff ffff | 7f45 23c2 | 49c1 e303 | 4d63 c047 | 8b44 8310 
  0x000001fec7ec2664: 4585 c00f | 84de 0800 | 0043 8b6c | c40c 413b | ea0f 8449 | 0700 0085 | ed0f 8cab | 7200 0047 
  0x000001fec7ec2684: 8b44 c418 | 4585 c075 | 1949 b800 | d06b ccfe 

  0x000001fec7ec2694: ;   {oop(a 'java/lang/ref/ReferenceQueue$Null'{0x000000070aa5fb18})}
  0x000001fec7ec2694: 0100 0049 | b918 fba5 | 0a07 0000 | 00e9 b908 | 0000 4b8d | 1cc4 49b8 | 00d0 6bcc | fe01 0000 
  0x000001fec7ec26b4: ;   {oop(a 'java/lang/ref/ReferenceQueue$Null'{0x000000070aa5fb18})}
  0x000001fec7ec26b4: 49b9 18fb | a50a 0700 | 0000 4889 | 5424 608b | 4b0c 498b | 8758 0400 | 004d 8bde | 488b 7c24 
  0x000001fec7ec26d4: ; ImmutableOopMap {r11=Oop r9=Oop rbx=Oop rdi=Oop r14=Oop [48]=Oop [56]=Oop [64]=NarrowOop [72]=Oop [88]=Oop [96]=Oop [112]=Oop }
                      ;*if_icmpne {reexecute=1 rethrow=0 return_oop=0}
                      ; - (reexecute) java.util.concurrent.ConcurrentHashMap::get@127
                      ; - java.lang.ClassLoader::getDefinedPackage@13
                      ; - jdk.internal.loader.BuiltinClassLoader::getAndVerifyPackage@2
                      ; - jdk.internal.loader.BuiltinClassLoader::defineOrCheckPackage@4
                      ; - jdk.internal.loader.ClassLoaders$AppClassLoader::defineOrCheckPackage@4
                      ; - jdk.internal.loader.BuiltinClassLoader::defineClass@40
                      ;   {poll}
  0x000001fec7ec26d4: 4885 0041 | 3bca 7417 | 8b4b 1885 | c975 0a48 | 8b54 2460 | e972 0800 | 0049 8d1c | cceb d08b 
  0x000001fec7ec26f4: 6b10 4c8b | dd49 c1e3 | 034d 3bde | 7458 85ed | 0f84 6675 | 0000 4889 | 5c24 6844 | 8954 2444 
  0x000001fec7ec2714: 4c89 4c24 | 504c 8974 | 2428 4c89 | 4424 204d | 8d04 ec49 | 8bd6 488b | ea66 6690 

  0x000001fec7ec2730: ;   {optimized virtual_call}
  0x000001fec7ec2730: c5f8 77e8 

  0x000001fec7ec2734: ; ImmutableOopMap {rbp=Oop [40]=Oop [48]=Oop [56]=Oop [64]=NarrowOop [72]=Oop [80]=Oop [88]=Oop [96]=Oop [104]=Oop [112]=Oop }
                      ;*invokevirtual equals {reexecute=0 rethrow=0 return_oop=0}
                      ; - java.util.concurrent.ConcurrentHashMap::get@149
                      ; - java.lang.ClassLoader::getDefinedPackage@13
                      ; - jdk.internal.loader.BuiltinClassLoader::getAndVerifyPackage@2
                      ; - jdk.internal.loader.BuiltinClassLoader::defineOrCheckPackage@4
                      ; - jdk.internal.loader.ClassLoaders$AppClassLoader::defineOrCheckPackage@4
                      ; - jdk.internal.loader.BuiltinClassLoader::defineClass@40
  0x000001fec7ec2734: 8859 ebff 

  0x000001fec7ec2738: ;   {other}
  0x000001fec7ec2738: 0f1f 8400 | a813 0002 | 85c0 0f84 | 7875 0000 | 4c8b 4424 | 204c 8bf5 | 4c8b 4c24 | 5048 8b5c 
  0x000001fec7ec2758: 2468 8b6b | 1485 ed0f | 8451 4400 | 0045 0fb6 | 5e11 418b | 5e0c 458b 

  0x000001fec7ec2770: ;   {metadata('java/lang/Package')}
  0x000001fec7ec2770: 54ec 0841 | 81fa f8cd | 0100 0f85 | 0081 0000 | 458b 5614 

  0x000001fec7ec2784: ; implicit exception: dispatches to 0x000001fec7ecac30
  0x000001fec7ec2784: 438b 54d4 | 0c49 8d0c | ec44 8b69 | 1085 d20f | 86a7 5700 | 0048 8b4c | 2448 8b71 | 3841 8b4c 
  0x000001fec7ec27a4: f428 85db | 0f85 f401 | 0000 4585 | db0f 851b | 3400 0045 | 0fbe 5e10 | 4585 db0f | 85b3 7200 
  0x000001fec7ec27c4: 004f 8d1c | d44b 8d7c | d410 83fa | 020f 8c7a | 3600 0033 | db83 fa20 | 0f8c 6901 | 0000 4533 
  0x000001fec7ec27e4: d2c4 412d | efd2 c441 | 25ef dbc4 | 411d efe4 | c5fd efc0 

  0x000001fec7ec27f8: ;   {external_word}
  0x000001fec7ec27f8: 49bb 6058 | db04 fc7f | 0000 418b | 33c5 f96e | eec4 e27d | 58ed 448b | da41 83e3 | e00f afde 
  0x000001fec7ec2818: c4a1 7a7e | 1417 c4a1 | 7a7e 6417 | 08c4 a17a | 7e5c 1710 | c4a1 7a7e | 4c17 18c4 | 622d 40d5 
  0x000001fec7ec2838: c4e2 7d31 | d2c5 2dfe | d2c4 6225 | 40dd c4e2 | 7d31 e4c5 | 25fe dcc4 | 621d 40e5 | c4e2 7d31 
  0x000001fec7ec2858: dbc5 1dfe | e3c4 e27d | 40c5 c4e2 | 7d31 c9c5 | fdfe c141 | 83c2 2045 | 3bd3 7ca1 | 4a8d 3c1f 
  0x000001fec7ec2878: ;   {external_word}
  0x000001fec7ec2878: 412b d349 | bb64 58db | 04fc 7f00 | 00c4 c17e | 6f33 c462 

  0x000001fec7ec288c: ;   {external_word}
  0x000001fec7ec288c: 2d40 d649 | bb84 58db | 04fc 7f00 | 00c4 c17e | 6f3b c462 

  0x000001fec7ec28a0: ;   {external_word}
  0x000001fec7ec28a0: 2540 df49 | bba4 58db | 04fc 7f00 | 00c4 417e | 6f03 c442 

  0x000001fec7ec28b4: ;   {external_word}
  0x000001fec7ec28b4: 1d40 e049 | bbc4 58db | 04fc 7f00 | 00c4 417e | 6f0b c4c2 | 7d40 c1c4 | c22d 02d2 | c4e3 7d39 
  0x000001fec7ec28d4: d401 c5e9 | fed4 c4e2 | 6902 d2c5 | f96e e3c5 | e9fe d4c5 | f97e d3c4 | c225 02db | c4e3 7d39 
  0x000001fec7ec28f4: d901 c5e1 | fed9 c4e2 | 6102 dbc5 | f96e cbc5 | e1fe d9c5 | f97e dbc4 | c21d 02d4 | c4e3 7d39 
  0x000001fec7ec2914: d401 c5e9 | fed4 c4e2 | 6902 d2c5 | f96e e3c5 | e9fe d4c5 | f97e d3c4 | e27d 02d8 | c4e3 7d39 
  0x000001fec7ec2934: d901 c5e1 | fed9 c4e2 | 6102 dbc5 | f96e cbc5 | e1fe d9c5 | f97e db41 | ba01 0000 | 0044 3bd2 
  0x000001fec7ec2954: 0f8d 2900 | 0000 bec1 | 0300 000f | afde 460f | b65c 17ff | 418b f3c1 | e605 412b | f303 de42 
  0x000001fec7ec2974: 0fb6 3417 | 03de 4183 | c202 443b | d27c d77f | 1144 8bdb | c1e3 0541 | 2bdb 420f | b674 17ff 
  0x000001fec7ec2994: 03de 85db | 0f84 c334 | 0000 4189 | 5e0c 458b | 5ccc 0c45 | 85db 0f86 | e062 0000 | 448b d341 
  0x000001fec7ec29b4: ;   {no_reloc}
  0x000001fec7ec29b4: c1ea 1044 | 33d3 41ff | cb41 81e2 | ffff ff7f | 4523 da48 | c1e1 034d | 63db 468b | 5c99 1043 
  0x000001fec7ec29d4: 8b6c dc0c | 413b ea0f | 8461 0200 | 0085 ed0f | 8c1f 7200 | 0047 8b5c | dc18 4585 | db0f 8485 
  0x000001fec7ec29f4: 0300 004b | 8d34 dc8b | 4e0c 498b | 9758 0400 | 0048 8b5c 

  0x000001fec7ec2a08: ; ImmutableOopMap {r9=Oop rbx=Oop rsi=Oop r13=NarrowOop r14=Oop [48]=Oop [56]=Oop [64]=NarrowOop [72]=Oop [88]=Oop [96]=Oop [112]=Oop }
                      ;*if_icmpne {reexecute=1 rethrow=0 return_oop=0}
                      ; - (reexecute) java.util.concurrent.ConcurrentHashMap::get@127
                      ; - java.lang.ClassLoader::definePackage@47
                      ; - java.lang.ClassLoader::getDefinedPackage@32
                      ; - jdk.internal.loader.BuiltinClassLoader::getAndVerifyPackage@2
                      ; - jdk.internal.loader.BuiltinClassLoader::defineOrCheckPackage@4
                      ; - jdk.internal.loader.ClassLoaders$AppClassLoader::defineOrCheckPackage@4
                      ; - jdk.internal.loader.BuiltinClassLoader::defineClass@40
                      ;   {poll}
  0x000001fec7ec2a08: 2448 8502 | 413b ca74 | 1344 8b5e | 1845 85db | 0f84 5e03 | 0000 4b8d | 34dc ebd7 | 8b6e 104c 
  0x000001fec7ec2a28: 8bdd 49c1 | e303 4d3b | de74 6085 | ed0f 84a9 | 6f00 0048 | 8974 2478 | 4489 5424 | 6844 896c 
  0x000001fec7ec2a48: 2444 4c89 | 4c24 504c | 8974 2428 | 4c89 4424 | 204d 8d04 | ec49 8bd6 | 498b ee90 

  0x000001fec7ec2a64: ;   {optimized virtual_call}
  0x000001fec7ec2a64: c5f8 77e8 

  0x000001fec7ec2a68: ; ImmutableOopMap {rbp=Oop [40]=Oop [48]=Oop [56]=Oop [64]=NarrowOop [68]=NarrowOop [72]=Oop [80]=Oop [88]=Oop [96]=Oop [112]=Oop [120]=Oop }
                      ;*invokevirtual equals {reexecute=0 rethrow=0 return_oop=0}
                      ; - java.util.concurrent.ConcurrentHashMap::get@149
                      ; - java.lang.ClassLoader::definePackage@47
                      ; - java.lang.ClassLoader::getDefinedPackage@32
                      ; - jdk.internal.loader.BuiltinClassLoader::getAndVerifyPackage@2
                      ; - jdk.internal.loader.BuiltinClassLoader::defineOrCheckPackage@4
                      ; - jdk.internal.loader.ClassLoaders$AppClassLoader::defineOrCheckPackage@4
                      ; - jdk.internal.loader.BuiltinClassLoader::defineClass@40
  0x000001fec7ec2a68: 5456 ebff 

  0x000001fec7ec2a6c: ;   {other}
  0x000001fec7ec2a6c: 0f1f 8400 | dc16 0004 | 85c0 0f84 | c06f 0000 | 4c8b 4424 | 204c 8bf5 | 4c8b 4c24 | 5044 8b6c 
  0x000001fec7ec2a8c: 2444 488b | 7424 788b | 6e14 85ed | 0f84 de02 | 0000 458b 

  0x000001fec7ec2aa0: ;   {metadata('java/lang/Package')}
  0x000001fec7ec2aa0: 5cec 0841 | 81fb f8cd | 0100 0f85 | 1c7e 0000 | 4d8d 1cec | 458b 5310 

  0x000001fec7ec2ab8: ; implicit exception: dispatches to 0x000001fec7ecacb0
  0x000001fec7ec2ab8: 438b 4cd4 | 1c85 c90f | 851b 6200 | 0041 8b4b | 1441 8b6c | cc24 85ed | 0f85 5a63 | 0000 4c8b 
  0x000001fec7ec2ad8: 5424 584d | 85d2 0f84 | 9463 0000 

  0x000001fec7ec2ae4: ;   {oop(a 'java/lang/Class'{0x000000070ab0b5e0} = 'jdk/internal/access/SharedSecrets')}
  0x000001fec7ec2ae4: 49ba e0b5 | b00a 0700 | 0000 458b | 92d4 0000 | 0043 8b74 | d408 410f | be4e 1085 | c90f 8529 
  0x000001fec7ec2b04: 6200 0041 | 8b5e 1441 | 8b7c dc0c | 4b8d 04d4 | 85ff 0f86 | 9431 0000 | 8d4f ff3b | cf0f 83c1 
  0x000001fec7ec2b24: 5300 0044 | 8d6f fd49 | 8d14 dc41 | 807c dc10 | 2e0f 8462 | 2c00 0041 | 83fd 010f | 8e87 5e00 
  0x000001fec7ec2b44: 0048 8994 | 2498 0000 | 0044 89ac | 2490 0000 | 0089 8c24 | 8400 0000 | 4889 8424 | 8800 0000 
  0x000001fec7ec2b64: 89bc 2480 | 0000 0089 | 5c24 7c89 | 7424 7844 | 8954 2444 | 4c89 5c24 | 684c 894c | 2428 4c89 
  0x000001fec7ec2b84: 7424 504c | 8944 2420 | 41b8 0100 | 0000 418b | e866 6666 | 0f1f 8400 | 0000 0000 | 4c63 cd4c 
  0x000001fec7ec2ba4: 8b94 2498 | 0000 0047 | 0fbe 540a | 1041 83fa | 2e0f 84b7 | 2100 004c | 8b94 2498 | 0000 0047 
  0x000001fec7ec2bc4: 0fbe 5c0a | 1141 83fb | 2e0f 849d | 2100 0047 | 0fbe 540a | 1241 83fa | 2e0f 8408 

  0x000001fec7ec2be0: ;   {no_reloc}
  0x000001fec7ec2be0: 2c00 004c | 8b94 2498 | 0000 0047 | 0fbe 4c0a | 1341 83f9 | 2e0f 8472 | 2100 008b | 9c24 8000 
  0x000001fec7ec2c00: 0000 412b | d883 c3fd | 448b 9424 | 9000 0000 | 4533 db45 | 3bd0 410f | 4cdb 81fb | a00f 0000 
  0x000001fec7ec2c20: 41bb a00f | 0000 410f | 47db 4103 | d844 8d5d | 0444 3bdb | 0f8d 7d42 | 0000 418b | ebe9 5eff 
  0x000001fec7ec2c40: ffff 438b | 6cdc 1048 | 8bcd 48c1 | e103 493b | ce0f 8418 | 0100 0041 | 8b5c ec08 | 498d 0cec 
  0x000001fec7ec2c60: 4c3b f10f | 8406 0100 

  0x000001fec7ec2c68: ;   {metadata('java/lang/String')}
  0x000001fec7ec2c68: 0081 fbb0 | 1e04 000f | 8574 fdff | ff41 0fbe | 5e10 0fbe | 6910 3bdd | 0f85 566e | 0000 8b71 
  0x000001fec7ec2c88: 1441 8b7e | 1441 8b5c | f40c 418b | 4cfc 0c3b | cb0f 854a | fdff ff49 | 8d1c f449 | 8d74 f410 
  0x000001fec7ec2ca8: 498d 1cfc | 498d 7cfc | 1085 c90f | 849d 0000 | 008b c183 | e01f 83e1 | e00f 844b | 0000 0048 
  0x000001fec7ec2cc8: 8d3c 0f48 | 8d34 0e48 | f7d9 c5fe | 6f04 0fc5 | fe6f 0c0e | c5fd efc1 | c4e2 7d17 | c00f 8572 
  0x000001fec7ec2ce8: 0000 0048 | 83c1 2075 | e185 c00f | 845d 0000 | 00c5 fe6f | 4407 e0c5 | fe6f 4c06 | e0c5 fdef 
  0x000001fec7ec2d08: c1c4 e27d | 17c0 754d | eb44 8bc8 | 83e1 fc74 | 1948 8d3c | 0f48 8d34 | 0e48 f7d9 | 8b1c 0f3b 
  0x000001fec7ec2d28: 1c0e 7531 | 4883 c104 | 75f2 a802 | 7412 0fb7 | 1f0f b70e | 3bd9 751d | 488d 7f02 | 488d 7602 
  0x000001fec7ec2d48: a801 740a | 0fb6 1f0f | b60e 3bd9 | 7507 b801 | 0000 00eb | 0233 c0c5 | fdef c0c5 | f5ef c985 
  0x000001fec7ec2d68: ;   {no_reloc}
  0x000001fec7ec2d68: c00f 847a | fcff ff43 | 8b6c dc14 | 85ed 0f85 | 22fd ffff | baf4 ffff | ff48 8b6c | 2448 4c8b 
  0x000001fec7ec2d88: 5424 304c | 8954 2420 | 4c8b 5424 | 384c 8954 | 2428 448b | 5424 4044 | 8954 2430 | 4c89 7424 
  0x000001fec7ec2da8: 604c 8974 | 2478 4489 | 6c24 4490 

  0x000001fec7ec2db4: ;   {runtime_call UncommonTrapBlob}
  0x000001fec7ec2db4: c5f8 77e8 

  0x000001fec7ec2db8: ; ImmutableOopMap {rbp=Oop [32]=Oop [40]=Oop [48]=NarrowOop [68]=NarrowOop [88]=Oop [96]=Oop [120]=Oop }
                      ;*checkcast {reexecute=0 rethrow=0 return_oop=0}
                      ; - java.lang.ClassLoader::definePackage@50
                      ; - java.lang.ClassLoader::getDefinedPackage@32
                      ; - jdk.internal.loader.BuiltinClassLoader::getAndVerifyPackage@2
                      ; - jdk.internal.loader.BuiltinClassLoader::defineOrCheckPackage@4
                      ; - jdk.internal.loader.ClassLoaders$AppClassLoader::defineOrCheckPackage@4
                      ; - jdk.internal.loader.BuiltinClassLoader::defineClass@40
  0x000001fec7ec2db8: 4418 8dff 

  0x000001fec7ec2dbc: ;   {other}
  0x000001fec7ec2dbc: 0f1f 8400 | 2c1a 0005 | 438b 6cc4 | 104c 8bdd | 49c1 e303 | 4d3b de0f | 841c 0100 | 0045 8b4c 
  0x000001fec7ec2ddc: ec08 4d8d | 1cec 4d3b | f30f 840a 

  0x000001fec7ec2de8: ;   {metadata('java/lang/String')}
  0x000001fec7ec2de8: 0100 0041 | 81f9 b01e | 0400 0f85 | 8bf8 ffff | 410f be4e | 1041 0fbe | 6b10 3bcd | 0f85 a269 
  0x000001fec7ec2e08: 0000 458b | 5b14 418b | 5e14 478b | 4cdc 0c41 | 8b4c dc0c | 413b c90f | 855e f8ff | ff4f 8d0c 
  0x000001fec7ec2e28: dc4b 8d74 | dc10 4d8d | 1cdc 498d | 7cdc 1085 | c90f 849d | 0000 008b | c183 e01f | 83e1 e00f 
  0x000001fec7ec2e48: 844b 0000 | 0048 8d3c | 0f48 8d34 | 0e48 f7d9 | c5fe 6f04 | 0fc5 fe6f | 0c0e c5fd | efc1 c4e2 
  0x000001fec7ec2e68: 7d17 c00f | 8572 0000 | 0048 83c1 | 2075 e185 | c00f 845d | 0000 00c5 | fe6f 4407 | e0c5 fe6f 
  0x000001fec7ec2e88: 4c06 e0c5 | fdef c1c4 | e27d 17c0 | 754d eb44 | 8bc8 83e1 | fc74 1948 | 8d3c 0f48 | 8d34 0e48 
  0x000001fec7ec2ea8: f7d9 8b1c | 0f3b 1c0e | 7531 4883 | c104 75f2 | a802 7412 | 0fb7 1f0f | b70e 3bd9 | 751d 488d 
  0x000001fec7ec2ec8: 7f02 488d | 7602 a801 | 740a 0fb6 | 1f0f b60e | 3bd9 7507 | b801 0000 | 00eb 0233 | c0c5 fdef 
  0x000001fec7ec2ee8: ;   {no_reloc}
  0x000001fec7ec2ee8: c0c5 f5ef | c985 c00f | 848e f7ff | ff43 8b6c | c414 85ed | 0f84 a33d | 0000 418b | 5e0c 450f 
  0x000001fec7ec2f08: b65e 1149 | b800 d06b | ccfe 0100 

  0x000001fec7ec2f14: ;   {oop(a 'java/lang/ref/ReferenceQueue$Null'{0x000000070aa5fb18})}
  0x000001fec7ec2f14: 0049 b918 | fba5 0a07 | 0000 0048 | 8954 2460 | e945 f8ff | ff0f 1f80 | 0000 0000 | 8b5c 2428 
  0x000001fec7ec2f34: 448b 4c24 | 384c 8b5c | 2458 4c8b | 4424 5044 | 8bd7 e9dd | 1b00 0049 | b800 d06b | ccfe 0100 
  0x000001fec7ec2f54: ;   {oop(a 'java/lang/ref/ReferenceQueue$Null'{0x000000070aa5fb18})}
  0x000001fec7ec2f54: 0049 b918 | fba5 0a07 | 0000 004c | 8b54 2458 | 4d85 d20f | 84c8 5c00 | 0048 8954 | 2460 4c89 
  0x000001fec7ec2f74: 4c24 504c | 8974 2428 | 4c89 4424 | 2048 8b54 | 2448 4d8b | c64c 8b4c | 2458 488b | 7c24 608b 
  0x000001fec7ec2f94: 6c24 4090 

  0x000001fec7ec2f98: ;   {optimized virtual_call}
  0x000001fec7ec2f98: c5f8 77e8 

  0x000001fec7ec2f9c: ; ImmutableOopMap {rbp=NarrowOop [40]=Oop [48]=Oop [56]=Oop [64]=NarrowOop [72]=Oop [80]=Oop [88]=Oop [96]=Oop [112]=Oop }
                      ;*invokevirtual definePackage {reexecute=0 rethrow=0 return_oop=1}
                      ; - jdk.internal.loader.BuiltinClassLoader::defineOrCheckPackage@22
                      ; - jdk.internal.loader.ClassLoaders$AppClassLoader::defineOrCheckPackage@4
                      ; - jdk.internal.loader.BuiltinClassLoader::defineClass@40
  0x000001fec7ec2f9c: 8010 66f8 

  0x000001fec7ec2fa0: ;   {other}
  0x000001fec7ec2fa0: 0f1f 8400 | 101c 0006 | 4c8b 6c24 | 3848 8d9c | 24f0 0000 | 0049 8b45 | 00a8 020f | 8524 0000 
  0x000001fec7ec2fc0: 0048 83c8 | 0148 8903 | f049 0fb1 | 5d00 0f84 | 3700 0000 | 482b c448 | 2507 f0ff | ff48 8903 
  0x000001fec7ec2fe0: e924 0000 | 004c 8bd0 | 4833 c0f0 | 4d0f b17a | 3e48 c703 | 0300 0000 | 7411 4c3b | f875 1549 
  0x000001fec7ec3000: ff82 8600 | 0000 4833 | c075 0949 | ff87 5005 | 0000 33c0 | 0f85 3649 | 0000 418b | 5d0c 85db 
  0x000001fec7ec3020: 0f85 6f10 | 0000 458b | 5d20 478b | 54dc 1845 | 8b5d 1c45 | 85d2 0f84 | e450 0000 | 4b8d 0cd4 
  0x000001fec7ec3040: 488d 9c24 | f800 0000 | 488b 01a8 | 020f 8523 | 0000 0048 | 83c8 0148 | 8903 f048 | 0fb1 190f 
  0x000001fec7ec3060: 8437 0000 | 0048 2bc4 | 4825 07f0 | ffff 4889 | 03e9 2400 | 0000 4c8b | c048 33c0 | f04d 0fb1 
  0x000001fec7ec3080: 783e 48c7 | 0303 0000 | 0074 114c | 3bf8 7515 | 49ff 8086 | 0000 0048 | 33c0 7509 

  0x000001fec7ec309c: ;   {no_reloc}
  0x000001fec7ec309c: 49ff 8750 | 0500 0033 | c00f 859d | 5300 0045 | 85db 0f84 | a160 0000 | 438b 6cd4 | 3085 ed0f 
  0x000001fec7ec30bc: 85ce 5300 | 0047 0fb6 | 4cd4 1245 | 85c9 0f85 | f03a 0000 | 438b 6cd4 | 3085 ed0f | 85ff 5300 
  0x000001fec7ec30dc: 0047 8b44 | d418 478b | 74c4 1847 | 8b4c c40c | 430f b66c | d410 85ed | 0f85 a260 | 0000 478b 
  0x000001fec7ec30fc: 44d4 1843 | 8b6c c418 | 85ed 0f84 | e460 0000 | 438b 44dc | 3c47 8b44 | d41c 443b | c00f 848a 
  0x000001fec7ec311c: 0100 0043 | 0fbe 7cc4 | 1044 3bc0 | 0f84 7b01 | 0000 85c0 | 0f84 1501 | 0000 418b | d88b d0c4 
  0x000001fec7ec313c: c179 6ec9 | 4c8b c945 | 8bc3 410f | be6c c410 | 3bfd 0f85 | f069 0000 | 458b 44c4 | 1441 8b7c 
  0x000001fec7ec315c: dc14 478b | 5cc4 0c41 | 8b4c fc0c | 413b cb0f | 85dc 3c00 | 004f 8d1c | c44b 8d74 | c410 4d8d 
  0x000001fec7ec317c: 1cfc 498d | 7cfc 1085 | c90f 849d | 0000 008b | c183 e01f | 83e1 e00f | 844b 0000 | 0048 8d3c 
  0x000001fec7ec319c: ;   {no_reloc}
  0x000001fec7ec319c: 0f48 8d34 | 0e48 f7d9 | c5fe 6f04 | 0fc5 fe6f | 140e c5fd | efc2 c4e2 | 7d17 c00f | 8572 0000 
  0x000001fec7ec31bc: 0048 83c1 | 2075 e185 | c00f 845d | 0000 00c5 | fe6f 4407 | e0c5 fe6f | 5406 e0c5 | fdef c2c4 
  0x000001fec7ec31dc: e27d 17c0 | 754d eb44 | 8bc8 83e1 | fc74 1948 | 8d3c 0f48 | 8d34 0e48 | f7d9 8b1c | 0f3b 1c0e 
  0x000001fec7ec31fc: 7531 4883 | c104 75f2 | a802 7412 | 0fb7 1f0f | b70e 3bd9 | 751d 488d | 7f02 488d | 7602 a801 
  0x000001fec7ec321c: 740a 0fb6 | 1f0f b60e | 3bd9 7507 | b801 0000 | 00eb 0233 | c0c5 fdef | c0c5 edef | d285 c00f 
  0x000001fec7ec323c: 85c7 2500 | 0049 8bc9 | c4c1 797e | c98b c245 | 85f6 0f84 | c464 0000 | 4489 4c24 | 4448 894c 
  0x000001fec7ec325c: 2458 4489 | 5424 384c | 896c 2428 | 4c8b c049 | c1e0 034b | 8d14 f444 | 8974 243c | 4533 c948 
  0x000001fec7ec327c: 8be9 6690 

  0x000001fec7ec3280: ;   {optimized virtual_call}
  0x000001fec7ec3280: c5f8 77e8 

  0x000001fec7ec3284: ; ImmutableOopMap {rbp=Oop [40]=Oop [48]=Oop [56]=NarrowOop [60]=NarrowOop [64]=NarrowOop [68]=NarrowOop [72]=Oop [80]=Oop [88]=Oop [96]=Oop [112]=Oop }
                      ;*invokevirtual getEntryPos {reexecute=0 rethrow=0 return_oop=0}
                      ; - java.util.zip.ZipFile::getInputStream@63
                      ; - java.util.jar.JarFile::getInputStream@21
                      ; - jdk.internal.loader.URLClassPath$JarLoader$2::getInputStream@11
                      ; - jdk.internal.loader.Resource::cachedInputStream@9
                      ; - jdk.internal.loader.Resource::getByteBuffer@1
                      ; - jdk.internal.loader.BuiltinClassLoader::defineClass@45
  0x000001fec7ec3284: f8b7 8cff 

  0x000001fec7ec3288: ;   {other}
  0x000001fec7ec3288: 0f1f 8400 | f81e 0007 | 4c8b 6c24 | 2844 8b54 | 2438 488b | cd44 8b74 | 243c 448b | 4c24 44eb 
  0x000001fec7ec32a8: 0543 8b44 | d40c 83f8 | ff0f 848d | 5f00 004d | 8b9f b801 | 0000 4d8b | c349 83c0 | 384d 3b87 
  0x000001fec7ec32c8: c801 0000 | 0f83 423e | 0000 4d89 | 87b8 0100 | 0041 0f18 | 8000 0100 | 0049 c703 | 0100 0000 
  0x000001fec7ec32e8: ;   {metadata('java/util/zip/ZipFile$ZipFileInputStream')}
  0x000001fec7ec32e8: 41c7 4308 | d89a 0100 | 4589 630c | 4d89 6310 | 4d89 6318 | 4d89 6320 | 4d89 6328 | 4d89 6330 
  0x000001fec7ec3308: ; implicit exception: dispatches to 0x000001fec7ecae5c
  0x000001fec7ec3308: 438b 5cf4 | 3844 894c | 2444 4489 | 7424 3c4c | 896c 2428 | 4589 5330 | 4c89 5c24 | 7844 8954 
  0x000001fec7ec3328: 2438 8944 | 2468 83c0 | 148b f84c | 8bd1 4889 | 4c24 584d | 33d3 49c1 | ea15 4d85 | d274 1a49 
  0x000001fec7ec3348: c1eb 0948 | b900 d06b | ccfe 0100 | 0049 03cb | 8039 020f | 8515 2f00 | 0044 8bdb 

  0x000001fec7ec3364: ; implicit exception: dispatches to 0x000001fec7ecaeac
  0x000001fec7ec3364: 458b 54dc | 0c8b df41 | 3bda 0f83 | cc4d 0000 | c4c1 796e | cb4b 8d2c | dc44 8b44 | 2468 4183 
  0x000001fec7ec3384: c02d 4c63 | 6c24 6846 | 0fb6 5c2d | 2444 895c | 246c 453b | c20f 8309 | 4e00 0046 | 0fb6 542d 
  0x000001fec7ec33a4: 2546 0fb6 | 5c2d 2646 | 0fb6 4c2d | 3d46 0fb6 | 442d 2742 | 0fb6 5c2d | 3c42 0fb6 | 4c2d 3b42 
  0x000001fec7ec33c4: 0fb6 542d | 2842 0fb6 | 7c2d 3a42 | 0fb6 442d | 2942 0fb6 | 742d 2a46 | 0fb6 742d | 2b41 c1e2 
  0x000001fec7ec33e4: ;   {no_reloc}
  0x000001fec7ec33e4: 0844 0b54 | 246c 41c1 | e608 410b | f6c1 e008 | 0bd0 c1e6 | 100b d6c1 | e108 0bf9 | 8bca 488b 
  0x000001fec7ec3404: 5424 7848 | 894a 2841 | c1e0 0845 | 0bd8 41c1 | e108 410b | d941 c1e3 | 1045 0bd3 | c1e3 100b 
  0x000001fec7ec3424: fb45 8bda | 4c89 5a20 | 448b c74c | 8942 1041 | baff ffff | ff4d 3bda | 0f84 4a5e | 0000 493b 
  0x000001fec7ec3444: ca0f 847d | 5e00 004d | 3bc2 0f84 | b05e 0000 | 8b5c 2438 | 458b 54dc | 1847 8b5c | d418 4f8b 
  0x000001fec7ec3464: 54dc 104d | 03d0 448b | 4424 6841 | 83c0 0a49 | f7da 4c8b | da4d 8953 | 1044 8b54 | 243c 438b 
  0x000001fec7ec3484: 4cd4 3845 | 8b4c cc0c | 453b c10f | 8353 4d00 | 004d 8d1c | cc47 0fb6 | 442b 1a44 | 8b54 2468 
  0x000001fec7ec34a4: 4183 c21b | 453b d10f | 838b 4d00 | 0043 0fb6 | 6c2b 1bc1 | e508 410b | e883 fd08 | 0f85 5e50 
  0x000001fec7ec34c4: 0000 470f | b654 2b2b | 470f b644 | 2b2a 430f | b64c 2b29 | 470f b65c | 2b28 41c1 | e208 450b 
  0x000001fec7ec34e4: ;   {no_reloc}
  0x000001fec7ec34e4: c2c1 e108 | 440b d941 | c1e0 1045 | 0bd8 458b | cb49 83c1 | 0249 81f9 | 0000 0100 | 0f8f d326 
  0x000001fec7ec3504: 0000 498b | 87b8 0100 | 004c 8bd0 | 4983 c230 | 4d3b 97c8 | 0100 000f | 834e 3c00 | 004d 8997 
  0x000001fec7ec3524: b801 0000 | 410f 1882 | 0001 0000 | 48c7 0001 

  0x000001fec7ec3534: ;   {metadata('java/util/zip/ZipFile$ZipFileInflaterInputStream')}
  0x000001fec7ec3534: 0000 00c7 | 4008 70a0 | 0100 4489 | 600c 4c89 | 6010 4c89 | 6018 4c89 | 6020 4c89 | 6028 448b 
  0x000001fec7ec3554: 5c24 3847 | 8b54 dc18 

  0x000001fec7ec355c: ; implicit exception: dispatches to 0x000001fec7ecafcc
  0x000001fec7ec355c: 478b 44d4 | 1041 8bc9 | 4585 c00f | 840b 4d00 | 0089 8c24 | 8400 0000 | 4889 4424 | 684f 8d1c 
  0x000001fec7ec357c: c44c 899c | 2488 0000 | 0044 8984 | 2480 0000 | 004f 8d1c | d44c 899c | 2490 0000 | 0044 8954 
  0x000001fec7ec359c: 243c 4c8b | 9c24 8800 | 0000 488d | 9c24 0801 | 0000 498b | 03a8 020f | 8523 0000 | 0048 83c8 
  0x000001fec7ec35bc: 0148 8903 | f049 0fb1 | 1b0f 8437 | 0000 0048 | 2bc4 4825 | 07f0 ffff | 4889 03e9 | 2400 0000 
  0x000001fec7ec35dc: 4c8b d048 | 33c0 f04d | 0fb1 7a3e | 48c7 0303 | 0000 0074 | 114c 3bf8 | 7515 49ff | 8286 0000 
  0x000001fec7ec35fc: 0048 33c0 | 7509 49ff | 8750 0500 | 0033 c00f | 8533 4f00 | 0044 8b5c | 243c 438b | 6cdc 1045 
  0x000001fec7ec361c: 8b5c ec08 

  0x000001fec7ec3620: ;   {metadata('java/util/ArrayDeque')}
  0x000001fec7ec3620: 4181 fb90 | d102 000f | 853c 4f00 | 0049 8d1c | ec44 8b43 | 148b 7b0c 

  0x000001fec7ec3638: ; implicit exception: dispatches to 0x000001fec7ecb06c
  0x000001fec7ec3638: 438b 74c4 | 0c3b fe0f | 8387 4c00 | 004f 8d2c | c441 8b6c | bd10 85ed | 0f84 1323 | 0000 4180 
  0x000001fec7ec3658: 7f40 000f | 8576 3000 | 0044 8d57 | 0144 3bd6 | 0f8d 2522 | 0000 4489 | 530c 4589 | 64bd 1045 
  0x000001fec7ec3678: 8b5c ec08 

  0x000001fec7ec367c: ;   {metadata('java/util/zip/Inflater')}
  0x000001fec7ec367c: 4181 fb48 | a301 000f | 85eb 7200 | 004c 8b9c | 2488 0000 | 0048 8d84 | 2408 0100 | 0048 8338 
  0x000001fec7ec369c: 000f 8479 | 0000 004d | 8b13 41f6 | c202 0f84 | 6200 0000 | 4983 ba86 | 0000 0000 | 7409 49ff 
  0x000001fec7ec36bc: 8a86 0000 | 00eb 4b49 | 8b82 9600 | 0000 490b | 828e 0000 | 0075 0a49 | c742 3e00 | 0000 00eb 
  0x000001fec7ec36dc: 3d49 83ba | 9e00 0000 | 0074 2248 | 33c0 49c7 | 423e 0000 | 0000 f083 | 0424 0049 | 83ba 9e00 
  0x000001fec7ec36fc: 0000 0075 | 0df0 4d0f | b17a 3e75 | 0583 c801 | eb0c a800 | eb08 4c8b | 10f0 4d0f | b113 750a 
  0x000001fec7ec371c: 49ff 8f50 | 0500 0045 | 33d2 0f85 | c451 0000 | 4d8d 14ec | 4180 7f40 | 000f 8525 | 2800 0048 
  0x000001fec7ec373c: 8b6c 2468 | 4c89 9424 | b800 0000 | 448b 5c24 | 3844 895d | 2c4c 8b54 | 2478 498b | fa48 c1ef 
  0x000001fec7ec375c: 034c 8b54 | 2458 4c8b | dd4d 33d3 | 49c1 ea15 | 4d85 d274 | 1a49 c1eb | 0948 b900 

  0x000001fec7ec3778: ;   {no_reloc}
  0x000001fec7ec3778: d06b ccfe | 0100 0049 | 03cb 8039 | 020f 85de | 2b00 0041 | 807f 4000 | 0f85 1028 | 0000 897d 
  0x000001fec7ec3798: 0c4c 8b54 | 2478 4c8b | dd4d 33d3 | 49c1 ea15 | 4d85 d274 | 1a49 c1eb | 0948 b900 | d06b ccfe 
  0x000001fec7ec37b8: 0100 0049 | 03cb 8039 | 020f 8500 | 2b00 00f0 | 8344 24c0 | 004d 8b87 | b801 0000 | 4488 6516 
  0x000001fec7ec37d8: 4d8b d049 | 83c2 1844 | 8865 1544 | 8865 144d | 3b97 c801 | 0000 0f83 | a039 0000 | 4d89 97b8 
  0x000001fec7ec37f8: 0100 0041 | 0f18 8200 | 0100 0049 | c700 0100 | 0000 410f | 1882 4001 

  0x000001fec7ec3810: ;   {metadata({type array byte})}
  0x000001fec7ec3810: 0000 41c7 | 4008 280a | 0400 410f | 1882 8001 | 0000 41c7 | 400c 0100 | 0000 4d89 | 6010 4180 
  0x000001fec7ec3830: 7f40 000f | 85ea 2600 | 004c 8bd5 | 488b dd4d | 8bd8 49c1 | eb03 4489 | 5d20 4d8b | d84d 33da 
  0x000001fec7ec3850: 49c1 eb15 | 4d85 db74 | 1a49 c1ea | 0948 b900 | d06b ccfe | 0100 0049 | 03ca 8039 | 020f 85a5 
  0x000001fec7ec3870: 2a00 0044 | 8b94 2484 | 0000 0045 | 85d2 0f8e | bc5a 0000 | 4180 7f40 | 000f 854e | 2700 004c 
  0x000001fec7ec3890: 8bcd 418b | da4d 8bd1 | 4c8b 9c24 | b800 0000 | 49c1 eb03 | 4589 5918 | 4489 5c24 | 784c 894c 
  0x000001fec7ec38b0: 2468 4c8b | 9c24 b800 | 0000 4d33 | da49 c1eb | 154d 85db | 741a 49c1 | ea09 48b9 | 00d0 6bcc 
  0x000001fec7ec38d0: fe01 0000 | 4903 ca80 | 3902 0f85 | da2a 0000 | 81fb 0000 | 1000 0f87 | 504a 0000 | 4863 cb81 
  0x000001fec7ec38f0: fb00 0010 | 000f 8719 | 3900 004d | 8b87 b801 | 0000 4883 | c117 4c8b | d149 83e2 | f84d 8bd8 
  0x000001fec7ec3910: ;   {no_reloc}
  0x000001fec7ec3910: 4d03 da4d | 3b9f c801 | 0000 0f83 | f438 0000 | 4d89 9fb8 | 0100 0041 | 0f18 8300 | 0100 0049 
  0x000001fec7ec3930: c700 0100 | 0000 410f | 1883 4001 

  0x000001fec7ec393c: ;   {metadata({type array byte})}
  0x000001fec7ec393c: 0000 41c7 | 4008 280a | 0400 4189 | 580c 410f | 1883 8001 | 0000 498b | f848 83c7 | 1048 c1e9 
  0x000001fec7ec395c: 0348 83c1 | fe48 33c0 | 4883 f908 | 7f10 48ff | c978 4f48 | 8904 cf48 | ffc9 7df7 | eb44 c5fd 
  0x000001fec7ec397c: efc0 e90d | 0000 00c5 | fe7f 07c5 | fe7f 4720 | 4883 c740 | 4883 e908 | 7ded 4883 | c104 7c0c 
  0x000001fec7ec399c: c5fe 7f07 | 4883 c720 | 4883 e904 | 4883 c104 | 7e10 48ff | c9c5 f9d6 | 0748 83c7 | 0848 ffc9 
  0x000001fec7ec39bc: 7df3 4180 | 7f40 000f | 8556 2600 | 004d 8bd8 | 49c1 eb03 | 4c8b 5424 | 6845 895a | 1c4d 8bd8 
  0x000001fec7ec39dc: 4d33 da49 | c1eb 154d | 85db 741a | 49c1 ea09 | 48b9 00d0 | 6bcc fe01 | 0000 4903 | ca80 3902 
  0x000001fec7ec39fc: 0f85 092a | 0000 4c8b | 5424 6845 | 8862 2449 | 8baf b801 | 0000 4c8b | d549 83c2 | 184d 3b97 
  0x000001fec7ec3a1c: c801 0000 | 0f83 b737 | 0000 4d89 | 97b8 0100 | 0041 0f18 | 8200 0100 | 0048 c745 | 0001 0000 
  0x000001fec7ec3a3c: ;   {metadata('java/util/zip/ZipFile$InflaterCleanupAction')}
  0x000001fec7ec3a3c: 00c7 4508 | 60a8 0100 | 4489 650c | 4c89 6510 | 448b 5424 | 7844 8955 | 0c44 8b5c | 243c 4489 
  0x000001fec7ec3a5c: 5d10 498b | 87b8 0100 | 004c 8bd0 | 4983 c230 | 4d3b 97c8 | 0100 000f | 8343 3700 | 004d 8997 
  0x000001fec7ec3a7c: b801 0000 | 410f 1882 | 0001 0000 | 48c7 0001 

  0x000001fec7ec3a8c: ;   {metadata('jdk/internal/ref/CleanerImpl$PhantomCleanableRef')}
  0x000001fec7ec3a8c: 0000 00c7 | 4008 0874 | 0300 4489 | 600c 4c89 | 6010 4c89 | 6018 4c89 | 6020 4c89 | 6028 4889 
  0x000001fec7ec3aac: 4424 7848 | 8bd0 4c8b 

  0x000001fec7ec3ab4: ;   {oop(a 'java/lang/ref/Cleaner'{0x000000070aa78620})}
  0x000001fec7ec3ab4: 4424 6849 | b920 86a7 | 0a07 0000 | 0066 6690 

  0x000001fec7ec3ac4: ;   {optimized virtual_call}
  0x000001fec7ec3ac4: c5f8 77e8 

  0x000001fec7ec3ac8: ; ImmutableOopMap {rbp=Oop [40]=Oop [48]=Oop [56]=NarrowOop [64]=NarrowOop [68]=NarrowOop [72]=Oop [80]=Oop [88]=Oop [96]=Oop [104]=Oop [112]=Oop [120]=Oop }
                      ;*invokespecial <init> {reexecute=0 rethrow=0 return_oop=0}
                      ; - jdk.internal.ref.CleanerImpl$PhantomCleanableRef::<init>@3
                      ; - java.lang.ref.Cleaner::register@21
                      ; - java.util.zip.ZipFile$ZipFileInflaterInputStream::<init>@34
                      ; - java.util.zip.ZipFile$ZipFileInflaterInputStream::<init>@10
                      ; - java.util.zip.ZipFile::getInputStream@216
                      ; - java.util.jar.JarFile::getInputStream@21
                      ; - jdk.internal.loader.URLClassPath$JarLoader$2::getInputStream@11
                      ; - jdk.internal.loader.Resource::cachedInputStream@9
                      ; - jdk.internal.loader.Resource::getByteBuffer@1
                      ; - jdk.internal.loader.BuiltinClassLoader::defineClass@45
  0x000001fec7ec3ac8: d416 f1ff 

  0x000001fec7ec3acc: ;   {other}
  0x000001fec7ec3acc: 0f1f 8400 | 3c27 0008 | 4180 7f40 | 000f 85ba | 2500 004c | 8b4c 2478 | 4d8b d14c | 8bc5 49c1 
  0x000001fec7ec3aec: e803 4589 | 4128 498b | d948 c1eb | 034c 8bdd | 4d33 da49 | c1eb 154d | 85db 741a | 49c1 ea09 
  0x000001fec7ec3b0c: 48b9 00d0 | 6bcc fe01 | 0000 4903 | ca80 3902 | 0f85 1a2a | 0000 4180 | 7f40 000f | 8530 2500 
  0x000001fec7ec3b2c: 004c 8b54 | 2468 4189 | 5a28 4d8b | d94d 8bc2 | 4d33 d849 | c1eb 154d | 85db 741a | 49c1 e809 
  0x000001fec7ec3b4c: 48b9 00d0 | 6bcc fe01 | 0000 4903 | c880 3902 | 0f85 8329 | 0000 448b | 4c24 4443 | 8b6c cc08 
  0x000001fec7ec3b6c: 4f8d 1ccc | 488d 9c24 | 0801 0000 | 498b 03a8 | 020f 8523 | 0000 0048 | 83c8 0148 | 8903 f049 
  0x000001fec7ec3b8c: 0fb1 1b0f | 8437 0000 | 0048 2bc4 | 4825 07f0 | ffff 4889 | 03e9 2400 | 0000 4c8b | c048 33c0 
  0x000001fec7ec3bac: f04d 0fb1 | 783e 48c7 | 0303 0000 | 0074 114c | 3bf8 7515 | 49ff 8086 | 0000 0048 

  0x000001fec7ec3bc8: ;   {no_reloc}
  0x000001fec7ec3bc8: 33c0 7509 | 49ff 8750 | 0500 0033 | c00f 85c5 

  0x000001fec7ec3bd8: ;   {metadata('java/util/Collections$SetFromMap')}
  0x000001fec7ec3bd8: 4a00 0081 | fde8 9f02 | 000f 8579 | 4a00 0041 | 8b4b 0c41 | 8b7c cc08 | 4d8d 04cc | 498b da48 
  0x000001fec7ec3bf8: ;   {metadata('java/util/WeakHashMap')}
  0x000001fec7ec3bf8: c1eb 0381 | ff50 9302 | 000f 857a | 2d00 004d | 8b0a 498b | c948 83e1 | 0348 83f9 | 010f 8532 
  0x000001fec7ec3c18: 2500 0049 | c1e9 0841 | 8bc1 25ff | ffff 7f85 | c00f 841e | 2500 0041 | 8b78 2844 | 8bc8 41c1 
  0x000001fec7ec3c38: e914 8bc8 | c1e9 0c44 | 33c9 4433 | c841 8bd1 | c1ea 0441 | 8bc9 c1e9 | 0741 33c9 | 33ca 418b 
  0x000001fec7ec3c58: ;   {metadata('java/lang/ref/ReferenceQueue')}
  0x000001fec7ec3c58: 54fc 0881 | fa68 3706 | 000f 85db | 4b00 0048 | c1e7 0344 | 3b67 0c0f | 85f8 2100 | 0041 8b78 
  0x000001fec7ec3c78: 2441 8b74 | fc0c 448d | 4eff 4423 | c985 f60f | 860f 4c00 | 0044 898c | 248c 0000 | 0089 4c24 
  0x000001fec7ec3c98: 444c 8984 | 2480 0000 | 004c 895c | 2478 4c89 | 5424 6889 | 5c24 3c4d | 8d14 fc4c | 8994 2490 
  0x000001fec7ec3cb8: 0000 0089 | bc24 8800 | 0000 4f8d | 548a 104c | 8994 2498 | 0000 0045 | 8b12 4585 | d20f 857f 
  0x000001fec7ec3cd8: 3100 004c | 8b94 2480 | 0000 0041 | ff42 2049 | 8b9f b801 | 0000 4c8b | 9424 9800 | 0000 458b 
  0x000001fec7ec3cf8: 1a44 899c | 24a0 0000 | 004c 8bd3 | 4983 c228 | 498b eb48 | c1e5 034d | 3b97 c801 | 0000 0f83 
  0x000001fec7ec3d18: b535 0000 | 4d89 97b8 | 0100 0041 | 0f18 8200 | 0100 0048 | c703 0100 

  0x000001fec7ec3d30: ;   {metadata('java/util/WeakHashMap$Entry')}
  0x000001fec7ec3d30: 0000 c743 | 0820 9702 | 0044 8963 | 0c4c 8963 | 104c 8963 | 184c 8963 | 204c 8b94 | 2480 0000 
  0x000001fec7ec3d50: 0045 8b52 | 2845 85d2 | 7409 49c1 | e203 4c89 | 5424 5044 | 8b5c 243c | 4489 5b0c | 4180 7f40 
  0x000001fec7ec3d70: 000f 85c8 | 2400 0048 | 8bfb 48c1 | ef03 4c8b | 5424 5049 | c1ea 0344 | 8953 104c | 8b54 2450 
  0x000001fec7ec3d90: 4c8b db4d | 33d3 49c1 | ea15 4d85 | d274 1a49 | c1eb 0948 | b900 d06b | ccfe 0100 | 0049 03cb 
  0x000001fec7ec3db0: 8039 020f | 857c 2800 | 00f0 8344 | 24c0 0041 | 807f 4000 | 0f85 3e24 

  0x000001fec7ec3dc8: ;   {oop(a 'java/lang/Boolean'{0x000000070ab86548} = true)}
  0x000001fec7ec3dc8: 0000 c743 | 20a9 0c57 

  0x000001fec7ec3dd0: ;   {oop(a 'java/lang/Boolean'{0x000000070ab86548} = true)}
  0x000001fec7ec3dd0: e149 ba48 | 65b8 0a07 | 0000 004c | 8bdb 4d33 | d349 c1ea | 154d 85d2 | 741a 49c1 | eb09 48b9 
  0x000001fec7ec3df0: 00d0 6bcc | fe01 0000 | 4903 cb80 | 3902 0f85 | e027 0000 | 4180 7f40 | 000f 85c2 | 2300 0044 
  0x000001fec7ec3e10: 8b94 24a0 | 0000 0044 | 8953 2444 | 8b5c 2444 | 4489 5b1c | 4c8b d54c | 8bdb 4d33 | d349 c1ea 
  0x000001fec7ec3e30: 154d 85d2 | 7427 448b | 9424 a000 | 0000 4585 | d274 1a49 | c1eb 0948 | b900 d06b | ccfe 0100 
  0x000001fec7ec3e50: 0049 03cb | 8039 020f | 8529 2800 | 0041 807f | 4000 0f85 | 2523 0000 | 4c8b 8424 | 9800 0000 
  0x000001fec7ec3e70: 4189 384d | 8bd0 4c8b | db4d 33da | 49c1 eb15 | 4d85 db74 | 1a49 c1ea | 0948 b900 | d06b ccfe 
  0x000001fec7ec3e90: 0100 0049 | 03ca 8039 | 020f 85f4 | 2600 004c | 8b84 2480 | 0000 0045 | 8b48 1445 | 8b50 1841 
  0x000001fec7ec3eb0: ffc1 4589 | 4814 453b | ca0f 8fd5 | 5600 0033 | ed48 85ed | 0f85 2151 | 0000 4c8b | 5c24 7848 
  0x000001fec7ec3ed0: ;   {no_reloc}
  0x000001fec7ec3ed0: 8d84 2408 | 0100 0048 | 8338 000f | 8479 0000 | 004d 8b13 | 41f6 c202 | 0f84 6200 | 0000 4983 
  0x000001fec7ec3ef0: ba86 0000 | 0000 7409 | 49ff 8a86 | 0000 00eb | 4b49 8b82 | 9600 0000 | 490b 828e | 0000 0075 
  0x000001fec7ec3f10: 0a49 c742 | 3e00 0000 | 00eb 3d49 | 83ba 9e00 | 0000 0074 | 2248 33c0 | 49c7 423e | 0000 0000 
  0x000001fec7ec3f30: f083 0424 | 0049 83ba | 9e00 0000 | 0075 0df0 | 4d0f b17a | 3e75 0583 | c801 eb0c | a800 eb08 
  0x000001fec7ec3f50: 4c8b 10f0 | 4d0f b113 | 750a 49ff | 8f50 0500 | 0045 33d2 | 0f85 7247 | 0000 4c8b | 5c24 5848 
  0x000001fec7ec3f70: 8d84 24f8 | 0000 0048 | 8338 000f | 8479 0000 | 004d 8b13 | 41f6 c202 | 0f84 6200 | 0000 4983 
  0x000001fec7ec3f90: ba86 0000 | 0000 7409 | 49ff 8a86 | 0000 00eb | 4b49 8b82 | 9600 0000 | 490b 828e | 0000 0075 
  0x000001fec7ec3fb0: 0a49 c742 | 3e00 0000 | 00eb 3d49 | 83ba 9e00 | 0000 0074 | 2248 33c0 | 49c7 423e 

  0x000001fec7ec3fcc: ;   {no_reloc}
  0x000001fec7ec3fcc: 0000 0000 | f083 0424 | 0049 83ba | 9e00 0000 | 0075 0df0 | 4d0f b17a | 3e75 0583 | c801 eb0c 
  0x000001fec7ec3fec: a800 eb08 | 4c8b 10f0 | 4d0f b113 | 750a 49ff | 8f50 0500 | 0045 33d2 | 0f85 ff46 | 0000 4180 
  0x000001fec7ec400c: 7f40 000f | 85c0 2000 | 004c 8b6c | 2428 8b5c | 243c 4189 | 5d0c 4c8b | 5424 684d | 8bdd 4d33 
  0x000001fec7ec402c: d349 c1ea | 154d 85d2 | 745f 49c1 | eb09 48b9 | 00d0 6bcc | fe01 0000 | 4903 cb80 | 3902 7449 
  0x000001fec7ec404c: 4d8b 5748 | 4d8b 5f58 | f083 4424 | c000 8039 | 0074 3244 | 8821 4d85 | d274 0f4b | 894c 13f8 
  0x000001fec7ec406c: 4983 c2f8 | 4d89 5748 | eb1b 498b | d7c5 f877 | 49ba 40dd | 6f04 fc7f | 0000 41ff 

  0x000001fec7ec4088: ;   {other}
  0x000001fec7ec4088: d20f 1f84 | 0000 0000 | 0041 8b5d | 0c48 8d84 | 24f0 0000 | 0048 8338 | 000f 847b | 0000 004d 
  0x000001fec7ec40a8: 8b55 0041 | f6c2 020f | 8462 0000 | 0049 83ba | 8600 0000 | 0074 0949 | ff8a 8600 | 0000 eb4b 
  0x000001fec7ec40c8: 498b 8296 | 0000 0049 | 0b82 8e00 | 0000 750a | 49c7 423e | 0000 0000 | eb3e 4983 | ba9e 0000 
  0x000001fec7ec40e8: 0000 7422 | 4833 c049 | c742 3e00 | 0000 00f0 | 8304 2400 | 4983 ba9e | 0000 0000 | 750d f04d 
  0x000001fec7ec4108: 0fb1 7a3e | 7505 83c8 | 01eb 0da8 | 00eb 094c | 8b10 f04d | 0fb1 5500 | 750a 49ff | 8f50 0500 
  0x000001fec7ec4128: 0045 33d2 | 0f85 4a38 | 0000 458b 

  0x000001fec7ec4134: ;   {metadata('sun/nio/ByteBuffered')}
  0x000001fec7ec4134: 54dc 0848 | b820 d301 | 0008 0000 | 0048 be00 | 0000 0008 | 0000 0049 | 03f2 4c8b | 5620 4c3b 
  0x000001fec7ec4154: d00f 84c5 | 3700 0048 | 8b7e 288b | 0f48 83c7 | 0848 85c0 | f248 af0f | 8504 0000 | 0048 8946 
  0x000001fec7ec4174: 200f 84a5 | 3700 0048 | 8d9c 24f0 | 0000 0049 | 8b45 00a8 | 020f 8524 | 0000 0048 | 83c8 0148 
  0x000001fec7ec4194: 8903 f049 | 0fb1 5d00 | 0f84 3700 | 0000 482b | c448 2507 | f0ff ff48 | 8903 e924 | 0000 004c 
  0x000001fec7ec41b4: 8bd0 4833 | c0f0 4d0f | b17a 3e48 | c703 0300 | 0000 7411 | 4c3b f875 | 1549 ff82 | 8600 0000 
  0x000001fec7ec41d4: 4833 c075 | 0949 ff87 | 5005 0000 | 33c0 0f85 | bf37 0000 | 418b 7d0c | 85ff 0f85 | d807 0000 
  0x000001fec7ec41f4: 458b 5520 

  0x000001fec7ec41f8: ; implicit exception: dispatches to 0x000001fec7ecb0cc
  0x000001fec7ec41f8: 478b 54d4 | 1845 8b5d | 1c45 85d2 | 0f84 3a41 | 0000 4b8d | 14d4 488d | 9c24 f800 | 0000 488b 
  0x000001fec7ec4218: 02a8 020f | 8523 0000 | 0048 83c8 | 0148 8903 | f048 0fb1 | 1a0f 8437 | 0000 0048 

  0x000001fec7ec4234: ;   {no_reloc}
  0x000001fec7ec4234: 2bc4 4825 | 07f0 ffff | 4889 03e9 | 2400 0000 | 4c8b c048 | 33c0 f04d | 0fb1 783e | 48c7 0303 
  0x000001fec7ec4254: 0000 0074 | 114c 3bf8 | 7515 49ff | 8086 0000 | 0048 33c0 | 7509 49ff | 8750 0500 | 0033 c00f 
  0x000001fec7ec4274: 850f 4300 | 0045 85db | 0f84 0651 | 0000 438b | 6cd4 3085 | ed0f 853c | 4300 0047 | 0fb6 44d4 
  0x000001fec7ec4294: 1245 85c0 | 0f85 9729 | 0000 438b | 6cd4 3085 | ed0f 856d | 4300 0043 | 8b4c d418 

  0x000001fec7ec42b0: ; implicit exception: dispatches to 0x000001fec7ecb104
  0x000001fec7ec42b0: 458b 4ccc | 1845 8b44 | cc0c 4489 | 4424 7843 | 0fb6 6cd4 | 1085 ed0f | 8503 5100 | 0043 8b4c 
  0x000001fec7ec42d0: d418 418b | 6ccc 1885 | ed0f 8455 | 5100 0047 | 8b44 dc3c | 438b 5cd4 | 1c41 3bd8 | 0f84 6201 
  0x000001fec7ec42f0: 0000 410f | be7c dc10 | 413b d80f | 8453 0100 | 0045 85c0 | 0f84 f600 | 0000 430f | be6c c410 
  0x000001fec7ec4310: 3bfd 0f85 | 8858 0000 | 438b 74c4 | 1441 8b44 | dc14 418b | 5cf4 0c41 | 8b4c c40c | 3bcb 0f85 
  0x000001fec7ec4330: cc00 0000 

  0x000001fec7ec4334: ;   {no_reloc}
  0x000001fec7ec4334: 4d8d 1cf4 | 498d 74f4 | 104d 8d1c | c449 8d7c | c410 85c9 | 0f84 9d00 | 0000 8bc1 | 83e0 1f83 
  0x000001fec7ec4354: e1e0 0f84 | 4b00 0000 | 488d 3c0f | 488d 340e | 48f7 d9c5 | fe6f 040f | c5fe 6f0c | 0ec5 fdef 
  0x000001fec7ec4374: c1c4 e27d | 17c0 0f85 | 7200 0000 | 4883 c120 | 75e1 85c0 | 0f84 5d00 | 0000 c5fe | 6f44 07e0 
  0x000001fec7ec4394: c5fe 6f4c | 06e0 c5fd | efc1 c4e2 | 7d17 c075 | 4deb 448b | c883 e1fc | 7419 488d | 3c0f 488d 
  0x000001fec7ec43b4: 340e 48f7 | d98b 1c0f | 3b1c 0e75 | 3148 83c1 | 0475 f2a8 | 0274 120f | b71f 0fb7 | 0e3b d975 
  0x000001fec7ec43d4: 1d48 8d7f | 0248 8d76 | 02a8 0174 | 0a0f b61f | 0fb6 0e3b | d975 07b8 | 0100 0000 | eb02 33c0 
  0x000001fec7ec43f4: c5fd efc0 | c5f5 efc9 | 85c0 7554 | 4585 c90f | 845b 5300 | 0048 8954 | 2450 4489 | 5424 384c 
  0x000001fec7ec4414: 896c 2428 | 49c1 e003 | 4b8d 14cc | 4489 4c24 | 3c45 33c9 | 4c8b 5424 | 5049 8bea 

  0x000001fec7ec4430: ;   {optimized virtual_call}
  0x000001fec7ec4430: c5f8 77e8 

  0x000001fec7ec4434: ; ImmutableOopMap {rbp=Oop [40]=Oop [48]=Oop [56]=NarrowOop [60]=NarrowOop [64]=NarrowOop [72]=Oop [80]=Oop [96]=Oop [112]=Oop [120]=NarrowOop }
                      ;*invokevirtual getEntryPos {reexecute=0 rethrow=0 return_oop=0}
                      ; - java.util.zip.ZipFile::getInputStream@63
                      ; - java.util.jar.JarFile::getInputStream@21
                      ; - jdk.internal.loader.URLClassPath$JarLoader$2::getInputStream@11
                      ; - jdk.internal.loader.Resource::cachedInputStream@9
                      ; - jdk.internal.loader.Resource::getBytes@1
                      ; - jdk.internal.loader.URLClassPath$JarLoader$2::getBytes@1
                      ; - jdk.internal.loader.BuiltinClassLoader::defineClass@84
  0x000001fec7ec4434: 48a6 8cff 

  0x000001fec7ec4438: ;   {other}
  0x000001fec7ec4438: 0f1f 8400 | a830 0009 | 4c8b 6c24 | 2844 8b54 | 2438 488b | d544 8b4c | 243c eb05 | 438b 44d4 
  0x000001fec7ec4458: 0c44 8bd8 | 83f8 ff0f | 8433 5000 | 0049 8b87 | b801 0000 | 4c8b c049 | 83c0 384d | 3b87 c801 
  0x000001fec7ec4478: 0000 0f83 | c02d 0000 | 4d89 87b8 | 0100 0041 | 0f18 8000 | 0100 0048 | c700 0100 

  0x000001fec7ec4494: ;   {metadata('java/util/zip/ZipFile$ZipFileInputStream')}
  0x000001fec7ec4494: 0000 c740 | 08d8 9a01 | 0044 8960 | 0c4c 8960 | 104c 8960 | 184c 8960 | 204c 8960 | 284c 8960 
  0x000001fec7ec44b4: 3048 8bf8 

  0x000001fec7ec44b8: ; implicit exception: dispatches to 0x000001fec7ecb194
  0x000001fec7ec44b8: 478b 44cc | 3844 8957 | 3041 8d5b | 1448 8bca | 488b f748 | 33ce 48c1 | e915 4885 | c974 1a48 
  0x000001fec7ec44d8: c1ee 0948 | b900 d06b | ccfe 0100 | 0048 03ce | 8039 020f | 856b 1f00 | 0043 8b4c | c40c 3bd9 
  0x000001fec7ec44f8: 0f83 863e | 0000 4889 | 7c24 5844 | 894c 243c | 4889 5424 | 5044 8954 | 2438 4c89 | 6c24 284f 
  0x000001fec7ec4518: 8d14 c44c | 8994 2480 | 0000 0044 | 8944 2468 | 458d 5319 | 4489 5c24 | 4449 63fb | 4c8b 9c24 
  0x000001fec7ec4538: 8000 0000 | 450f b65c | 3b24 418b | c344 3bd1 | 0f83 c63e | 0000 4c8b | 9c24 8000 | 0000 450f 
  0x000001fec7ec4558: b654 3b29 | 410f b64c | 3b28 450f | b644 3b27 | 450f b64c | 3b26 450f | b65c 3b25 | 8b5c 243c 
  0x000001fec7ec4578: 48c1 e303 | 4889 9c24 | 8800 0000 | 41c1 e308 | 440b d841 | c1e0 0845 | 0bc8 448b 

  0x000001fec7ec4594: ;   {no_reloc}
  0x000001fec7ec4594: 4424 4441 | 83c0 1a41 | c1e1 1045 | 0bd9 41c1 | e208 410b | ca89 4c24 | 6c45 8bd3 | 4c8b 5c24 
  0x000001fec7ec45b4: 584d 8953 | 2048 8b94 | 2480 0000 | 0049 8beb 

  0x000001fec7ec45c4: ;   {static_call}
  0x000001fec7ec45c4: c5f8 77e8 

  0x000001fec7ec45c8: ; ImmutableOopMap {rbp=Oop [40]=Oop [48]=Oop [56]=NarrowOop [60]=NarrowOop [64]=NarrowOop [72]=Oop [80]=Oop [88]=Oop [96]=Oop [104]=NarrowOop [112]=Oop [120]=NarrowOop [128]=Oop [136]=Oop }
                      ;*invokestatic SH {reexecute=0 rethrow=0 return_oop=0}
                      ; - java.util.zip.ZipUtils::LG@9
                      ; - java.util.zip.ZipUtils::CENLEN@5
                      ; - java.util.zip.ZipFile$ZipFileInputStream::<init>@21
                      ; - java.util.zip.ZipFile::getInputStream@88
                      ; - java.util.jar.JarFile::getInputStream@21
                      ; - jdk.internal.loader.URLClassPath$JarLoader$2::getInputStream@11
                      ; - jdk.internal.loader.Resource::cachedInputStream@9
                      ; - jdk.internal.loader.Resource::getBytes@1
                      ; - jdk.internal.loader.URLClassPath$JarLoader$2::getBytes@1
                      ; - jdk.internal.loader.BuiltinClassLoader::defineClass@84
  0x000001fec7ec45c8: b4aa 8cff 

  0x000001fec7ec45cc: ;   {other}
  0x000001fec7ec45cc: 0f1f 8400 | 3c32 000a | c1e0 100b | 4424 6c44 | 8bd0 4c89 | 5528 488b | 9424 8000 | 0000 448b 
  0x000001fec7ec45ec: 4424 4490 

  0x000001fec7ec45f0: ;   {static_call}
  0x000001fec7ec45f0: c5f8 77e8 

  0x000001fec7ec45f4: ; ImmutableOopMap {rbp=Oop [40]=Oop [48]=Oop [56]=NarrowOop [60]=NarrowOop [64]=NarrowOop [72]=Oop [80]=Oop [88]=Oop [96]=Oop [104]=NarrowOop [112]=Oop [120]=NarrowOop [128]=Oop [136]=Oop }
                      ;*invokestatic CENOFF {reexecute=0 rethrow=0 return_oop=0}
                      ; - java.util.zip.ZipFile$ZipFileInputStream::<init>@30
                      ; - java.util.zip.ZipFile::getInputStream@88
                      ; - java.util.jar.JarFile::getInputStream@21
                      ; - jdk.internal.loader.URLClassPath$JarLoader$2::getInputStream@11
                      ; - jdk.internal.loader.Resource::cachedInputStream@9
                      ; - jdk.internal.loader.Resource::getBytes@1
                      ; - jdk.internal.loader.URLClassPath$JarLoader$2::getBytes@1
                      ; - jdk.internal.loader.BuiltinClassLoader::defineClass@84
  0x000001fec7ec45f4: 88aa 8cff 

  0x000001fec7ec45f8: ;   {other}
  0x000001fec7ec45f8: 0f1f 8400 | 6832 000b | 4c8b c549 | 8940 104d | 8b50 2041 | bbff ffff | ff4d 3bd3 | 0f84 c64e 
  0x000001fec7ec4618: 0000 4d8b | 5028 4d3b | d30f 84f5 | 4e00 0041 | baff ffff | ff49 3bc2 | 0f84 224f | 0000 8b4c 
  0x000001fec7ec4638: 2438 458b | 54cc 1847 | 8b5c d418 

  0x000001fec7ec4644: ; implicit exception: dispatches to 0x000001fec7ecb31c
  0x000001fec7ec4644: 4f8b 54dc | 104c 03d0 | 49f7 da4d | 8950 1044 | 8b5c 243c | 478b 54dc | 3849 8bd2 | 48c1 e203 
  0x000001fec7ec4664: 448b 4424 | 444c 8b54 | 2450 498b | ea66 6690 

  0x000001fec7ec4674: ;   {static_call}
  0x000001fec7ec4674: c5f8 77e8 

  0x000001fec7ec4678: ; ImmutableOopMap {rbp=Oop [40]=Oop [48]=Oop [56]=NarrowOop [60]=NarrowOop [64]=NarrowOop [72]=Oop [80]=Oop [88]=Oop [96]=Oop [112]=Oop [120]=NarrowOop [136]=Oop }
                      ;*invokestatic CENHOW {reexecute=0 rethrow=0 return_oop=0}
                      ; - java.util.zip.ZipFile::getInputStream@98
                      ; - java.util.jar.JarFile::getInputStream@21
                      ; - jdk.internal.loader.URLClassPath$JarLoader$2::getInputStream@11
                      ; - jdk.internal.loader.Resource::cachedInputStream@9
                      ; - jdk.internal.loader.Resource::getBytes@1
                      ; - jdk.internal.loader.URLClassPath$JarLoader$2::getBytes@1
                      ; - jdk.internal.loader.BuiltinClassLoader::defineClass@84
  0x000001fec7ec4678: 04aa 8cff 

  0x000001fec7ec467c: ;   {other}
  0x000001fec7ec467c: 0f1f 8400 | ec32 000c | 83f8 080f | 85a7 4000 | 0044 8b54 | 243c 478b | 5cd4 3849 | 8bd3 48c1 
  0x000001fec7ec469c: e203 448b | 4424 4490 

  0x000001fec7ec46a4: ;   {static_call}
  0x000001fec7ec46a4: c5f8 77e8 

  0x000001fec7ec46a8: ; ImmutableOopMap {rbp=Oop [40]=Oop [48]=Oop [56]=NarrowOop [64]=NarrowOop [72]=Oop [80]=Oop [88]=Oop [96]=Oop [112]=Oop [120]=NarrowOop }
                      ;*invokestatic CENLEN {reexecute=0 rethrow=0 return_oop=0}
                      ; - java.util.zip.ZipFile::getInputStream@168
                      ; - java.util.jar.JarFile::getInputStream@21
                      ; - jdk.internal.loader.URLClassPath$JarLoader$2::getInputStream@11
                      ; - jdk.internal.loader.Resource::cachedInputStream@9
                      ; - jdk.internal.loader.Resource::getBytes@1
                      ; - jdk.internal.loader.URLClassPath$JarLoader$2::getBytes@1
                      ; - jdk.internal.loader.BuiltinClassLoader::defineClass@84
  0x000001fec7ec46a8: d4a9 8cff 

  0x000001fec7ec46ac: ;   {other}
  0x000001fec7ec46ac: 0f1f 8400 | 1c33 000d | 488d 6802 | 4881 fd00 | 0001 000f | 8f1f 1500 | 0048 85ed | 0f8e 1a4f 
  0x000001fec7ec46cc: 0000 498b | 87b8 0100 | 004c 8bd0 | 4983 c230 | 4d3b 97c8 | 0100 000f | 83c9 2b00 | 004d 8997 
  0x000001fec7ec46ec: b801 0000 | 410f 1882 | 0001 0000 | 48c7 0001 

  0x000001fec7ec46fc: ;   {metadata('java/util/zip/ZipFile$ZipFileInflaterInputStream')}
  0x000001fec7ec46fc: 0000 00c7 | 4008 70a0 | 0100 4489 | 600c 4c89 | 6010 4c89 | 6018 4c89 | 6020 4c89 | 6028 4889 
  0x000001fec7ec471c: 4424 6844 | 8b5c 2438 | 478b 54dc | 188b f549 | 8bfa 48c1 | e703 488b | d04c 8b44 | 2450 4c8b 
  0x000001fec7ec473c: 4c24 5849 | 8be8 6690 

  0x000001fec7ec4744: ;   {optimized virtual_call}
  0x000001fec7ec4744: c5f8 77e8 

  0x000001fec7ec4748: ; ImmutableOopMap {rbp=Oop [40]=Oop [48]=Oop [56]=NarrowOop [64]=NarrowOop [72]=Oop [80]=Oop [96]=Oop [104]=Oop [112]=Oop [120]=NarrowOop }
                      ;*invokespecial <init> {reexecute=0 rethrow=0 return_oop=0}
                      ; - java.util.zip.ZipFile::getInputStream@216
                      ; - java.util.jar.JarFile::getInputStream@21
                      ; - jdk.internal.loader.URLClassPath$JarLoader$2::getInputStream@11
                      ; - jdk.internal.loader.Resource::cachedInputStream@9
                      ; - jdk.internal.loader.Resource::getBytes@1
                      ; - jdk.internal.loader.URLClassPath$JarLoader$2::getBytes@1
                      ; - jdk.internal.loader.BuiltinClassLoader::defineClass@84
  0x000001fec7ec4748: 34a3 8cff 

  0x000001fec7ec474c: ;   {other}
  0x000001fec7ec474c: 0f1f 8400 | bc33 000e | 448b 5424 | 7843 8b6c | d408 4f8d | 04d4 488d | 9c24 0801 | 0000 498b 
  0x000001fec7ec476c: 00a8 020f | 8523 0000 | 0048 83c8 | 0148 8903 | f049 0fb1 | 180f 8437 | 0000 0048 | 2bc4 4825 
  0x000001fec7ec478c: 07f0 ffff | 4889 03e9 | 2400 0000 | 4c8b d848 | 33c0 f04d | 0fb1 7b3e | 48c7 0303 | 0000 0074 
  0x000001fec7ec47ac: 114c 3bf8 | 7515 49ff | 8386 0000 | 0048 33c0 | 7509 49ff | 8750 0500 | 0033 c00f | 859f 3f00 
  0x000001fec7ec47cc: ;   {metadata('java/util/Collections$SetFromMap')}
  0x000001fec7ec47cc: 0081 fde8 | 9f02 000f | 85d6 3f00 | 004c 8944 | 2438 498b | d04c 8b44 | 2468 4c8b | 5424 5049 
  0x000001fec7ec47ec: 8bea 6690 

  0x000001fec7ec47f0: ;   {optimized virtual_call}
  0x000001fec7ec47f0: c5f8 77e8 

  0x000001fec7ec47f4: ; ImmutableOopMap {rbp=Oop [40]=Oop [48]=Oop [56]=Oop [64]=NarrowOop [72]=Oop [80]=Oop [96]=Oop [104]=Oop [112]=Oop }
                      ;*invokeinterface add {reexecute=0 rethrow=0 return_oop=0}
                      ; - java.util.zip.ZipFile::getInputStream@231
                      ; - java.util.jar.JarFile::getInputStream@21
                      ; - jdk.internal.loader.URLClassPath$JarLoader$2::getInputStream@11
                      ; - jdk.internal.loader.Resource::cachedInputStream@9
                      ; - jdk.internal.loader.Resource::getBytes@1
                      ; - jdk.internal.loader.URLClassPath$JarLoader$2::getBytes@1
                      ; - jdk.internal.loader.BuiltinClassLoader::defineClass@84
  0x000001fec7ec47f4: 88a2 8cff 

  0x000001fec7ec47f8: ;   {other}
  0x000001fec7ec47f8: 0f1f 8400 | 6834 000f | 4c8b 5c24 | 3848 8d84 | 2408 0100 | 0048 8338 | 000f 8479 | 0000 004d 
  0x000001fec7ec4818: 8b13 41f6 | c202 0f84 | 6200 0000 | 4983 ba86 | 0000 0000 | 7409 49ff | 8a86 0000 | 00eb 4b49 
  0x000001fec7ec4838: 8b82 9600 | 0000 490b | 828e 0000 | 0075 0a49 | c742 3e00 | 0000 00eb | 3d49 83ba | 9e00 0000 
  0x000001fec7ec4858: 0074 2248 | 33c0 49c7 | 423e 0000 | 0000 f083 | 0424 0049 | 83ba 9e00 | 0000 0075 | 0df0 4d0f 
  0x000001fec7ec4878: b17a 3e75 | 0583 c801 | eb0c a800 | eb08 4c8b | 10f0 4d0f | b113 750a | 49ff 8f50 | 0500 0045 
  0x000001fec7ec4898: 33d2 0f85 | 4c3f 0000 | 4c8b dd48 | 8d84 24f8 | 0000 0048 | 8338 000f | 8479 0000 | 004d 8b13 
  0x000001fec7ec48b8: 41f6 c202 | 0f84 6200 | 0000 4983 | ba86 0000 | 0000 7409 | 49ff 8a86 | 0000 00eb | 4b49 8b82 
  0x000001fec7ec48d8: 9600 0000 | 490b 828e | 0000 0075 | 0a49 c742 | 3e00 0000 | 00eb 3d49 | 83ba 9e00 

  0x000001fec7ec48f4: ;   {no_reloc}
  0x000001fec7ec48f4: 0000 0074 | 2248 33c0 | 49c7 423e | 0000 0000 | f083 0424 | 0049 83ba | 9e00 0000 | 0075 0df0 
  0x000001fec7ec4914: 4d0f b17a | 3e75 0583 | c801 eb0c | a800 eb08 | 4c8b 10f0 | 4d0f b113 | 750a 49ff | 8f50 0500 
  0x000001fec7ec4934: 0045 33d2 | 0f85 d93e | 0000 4180 | 7f40 000f | 85c8 1700 | 004c 8b6c | 2428 4d8b | d54c 8b5c 
  0x000001fec7ec4954: 2468 498b | fb48 c1ef | 0341 897d | 0c4d 33da | 49c1 eb15 | 4d85 db74 | 5f49 c1ea | 094c 8b44 
  0x000001fec7ec4974: 2420 4d03 | c241 8038 | 0274 4d4d | 8b57 484d | 8b5f 58f0 | 8344 24c0 | 0041 8038 | 0074 3545 
  0x000001fec7ec4994: 8820 4d85 | d274 0f4f | 8944 13f8 | 4983 c2f8 | 4d89 5748 | eb1e 498b | c849 8bd7 | c5f8 7749 
  0x000001fec7ec49b4: ba40 dd6f | 04fc 7f00 | 0041 ffd2 

  0x000001fec7ec49c0: ;   {other}
  0x000001fec7ec49c0: 0f1f 8400 | 0000 0000 | 418b 7d0c | 488d 8424 | f000 0000 | 4883 3800 | 0f84 7b00 | 0000 4d8b 
  0x000001fec7ec49e0: 5500 41f6 | c202 0f84 | 6200 0000 | 4983 ba86 | 0000 0000 | 7409 49ff | 8a86 0000 | 00eb 4b49 
  0x000001fec7ec4a00: 8b82 9600 | 0000 490b | 828e 0000 | 0075 0a49 | c742 3e00 | 0000 00eb | 3e49 83ba | 9e00 0000 
  0x000001fec7ec4a20: 0074 2248 | 33c0 49c7 | 423e 0000 | 0000 f083 | 0424 0049 | 83ba 9e00 | 0000 0075 | 0df0 4d0f 
  0x000001fec7ec4a40: b17a 3e75 | 0583 c801 | eb0d a800 | eb09 4c8b | 10f0 4d0f | b155 0075 | 0a49 ff8f | 5005 0000 
  0x000001fec7ec4a60: 4533 d20f | 8567 2f00 | 0089 7c24 | 284c 896c | 2420 498b | ed66 6690 

  0x000001fec7ec4a78: ;   {static_call}
  0x000001fec7ec4a78: c5f8 77e8 

  0x000001fec7ec4a7c: ; ImmutableOopMap {rbp=Oop [32]=Oop [40]=NarrowOop [48]=Oop [64]=NarrowOop [72]=Oop [96]=Oop [112]=Oop }
                      ;*invokestatic interrupted {reexecute=0 rethrow=0 return_oop=0}
                      ; - jdk.internal.loader.Resource::getBytes@5
                      ; - jdk.internal.loader.URLClassPath$JarLoader$2::getBytes@1
                      ; - jdk.internal.loader.BuiltinClassLoader::defineClass@84
  0x000001fec7ec4a7c: 0096 1400 

  0x000001fec7ec4a80: ;   {other}
  0x000001fec7ec4a80: 0f1f 8400 | f036 0010 | 8944 242c | 488b d590 

  0x000001fec7ec4a90: ;   {optimized virtual_call}
  0x000001fec7ec4a90: c5f8 77e8 

  0x000001fec7ec4a94: ; ImmutableOopMap {rbp=Oop [32]=Oop [40]=NarrowOop [48]=Oop [64]=NarrowOop [72]=Oop [96]=Oop [112]=Oop }
                      ;*invokevirtual getContentLength {reexecute=0 rethrow=0 return_oop=0}
                      ; - jdk.internal.loader.Resource::getBytes@10
                      ; - jdk.internal.loader.URLClassPath$JarLoader$2::getBytes@1
                      ; - jdk.internal.loader.BuiltinClassLoader::defineClass@84
  0x000001fec7ec4a94: 88b2 0900 

  0x000001fec7ec4a98: ;   {other}
  0x000001fec7ec4a98: 0f1f 8400 | 0837 0011 | 8be8 4d8b | 9fb8 0100 | 004d 8bd3 | 4983 c210 | 4d3b 97c8 | 0100 000f 
  0x000001fec7ec4ab8: 8374 2400 | 004d 8997 | b801 0000 | 410f 1882 | 0001 0000 | 49c7 0301 | 0000 0041 | 0f18 8240 
  0x000001fec7ec4ad8: ;   {metadata({type array byte})}
  0x000001fec7ec4ad8: 0100 0041 | c743 0828 | 0a04 0041 | 0f18 8280 | 0100 0045 | 8963 0c44 | 8bcd 4183 | f9ff 0f84 
  0x000001fec7ec4af8: 1f3e 0000 | 4585 c97f | 0a4c 895c | 2458 e9db | 0000 008b | 5c24 2845 | 8b54 dc08 

  0x000001fec7ec4b14: ;   {metadata('java/util/zip/ZipFile$ZipFileInflaterInputStream')}
  0x000001fec7ec4b14: 4181 fa70 | a001 000f | 85de 3000 | 004d 8d04 | dc45 33d2 

  0x000001fec7ec4b28: ; implicit exception: dispatches to 0x000001fec7ecaa24
  0x000001fec7ec4b28: 418b 7b0c | 443b d70f | 8c6e 0d00 | 0041 8be9 | 412b ea81 | c700 0400 | 003b ef0f | 4fef 85ed 
  0x000001fec7ec4b48: 0f8c ee2b | 0000 4c89 | 4424 5044 | 894c 2438 | 895c 2428 | 458b c244 | 8954 243c | 4403 c549 
  0x000001fec7ec4b68: 8bd3 6690 

  0x000001fec7ec4b6c: ;   {static_call}
  0x000001fec7ec4b6c: c5f8 77e8 

  0x000001fec7ec4b70: ; ImmutableOopMap {[32]=Oop [40]=NarrowOop [48]=Oop [64]=NarrowOop [72]=Oop [80]=Oop [96]=Oop [112]=Oop }
                      ;*invokestatic copyOf {reexecute=0 rethrow=0 return_oop=1}
                      ; - jdk.internal.loader.Resource::getBytes@94
                      ; - jdk.internal.loader.URLClassPath$JarLoader$2::getBytes@1
                      ; - jdk.internal.loader.BuiltinClassLoader::defineClass@84
  0x000001fec7ec4b70: ac3b e7ff 

  0x000001fec7ec4b74: ;   {other}
  0x000001fec7ec4b74: 0f1f 8400 | e437 0012 | 8bfd 4889 | 4424 5844 | 8b4c 2438 | 4c8b 4424 | 5044 8b54 | 243c 4489 
  0x000001fec7ec4b94: 5424 3c4c | 8944 2450 | 4489 4c24 | 3849 8bd0 | 4c8b 4424 | 5845 8bca | 488b 6c24 | 2066 6690 
  0x000001fec7ec4bb4: ;   {optimized virtual_call}
  0x000001fec7ec4bb4: c5f8 77e8 

  0x000001fec7ec4bb8: ; ImmutableOopMap {rbp=Oop [32]=Oop [40]=NarrowOop [48]=Oop [64]=NarrowOop [72]=Oop [80]=Oop [88]=Oop [96]=Oop [112]=Oop }
                      ;*invokevirtual read {reexecute=0 rethrow=0 return_oop=0}
                      ; - jdk.internal.loader.Resource::getBytes@117
                      ; - jdk.internal.loader.URLClassPath$JarLoader$2::getBytes@1
                      ; - jdk.internal.loader.BuiltinClassLoader::defineClass@84
  0x000001fec7ec4bb8: 64e7 e8ff 

  0x000001fec7ec4bbc: ;   {other}
  0x000001fec7ec4bbc: 0f1f 8400 | 2c38 0013 | 85c0 0f8c | 3a2b 0000 | 4d8b 9758 | 0400 008b | 7c24 3c03 

  0x000001fec7ec4bd8: ; ImmutableOopMap {rbp=Oop [32]=Oop [40]=NarrowOop [48]=Oop [64]=NarrowOop [72]=Oop [80]=Oop [88]=Oop [96]=Oop [112]=Oop }
                      ;*goto {reexecute=1 rethrow=0 return_oop=0}
                      ; - (reexecute) jdk.internal.loader.Resource::getBytes@179
                      ; - jdk.internal.loader.URLClassPath$JarLoader$2::getBytes@1
                      ; - jdk.internal.loader.BuiltinClassLoader::defineClass@84
                      ;   {poll}
  0x000001fec7ec4bd8: f841 8502 | 3b7c 2438 | 0f8c 4ae3 | ffff 448b | 5424 2847 | 8b44 d408 

  0x000001fec7ec4bf0: ;   {metadata('java/util/zip/ZipFile$ZipFileInflaterInputStream')}
  0x000001fec7ec4bf0: 4181 f870 | a001 000f | 85fe 2d00 | 004b 8d14 | d466 6690 

  0x000001fec7ec4c04: ;   {optimized virtual_call}
  0x000001fec7ec4c04: c5f8 77e8 

  0x000001fec7ec4c08: ; ImmutableOopMap {[32]=Oop [48]=Oop [64]=NarrowOop [72]=Oop [88]=Oop [96]=Oop }
                      ;*invokevirtual close {reexecute=0 rethrow=0 return_oop=0}
                      ; - jdk.internal.loader.Resource::getBytes@183
                      ; - jdk.internal.loader.URLClassPath$JarLoader$2::getBytes@1
                      ; - jdk.internal.loader.BuiltinClassLoader::defineClass@84
  0x000001fec7ec4c08: 5456 0700 

  0x000001fec7ec4c0c: ;   {other}
  0x000001fec7ec4c0c: 0f1f 8400 | 7c38 0015 | 448b 5424 | 2c45 85d2 | 0f85 2a3d | 0000 498b | 87b8 0100 | 004c 8bd0 
  0x000001fec7ec4c2c: 4983 c210 | 4d3b 97c8 | 0100 000f | 831b 2300 | 004d 8997 | b801 0000 | 410f 1882 | 0001 0000 
  0x000001fec7ec4c4c: 48c7 0001 

  0x000001fec7ec4c50: ;   {metadata('java/util/zip/CRC32')}
  0x000001fec7ec4c50: 0000 00c7 | 4008 40d7 | 0100 4489 | 600c 488b | e848 8bd5 | 4c8b 4424 | 5866 6690 

  0x000001fec7ec4c6c: ;   {optimized virtual_call}
  0x000001fec7ec4c6c: c5f8 77e8 

  0x000001fec7ec4c70: ; ImmutableOopMap {rbp=Oop [32]=Oop [48]=Oop [64]=NarrowOop [72]=Oop [88]=Oop [96]=Oop }
                      ;*invokevirtual update {reexecute=0 rethrow=0 return_oop=0}
                      ; - jdk.internal.loader.URLClassPath$JarLoader$2::getBytes@15
                      ; - jdk.internal.loader.BuiltinClassLoader::defineClass@84
  0x000001fec7ec4c70: cc91 0900 

  0x000001fec7ec4c74: ;   {other}
  0x000001fec7ec4c74: 0f1f 8400 | e438 0016 | 488b d590 

  0x000001fec7ec4c80: ;   {optimized virtual_call}
  0x000001fec7ec4c80: c5f8 77e8 

  0x000001fec7ec4c84: ; ImmutableOopMap {[32]=Oop [48]=Oop [64]=NarrowOop [72]=Oop [88]=Oop [96]=Oop }
                      ;*invokevirtual getValue {reexecute=0 rethrow=0 return_oop=0}
                      ; - jdk.internal.loader.URLClassPath$JarLoader$2::getBytes@19
                      ; - jdk.internal.loader.BuiltinClassLoader::defineClass@84
  0x000001fec7ec4c84: 98d4 5c00 

  0x000001fec7ec4c88: ;   {other}
  0x000001fec7ec4c88: 0f1f 8400 | f838 0017 | 4c8b 4424 | 2045 8b58 | 1c4f 8b54 | dc18 493b | c20f 85d9 | 3c00 0049 
  0x000001fec7ec4ca8: 8bd0 6690 

  0x000001fec7ec4cac: ;   {optimized virtual_call}
  0x000001fec7ec4cac: c5f8 77e8 

  0x000001fec7ec4cb0: ; ImmutableOopMap {[48]=Oop [64]=NarrowOop [72]=Oop [88]=Oop [96]=Oop }
                      ;*invokevirtual getCodeSigners {reexecute=0 rethrow=0 return_oop=1}
                      ; - jdk.internal.loader.BuiltinClassLoader::defineClass@90
  0x000001fec7ec4cb0: ac1a 0900 

  0x000001fec7ec4cb4: ;   {other}
  0x000001fec7ec4cb4: 0f1f 8400 | 2439 0018 | 4885 c00f | 855f 2d00 | 0049 8b87 | b801 0000 | 4c8b d049 | 83c2 284d 
  0x000001fec7ec4cd4: 3b97 c801 | 0000 0f83 | 9d22 0000 | 4d89 97b8 | 0100 0041 | 0f18 8200 | 0100 0048 | c700 0100 
  0x000001fec7ec4cf4: ;   {metadata('java/security/CodeSource')}
  0x000001fec7ec4cf4: 0000 c740 | 0890 5005 | 0044 8960 | 0c4c 8960 | 104c 8960 | 184c 8960 | 2048 8be8 | 488b d54c 
  0x000001fec7ec4d14: 8b44 2460 | 4533 c990 

  0x000001fec7ec4d1c: ;   {optimized virtual_call}
  0x000001fec7ec4d1c: c5f8 77e8 

  0x000001fec7ec4d20: ; ImmutableOopMap {rbp=Oop [48]=Oop [72]=Oop [88]=Oop }
                      ;*invokespecial <init> {reexecute=0 rethrow=0 return_oop=0}
                      ; - jdk.internal.loader.BuiltinClassLoader::defineClass@102
  0x000001fec7ec4d20: 9c46 0900 

  0x000001fec7ec4d24: ;   {other}
  0x000001fec7ec4d24: 0f1f 8400 | 9439 0019 | 4c8b 4c24 | 5841 8b71 | 0c48 8b54 | 2448 4c8b | 4424 3033 | ff48 8bcd 
  0x000001fec7ec4d44: ;   {optimized virtual_call}
  0x000001fec7ec4d44: c5f8 77e8 

  0x000001fec7ec4d48: ; ImmutableOopMap {}
                      ;*invokevirtual defineClass {reexecute=0 rethrow=0 return_oop=1}
                      ; - jdk.internal.loader.BuiltinClassLoader::defineClass@117
  0x000001fec7ec4d48: f426 0900 

  0x000001fec7ec4d4c: ;   {other}
  0x000001fec7ec4d4c: 0f1f 8400 | bc39 001a | c5f8 7748 | 81c4 2001 

  0x000001fec7ec4d5c: ;   {poll_return}
  0x000001fec7ec4d5c: 0000 5d49 | 3ba7 5004 | 0000 0f87 | d475 0000 | c383 c502 | ffc5 3bac | 2480 0000 | 000f 8d08 
  0x000001fec7ec4d7c: 0f00 0044 | 8b94 2480 | 0000 0041 | 81fa 0000 | 1000 0f87 | 0023 0000 | 4d8b 87b8 | 0100 004c 
  0x000001fec7ec4d9c: 639c 2480 | 0000 0049 | 83c3 1749 | 83e3 f84d | 8bd0 4d03 | d34d 3b97 | c801 0000 | 0f83 d622 
  0x000001fec7ec4dbc: 0000 4d89 | 97b8 0100 | 0041 0f18 | 8200 0100 | 0049 c700 | 0100 0000 | 410f 1882 | 4001 0000 
  0x000001fec7ec4ddc: ;   {metadata({type array byte})}
  0x000001fec7ec4ddc: 41c7 4008 | 280a 0400 | 448b 9c24 | 8000 0000 | 4589 580c | 410f 1882 | 8001 0000 | 4d8b d085 
  0x000001fec7ec4dfc: ed0f 8ebd | 0000 008d | 4dff 3b8c | 2480 0000 | 000f 8391 | 3c00 0044 | 8b9c 2480 | 0000 0045 
  0x000001fec7ec4e1c: 85db 0f86 | 803c 0000 | 448b 4424 | 7c47 0fbe | 5cc4 1045 | 885a 1083 | f901 0f8e | 8c3c 0000 
  0x000001fec7ec4e3c: bfd0 0700 | 00bb 0100 | 0000 8bf5 | 2bf3 ffce | 4533 c93b | cb41 0f4c | f181 fed0 | 0700 000f 
  0x000001fec7ec4e5c: 47f7 03f3 | 4c63 db4c | 8b84 2498 | 0000 0047 | 0fbe 4418 | 1047 8844 | 1a10 4c8b | 8424 9800 
  0x000001fec7ec4e7c: 0000 470f | be4c 1811 | 4788 4c1a | 1183 c302 | 3bde 7cd0 | 4d8b 9f58 

  0x000001fec7ec4e94: ; ImmutableOopMap {r10=Oop [40]=Oop [48]=Oop [56]=Oop [64]=NarrowOop [68]=NarrowOop [72]=Oop [80]=Oop [88]=Oop [96]=Oop [104]=Oop [112]=Oop [124]=NarrowOop [136]=Oop [152]=Oop }
                      ;*goto {reexecute=1 rethrow=0 return_oop=0}
                      ; - (reexecute) java.lang.StringLatin1::replace@76
                      ; - java.lang.String::replace@18
                      ; - jdk.internal.loader.BuiltinClassLoader::isSealed@9
                      ; - jdk.internal.loader.BuiltinClassLoader::getAndVerifyPackage@70
                      ; - jdk.internal.loader.BuiltinClassLoader::defineOrCheckPackage@4
                      ; - jdk.internal.loader.ClassLoaders$AppClassLoader::defineOrCheckPackage@4
                      ; - jdk.internal.loader.BuiltinClassLoader::defineClass@40
                      ;   {poll}
  0x000001fec7ec4e94: 0400 0041 | 8503 3bd9 | 7ca8 3bdd | 7d1e 6690 | 4c63 db4c | 8b84 2498 | 0000 0047 | 0fbe 4c18 
  0x000001fec7ec4eb4: 1047 884c | 1a10 ffc3 | 3bdd 7ce4 | 3bac 2480 | 0000 000f | 8dce 0900 | 003b ac24 | 8000 0000 
  0x000001fec7ec4ed4: 0f83 2232 | 0000 448b | 9c24 8400 | 0000 443b | 9c24 8000 | 0000 0f83 | 0c32 0000 | 448d 4501 
  0x000001fec7ec4ef4: 4c63 dd4c | 8b8c 2498 | 0000 0043 | 0fbe 4c19 | 1083 f92e | 0f84 8508 | 0000 4388 | 4c1a 1044 
  0x000001fec7ec4f14: 8d4d 0145 | 3bc8 7d05 | 418b e9eb | d344 3b8c | 2490 0000 | 000f 8d0e | 0100 00ff | c5e9 a500 
  0x000001fec7ec4f34: 0000 41bb | 2f00 0000 | 0f1f 4000 | 4788 5c02 | 104c 8b9c | 2498 0000 | 0047 0fbe | 5c03 1141 
  0x000001fec7ec4f54: 83fb 2e74 | 6747 885c | 0211 4c8b | 9c24 9800 | 0000 470f | be5c 0312 | 4183 fb2e | 743e 4788 
  0x000001fec7ec4f74: 5c02 124c | 8b9c 2498 | 0000 0047 | 0fbe 5c03 | 1341 83fb | 2e74 2d47 | 885c 0213 | 83c5 043b 
  0x000001fec7ec4f94: ;   {no_reloc}
  0x000001fec7ec4f94: e97d 314c | 63c5 4c8b | 9c24 9800 | 0000 470f | be5c 0310 | 4183 fb2e | 7592 eb86 | 41bb 2f00 
  0x000001fec7ec4fb4: 0000 ebba | 41bb 2f00 | 0000 ebcb | 41bb 2f00 | 0000 eb91 | 4d8b 9f58 

  0x000001fec7ec4fcc: ; ImmutableOopMap {r10=Oop [40]=Oop [48]=Oop [56]=Oop [64]=NarrowOop [68]=NarrowOop [72]=Oop [80]=Oop [88]=Oop [96]=Oop [104]=Oop [112]=Oop [136]=Oop [152]=Oop }
                      ;*goto {reexecute=1 rethrow=0 return_oop=0}
                      ; - (reexecute) java.lang.StringLatin1::replace@113
                      ; - java.lang.String::replace@18
                      ; - jdk.internal.loader.BuiltinClassLoader::isSealed@9
                      ; - jdk.internal.loader.BuiltinClassLoader::getAndVerifyPackage@70
                      ; - jdk.internal.loader.BuiltinClassLoader::defineOrCheckPackage@4
                      ; - jdk.internal.loader.ClassLoaders$AppClassLoader::defineOrCheckPackage@4
                      ; - jdk.internal.loader.BuiltinClassLoader::defineClass@40
                      ;   {poll}
  0x000001fec7ec4fcc: 0400 0041 | 8503 3bac | 2490 0000 | 007d 658b | 8c24 8000 | 0000 2bcd | 83c1 fd44 | 8b84 2490 
  0x000001fec7ec4fec: 0000 0045 | 33db 443b | c541 0f4c | cb81 f9a0 | 0f00 0041 | bba0 0f00 | 0041 0f47 | cb03 cdeb 
  0x000001fec7ec500c: 8a4c 63dd | 4c8b 8424 | 9800 0000 | 470f be4c | 1810 4183 | f92e 0f84 | cb07 0000 | 498b fa47 
  0x000001fec7ec502c: 884c 1a10 | ffc5 3bac | 2480 0000 | 007c d2eb | 0f41 8be9 | 3bac 2480 | 0000 007c | c449 8bfa 
  0x000001fec7ec504c: 498b afb8 | 0100 004c | 8bd5 4983 | c218 4d3b | 97c8 0100 | 000f 8359 | 2000 004d | 8997 b801 
  0x000001fec7ec506c: 0000 410f | 1882 0001 | 0000 48c7 | 4500 0100 

  0x000001fec7ec507c: ;   {metadata('java/lang/String')}
  0x000001fec7ec507c: 0000 c745 | 08b0 1e04 | 0044 8965 | 0c4c 8965 | 104c 8bdf | 49c1 eb03 | 4489 5d14 | 4c8b 4424 
  0x000001fec7ec509c: 204c 8b74 | 2450 4c8b | 4c24 284c | 8b5c 2468 | 448b 5424 | 448b 7424 | 7848 8b84 | 2488 0000 
  0x000001fec7ec50bc: 008b 570c | 85d2 0f86 | d42e 0000 | 0fbe 5d10 | c4e2 62f7 | ca4c 63e9 | 83fb 010f | 84df 3d00 
  0x000001fec7ec50dc: 0085 c90f | 8c9f 3c00 | 0089 8c24 | 9c00 0000 | 899c 2498 | 0000 0089 | 5424 7c48 | 89ac 2490 
  0x000001fec7ec50fc: 0000 0048 | 89bc 2488 | 0000 0048 | 8984 2480 | 0000 0089 | 7424 7844 | 8954 2444 | 4c89 5c24 
  0x000001fec7ec511c: 684c 894c | 2450 4c89 | 7424 284c | 8944 2420 | 4c89 ac24 | a000 0000 | 4983 c501 | 418b ed85 
  0x000001fec7ec513c: ed0f 8c89 | 3c00 004d | 8bd5 49c1 | fa20 458b | dac4 e221 | f7ed 85ed | 0f8c b23d | 0000 81fd 
  0x000001fec7ec515c: 0000 1000 | 0f87 7a2d | 0000 4c63 | d581 fd00 | 0010 000f | 87ca 1e00 | 0049 8b9f | b801 0000 
  0x000001fec7ec517c: ;   {no_reloc}
  0x000001fec7ec517c: 4983 c217 | 4983 e2f8 | 4c8b db4d | 03da 4d3b | 9fc8 0100 | 000f 83a8 | 1e00 004d | 899f b801 
  0x000001fec7ec519c: 0000 410f | 1883 0001 | 0000 48c7 | 0301 0000 | 0041 0f18 | 8340 0100 

  0x000001fec7ec51b4: ;   {metadata({type array byte})}
  0x000001fec7ec51b4: 00c7 4308 | 280a 0400 | 896b 0c41 | 0f18 8380 | 0100 0044 | 8b9c 249c | 0000 0041 | ffc3 413b 
  0x000001fec7ec51d4: eb0f 820d | 2e00 0044 | 8b94 249c | 0000 0042 | c644 1310 | 2f44 8b9c | 2498 0000 | 0045 85db 
  0x000001fec7ec51f4: 0f85 ea3b | 0000 3b6c | 247c 0f82 | 3c2e 0000 | 448b 5c24 | 7c45 85db | 762e 488b | 8c24 8800 
  0x000001fec7ec5214: 0000 4883 | c110 488b | d348 83c2 | 104d 63c3 | c5f8 7749 | bac0 7a77 | c7fe 0100 | 0041 ffd2 
  0x000001fec7ec5234: ;   {other}
  0x000001fec7ec5234: 0f1f 8400 | 0000 0000 | 498b 87b8 | 0100 004c | 8bd0 4983 | c218 4d3b | 97c8 0100 | 000f 8315 
  0x000001fec7ec5254: 1e00 004d | 8997 b801 | 0000 410f | 1882 0001 | 0000 48c7 | 0001 0000 

  0x000001fec7ec526c: ;   {metadata('java/lang/String')}
  0x000001fec7ec526c: 00c7 4008 | b01e 0400 | 4489 600c | 4489 6010 | 4c8b db49 | c1eb 0344 | 8958 1448 | 8bf0 448b 
  0x000001fec7ec528c: ;   {metadata('java/util/jar/JavaUtilJarAccessImpl')}
  0x000001fec7ec528c: 5424 7841 | 81fa 7856 | 0300 0f85 | cc2d 0000 | 488b 4c24 | 588b 6910 

  0x000001fec7ec52a4: ; implicit exception: dispatches to 0x000001fec7ecad70
  0x000001fec7ec52a4: 458b 54ec 

  0x000001fec7ec52a8: ;   {metadata('java/util/HashMap')}
  0x000001fec7ec52a8: 0841 81fa | 884e 0600 | 0f85 f22d | 0000 4d8d | 14ec 458b | 4a24 4585 | c90f 8412 | 0200 0047 
  0x000001fec7ec52c8: 8b54 cc0c | 4585 d20f | 86f7 4300 | 0044 8b46 | 1443 8b54 | c40c 4f8d | 1cc4 4b8d | 7cc4 1041 
  0x000001fec7ec52e8: ffca 83fa | 020f 8c3c | 0900 0033 | db83 fa20 | 0f8c 6401 | 0000 33ed | c441 25ef | dbc4 411d 
  0x000001fec7ec5308: efe4 c5fd | efc0 c5d5 

  0x000001fec7ec5310: ;   {external_word}
  0x000001fec7ec5310: efed 49bb | 6058 db04 | fc7f 0000 | 458b 03c4 | c179 6ef0 | c4e2 7d58 | f644 8bda | 4183 e3e0 
  0x000001fec7ec5330: 410f afd8 | c5fa 7e24 | 2fc5 fa7e | 5c2f 08c5 | fa7e 542f | 10c5 fa7e | 4c2f 18c4 | 6225 40de 
  0x000001fec7ec5350: c4e2 7d31 | e4c5 25fe | dcc4 621d | 40e6 c4e2 | 7d31 dbc5 | 1dfe e3c4 | e27d 40c6 | c4e2 7d31 
  0x000001fec7ec5370: d2c5 fdfe | c2c4 e255 | 40ee c4e2 | 7d31 c9c5 | d5fe e983 | c520 413b | eb7c a54a | 8d3c 1f41 
  0x000001fec7ec5390: ;   {external_word}
  0x000001fec7ec5390: 2bd3 49bb | 6458 db04 | fc7f 0000 | c4c1 7e6f | 3bc4 6225 

  0x000001fec7ec53a4: ;   {external_word}
  0x000001fec7ec53a4: 40df 49bb | 8458 db04 | fc7f 0000 | c441 7e6f | 03c4 421d 

  0x000001fec7ec53b8: ;   {external_word}
  0x000001fec7ec53b8: 40e0 49bb | a458 db04 | fc7f 0000 | c441 7e6f | 0bc4 c27d 

  0x000001fec7ec53cc: ;   {external_word}
  0x000001fec7ec53cc: 40c1 49bb | c458 db04 | fc7f 0000 | c441 7e6f | 13c4 c255 | 40ea c4c2 | 2502 e3c4 | e37d 39e3 
  0x000001fec7ec53ec: 01c5 d9fe | e3c4 e259 | 02e4 c5f9 | 6edb c5d9 | fee3 c5f9 | 7ee3 c4c2 | 1d02 d4c4 | e37d 39d1 
  0x000001fec7ec540c: 01c5 e9fe | d1c4 e269 | 02d2 c5f9 | 6ecb c5e9 | fed1 c5f9 | 7ed3 c4e2 | 7d02 e0c4 | e37d 39e3 
  0x000001fec7ec542c: 01c5 d9fe | e3c4 e259 | 02e4 c5f9 | 6edb c5d9 | fee3 c5f9 | 7ee3 c4e2 | 5502 d5c4 | e37d 39d1 
  0x000001fec7ec544c: 01c5 e9fe | d1c4 e269 | 02d2 c5f9 | 6ecb c5e9 | fed1 c5f9 | 7ed3 bd01 | 0000 003b | ea0f 8d2c 
  0x000001fec7ec546c: 0000 0041 | b8c1 0300 | 0041 0faf | d844 0fb6 | 5c2f ff45 | 8bc3 41c1 | e005 452b | c341 03d8 
  0x000001fec7ec548c: 440f b604 | 2f41 03d8 | 83c5 023b | ea7c d47f | 1244 8bdb | c1e3 0541 | 2bdb 440f | b644 2fff 
  0x000001fec7ec54ac: 4103 d885 | db0f 8487 | 1900 0044 | 8bdb 41c1 | eb10 4433 | db89 5e0c | 4523 d34f | 8d04 cc47 
  0x000001fec7ec54cc: ;   {no_reloc}
  0x000001fec7ec54cc: 8b54 9010 | 4585 d20f | 85ff 0100 | 0044 8b51 | 0c43 8b6c | d40c 458b 

  0x000001fec7ec54e4: ;   {metadata('java/util/LinkedHashMap')}
  0x000001fec7ec54e4: 54ec 0841 | 81fa 60bc | 0100 0f85 | 8037 0000 | 4d8d 1cec | 458b 4b24 | 4585 c90f | 84a3 daff 
  0x000001fec7ec5504: ff47 8b44 | cc0c 4585 | c00f 867d | 4400 0049 | c1e1 0341 

  0x000001fec7ec5518: ;   {oop(a 'java/util/jar/Attributes$Name'{0x000000070ab0bb48})}
  0x000001fec7ec5518: ffc8 48ba | 48bb b00a | 0700 0000 | 8b5a 0c44 | 8bd3 41c1 | ea10 4433 | d345 23c2 | 438b 5c81 
  0x000001fec7ec5538: 1085 db0f | 8467 daff | ff45 8b4c | dc0c 453b | ca0f 8565 | 0300 0045 | 8b4c dc10 | 498d 3cdc 
  0x000001fec7ec5558: ;   {oop(a 'java/util/jar/Attributes$Name'{0x000000070ab0bb48})}
  0x000001fec7ec5558: 4181 f969 | 1756 e174 | 5548 89bc | 2488 0000 | 0089 9c24 | 8000 0000 | 4489 5424 | 444c 895c 
  0x000001fec7ec5578: 2478 4889 | 4c24 584d | 8bc1 49c1 | e003 488b | 6c24 2890 

  0x000001fec7ec558c: ;   {optimized virtual_call}
  0x000001fec7ec558c: c5f8 77e8 

  0x000001fec7ec5590: ; ImmutableOopMap {rbp=Oop [40]=Oop [48]=Oop [56]=Oop [64]=NarrowOop [72]=Oop [80]=Oop [88]=Oop [96]=Oop [104]=Oop [112]=Oop [120]=Oop [128]=NarrowOop [136]=Oop }
                      ;*invokevirtual equals {reexecute=0 rethrow=0 return_oop=0}
                      ; - java.util.HashMap::getNode@63
                      ; - java.util.LinkedHashMap::get@2
                      ; - java.util.jar.Attributes::get@5
                      ; - java.util.jar.Attributes::getValue@2
                      ; - jdk.internal.loader.BuiltinClassLoader::isSealed@57
                      ; - jdk.internal.loader.BuiltinClassLoader::getAndVerifyPackage@70
                      ; - jdk.internal.loader.BuiltinClassLoader::defineOrCheckPackage@4
                      ; - jdk.internal.loader.ClassLoaders$AppClassLoader::defineOrCheckPackage@4
                      ; - jdk.internal.loader.BuiltinClassLoader::defineClass@40
  0x000001fec7ec5590: ec94 8cff 

  0x000001fec7ec5594: ;   {other}
  0x000001fec7ec5594: 0f1f 8400 | 0442 001d | 85c0 0f84 | f348 0000 | 488b 4c24 | 584c 8b5c | 2478 488b | bc24 8800 
  0x000001fec7ec55b4: 0000 410f | b66b 3085 | ed0f 854a | 4700 008b | 6f14 85ed | 0f84 dad9 | ffff 458b 

  0x000001fec7ec55d0: ;   {metadata('java/lang/String')}
  0x000001fec7ec55d0: 54ec 0841 | 81fa b01e | 0400 0f85 | 7853 0000 | 4d8d 14ec 

  0x000001fec7ec55e4: ;   {oop("true"{0x000000070aa4cc50})}
  0x000001fec7ec55e4: 49bb 50cc | a40a 0700 | 0000 4d3b | d30f 84a2 | 0000 004c | 8954 2478 | 4889 4c24 | 5849 8bd2 
  0x000001fec7ec5604: 488b 6c24 | 2866 6690 

  0x000001fec7ec560c: ;   {optimized virtual_call}
  0x000001fec7ec560c: c5f8 77e8 

  0x000001fec7ec5610: ; ImmutableOopMap {rbp=Oop [40]=Oop [48]=Oop [56]=Oop [64]=NarrowOop [72]=Oop [80]=Oop [88]=Oop [96]=Oop [104]=Oop [112]=Oop [120]=Oop }
                      ;*invokevirtual length {reexecute=0 rethrow=0 return_oop=0}
                      ; - java.lang.String::equalsIgnoreCase@14
                      ; - jdk.internal.loader.BuiltinClassLoader::isSealed@67
                      ; - jdk.internal.loader.BuiltinClassLoader::getAndVerifyPackage@70
                      ; - jdk.internal.loader.BuiltinClassLoader::defineOrCheckPackage@4
                      ; - jdk.internal.loader.ClassLoaders$AppClassLoader::defineOrCheckPackage@4
                      ; - jdk.internal.loader.BuiltinClassLoader::defineClass@40
  0x000001fec7ec5610: 6c94 8cff 

  0x000001fec7ec5614: ;   {other}
  0x000001fec7ec5614: 0f1f 8400 | 8442 001e 

  0x000001fec7ec561c: ;   {oop("true"{0x000000070aa4cc50})}
  0x000001fec7ec561c: 8be8 48ba | 50cc a40a | 0700 0000 

  0x000001fec7ec5628: ;   {optimized virtual_call}
  0x000001fec7ec5628: c5f8 77e8 

  0x000001fec7ec562c: ; ImmutableOopMap {[40]=Oop [48]=Oop [56]=Oop [64]=NarrowOop [72]=Oop [80]=Oop [88]=Oop [96]=Oop [104]=Oop [112]=Oop [120]=Oop }
                      ;*invokevirtual length {reexecute=0 rethrow=0 return_oop=0}
                      ; - java.lang.String::equalsIgnoreCase@18
                      ; - jdk.internal.loader.BuiltinClassLoader::isSealed@67
                      ; - jdk.internal.loader.BuiltinClassLoader::getAndVerifyPackage@70
                      ; - jdk.internal.loader.BuiltinClassLoader::defineOrCheckPackage@4
                      ; - jdk.internal.loader.ClassLoaders$AppClassLoader::defineOrCheckPackage@4
                      ; - jdk.internal.loader.BuiltinClassLoader::defineClass@40
  0x000001fec7ec562c: 5094 8cff 

  0x000001fec7ec5630: ;   {other}
  0x000001fec7ec5630: 0f1f 8400 | a042 001f | 3be8 0f85 | 68d9 ffff 

  0x000001fec7ec5640: ;   {oop("true"{0x000000070aa4cc50})}
  0x000001fec7ec5640: 48ba 50cc | a40a 0700 | 0000 488b | 6c24 4890 

  0x000001fec7ec5650: ;   {optimized virtual_call}
  0x000001fec7ec5650: c5f8 77e8 

  0x000001fec7ec5654: ; ImmutableOopMap {rbp=Oop [40]=Oop [48]=Oop [56]=Oop [64]=NarrowOop [72]=Oop [80]=Oop [88]=Oop [96]=Oop [104]=Oop [112]=Oop [120]=Oop }
                      ;*invokevirtual length {reexecute=0 rethrow=0 return_oop=0}
                      ; - java.lang.String::equalsIgnoreCase@30
                      ; - jdk.internal.loader.BuiltinClassLoader::isSealed@67
                      ; - jdk.internal.loader.BuiltinClassLoader::getAndVerifyPackage@70
                      ; - jdk.internal.loader.BuiltinClassLoader::defineOrCheckPackage@4
                      ; - jdk.internal.loader.ClassLoaders$AppClassLoader::defineOrCheckPackage@4
                      ; - jdk.internal.loader.BuiltinClassLoader::defineClass@40
  0x000001fec7ec5654: 2894 8cff 

  0x000001fec7ec5658: ;   {other}
  0x000001fec7ec5658: 0f1f 8400 | c842 0020 

  0x000001fec7ec5660: ;   {oop("true"{0x000000070aa4cc50})}
  0x000001fec7ec5660: 48ba 50cc | a40a 0700 | 0000 41b8 | 0100 0000 | 4533 c948 | 8b7c 2478 | 33f6 8bc8 

  0x000001fec7ec567c: ;   {optimized virtual_call}
  0x000001fec7ec567c: c5f8 77e8 

  0x000001fec7ec5680: ; ImmutableOopMap {rbp=Oop [40]=Oop [48]=Oop [56]=Oop [64]=NarrowOop [72]=Oop [80]=Oop [88]=Oop [96]=Oop [104]=Oop [112]=Oop }
                      ;*invokevirtual regionMatches {reexecute=0 rethrow=0 return_oop=0}
                      ; - java.lang.String::equalsIgnoreCase@33
                      ; - jdk.internal.loader.BuiltinClassLoader::isSealed@67
                      ; - jdk.internal.loader.BuiltinClassLoader::getAndVerifyPackage@70
                      ; - jdk.internal.loader.BuiltinClassLoader::defineOrCheckPackage@4
                      ; - jdk.internal.loader.ClassLoaders$AppClassLoader::defineOrCheckPackage@4
                      ; - jdk.internal.loader.BuiltinClassLoader::defineClass@40
  0x000001fec7ec5680: fc93 8cff 

  0x000001fec7ec5684: ;   {other}
  0x000001fec7ec5684: 0f1f 8400 | f442 0021 | 85c0 0f84 | 14d9 ffff | 488b 4c24 | 58ba 45ff | ffff 488b | 6c24 484c 
  0x000001fec7ec56a4: 8b54 2430 | 4c89 5424 | 204c 8b54 | 2438 4c89 | 5424 3044 | 8b5c 2440 | 4889 4c24 | 5844 895c 
  0x000001fec7ec56c4: 243c 6690 

  0x000001fec7ec56c8: ;   {runtime_call UncommonTrapBlob}
  0x000001fec7ec56c8: c5f8 77e8 

  0x000001fec7ec56cc: ; ImmutableOopMap {rbp=Oop [32]=Oop [40]=Oop [48]=Oop [60]=NarrowOop [64]=NarrowOop [88]=Oop }
                      ;*ifeq {reexecute=1 rethrow=0 return_oop=0}
                      ; - (reexecute) jdk.internal.loader.BuiltinClassLoader::getAndVerifyPackage@73
                      ; - jdk.internal.loader.BuiltinClassLoader::defineOrCheckPackage@4
                      ; - jdk.internal.loader.ClassLoaders$AppClassLoader::defineOrCheckPackage@4
                      ; - jdk.internal.loader.BuiltinClassLoader::defineClass@40
  0x000001fec7ec56cc: 30ef 8cff 

  0x000001fec7ec56d0: ;   {other}
  0x000001fec7ec56d0: 0f1f 8400 | 4043 0022 | 478b 4cd4 | 0c45 3bcb | 0f85 2f01 | 0000 478b | 4cd4 104b | 8d2c d44d 
  0x000001fec7ec56f0: 8bc1 49c1 | e003 4c3b | c674 3744 | 8994 2480 | 0000 0044 | 895c 2444 | 4889 7424 | 7848 8bd6 
  0x000001fec7ec5710: ;   {optimized virtual_call}
  0x000001fec7ec5710: c5f8 77e8 

  0x000001fec7ec5714: ; ImmutableOopMap {rbp=Oop [40]=Oop [48]=Oop [56]=Oop [64]=NarrowOop [72]=Oop [80]=Oop [88]=Oop [96]=Oop [104]=Oop [112]=Oop [120]=Oop [128]=NarrowOop }
                      ;*invokevirtual equals {reexecute=0 rethrow=0 return_oop=0}
                      ; - java.util.HashMap::getNode@63
                      ; - java.util.HashMap::get@2
                      ; - java.util.jar.Manifest::getAttributes@5
                      ; - java.util.jar.Manifest::getTrustedAttributes@2
                      ; - java.util.jar.JavaUtilJarAccessImpl::getTrustedAttributes@2
                      ; - jdk.internal.loader.BuiltinClassLoader::isSealed@17
                      ; - jdk.internal.loader.BuiltinClassLoader::getAndVerifyPackage@70
                      ; - jdk.internal.loader.BuiltinClassLoader::defineOrCheckPackage@4
                      ; - jdk.internal.loader.ClassLoaders$AppClassLoader::defineOrCheckPackage@4
                      ; - jdk.internal.loader.BuiltinClassLoader::defineClass@40
  0x000001fec7ec5714: 6893 8cff 

  0x000001fec7ec5718: ;   {other}
  0x000001fec7ec5718: 0f1f 8400 | 8843 0023 | 85c0 0f84 | 1446 0000 | 488b 4c24 | 5848 8b74 | 2478 8b6d | 1485 ed0f 
  0x000001fec7ec5738: 849c fdff | ff45 8b54 

  0x000001fec7ec5740: ;   {metadata('java/util/jar/Attributes')}
  0x000001fec7ec5740: ec08 4181 | fa68 b601 | 000f 85dd | 3700 0048 | c1e5 03ba | 54ff ffff | 4c8b 5424 | 684c 8954 
  0x000001fec7ec5760: 2460 4889 | 4c24 6848 | 894c 2470 | 4889 7424 | 7866 6690 

  0x000001fec7ec5774: ;   {runtime_call UncommonTrapBlob}
  0x000001fec7ec5774: c5f8 77e8 

  0x000001fec7ec5778: ; ImmutableOopMap {rbp=Oop [40]=Oop [48]=Oop [56]=Oop [64]=NarrowOop [72]=Oop [96]=Oop [104]=Oop [112]=Oop [120]=Oop }
                      ;*ifnull {reexecute=1 rethrow=0 return_oop=0}
                      ; - (reexecute) java.util.jar.Manifest::getTrustedAttributes@7
                      ; - java.util.jar.JavaUtilJarAccessImpl::getTrustedAttributes@2
                      ; - jdk.internal.loader.BuiltinClassLoader::isSealed@17
                      ; - jdk.internal.loader.BuiltinClassLoader::getAndVerifyPackage@70
                      ; - jdk.internal.loader.BuiltinClassLoader::defineOrCheckPackage@4
                      ; - jdk.internal.loader.ClassLoaders$AppClassLoader::defineOrCheckPackage@4
                      ; - jdk.internal.loader.BuiltinClassLoader::defineClass@40
  0x000001fec7ec5778: 84ee 8cff 

  0x000001fec7ec577c: ;   {other}
  0x000001fec7ec577c: 0f1f 8400 | ec43 0024 | 4c8b 5424 | 304c 8954 | 2478 e966 | caff ffb9 | 2f00 0000 | e971 f7ff 
  0x000001fec7ec579c: ff48 8994 | 2498 0000 | 0044 89ac | 2490 0000 | 0089 8c24 | 8400 0000 | 4889 8424 | 8800 0000 
  0x000001fec7ec57bc: 89bc 2480 | 0000 0089 | 5c24 7c89 | 7424 7844 | 8954 2444 | 4c89 5c24 | 684c 894c | 2428 4c89 
  0x000001fec7ec57dc: 7424 504c | 8944 2420 | 33ed e987 | f5ff ff83 | c502 e97f | f5ff ff41 | b92f 0000 | 00e9 2af8 
  0x000001fec7ec57fc: ffff 4f89 | 44ec 20e9 | c0cb ffff | 498b c9c4 | c179 7ec9 | e994 daff | ff47 8b44 | d418 4585 
  0x000001fec7ec581c: c00f 84b6 | fcff ff47 | 8b4c d408 

  0x000001fec7ec5828: ;   {metadata('java/util/HashMap$TreeNode')}
  0x000001fec7ec5828: 4181 f980 | 5f06 000f | 84b7 4600 | 004b 8d2c | c444 8b45 | 0c45 3bc3 | 0f85 6a03 | 0000 448b 
  0x000001fec7ec5848: 4510 49c1 | e003 4c3b | c60f 84db | feff ff44 | 895c 2444 | 4889 7424 | 7848 894c | 2458 488b 
  0x000001fec7ec5868: d666 6690 

  0x000001fec7ec586c: ;   {optimized virtual_call}
  0x000001fec7ec586c: c5f8 77e8 

  0x000001fec7ec5870: ; ImmutableOopMap {rbp=Oop [40]=Oop [48]=Oop [56]=Oop [64]=NarrowOop [72]=Oop [80]=Oop [88]=Oop [96]=Oop [104]=Oop [112]=Oop [120]=Oop }
                      ;*invokevirtual equals {reexecute=0 rethrow=0 return_oop=0}
                      ; - java.util.HashMap::getNode@128
                      ; - java.util.HashMap::get@2
                      ; - java.util.jar.Manifest::getAttributes@5
                      ; - java.util.jar.Manifest::getTrustedAttributes@2
                      ; - java.util.jar.JavaUtilJarAccessImpl::getTrustedAttributes@2
                      ; - jdk.internal.loader.BuiltinClassLoader::isSealed@17
                      ; - jdk.internal.loader.BuiltinClassLoader::getAndVerifyPackage@70
                      ; - jdk.internal.loader.BuiltinClassLoader::defineOrCheckPackage@4
                      ; - jdk.internal.loader.ClassLoaders$AppClassLoader::defineOrCheckPackage@4
                      ; - jdk.internal.loader.BuiltinClassLoader::defineClass@40
  0x000001fec7ec5870: 0c92 8cff 

  0x000001fec7ec5874: ;   {other}
  0x000001fec7ec5874: 0f1f 8400 | e444 0025 | 85c0 0f84 | 4c47 0000 | 488b 4c24 | 5848 8b74 | 2478 e99f | feff ff45 
  0x000001fec7ec5894: 33d2 e9d3 | ddff ff49 | 8bfa e9a9 | f7ff ff41 | 2bfa 4c89 | 5c24 5889 | 5c24 28e9 | def2 ffff 
  0x000001fec7ec58b4: 458b 44dc | 1845 85c0 | 0f84 e6d6 | ffff 458b 

  0x000001fec7ec58c4: ;   {metadata('java/util/HashMap$TreeNode')}
  0x000001fec7ec58c4: 4cdc 0841 | 81f9 805f | 0600 0f84 | a746 0000 | 4b8d 3cc4 | 8b5f 0c41 | 3bda 0f85 | 0a03 0000 
  0x000001fec7ec58e4: 448b 4f10 

  0x000001fec7ec58e8: ;   {oop(a 'java/util/jar/Attributes$Name'{0x000000070ab0bb48})}
  0x000001fec7ec58e8: 4181 f969 | 1756 e10f | 84c1 fcff | ff48 897c | 2478 4489 | 5424 444c | 895c 2458 | 488b e94d 
  0x000001fec7ec5908: 8bc1 49c1 | e003 6690 

  0x000001fec7ec5910: ;   {optimized virtual_call}
  0x000001fec7ec5910: c5f8 77e8 

  0x000001fec7ec5914: ; ImmutableOopMap {rbp=Oop [40]=Oop [48]=Oop [56]=Oop [64]=NarrowOop [72]=Oop [80]=Oop [88]=Oop [96]=Oop [104]=Oop [112]=Oop [120]=Oop }
                      ;*invokevirtual equals {reexecute=0 rethrow=0 return_oop=0}
                      ; - java.util.HashMap::getNode@128
                      ; - java.util.LinkedHashMap::get@2
                      ; - java.util.jar.Attributes::get@5
                      ; - java.util.jar.Attributes::getValue@2
                      ; - jdk.internal.loader.BuiltinClassLoader::isSealed@57
                      ; - jdk.internal.loader.BuiltinClassLoader::getAndVerifyPackage@70
                      ; - jdk.internal.loader.BuiltinClassLoader::defineOrCheckPackage@4
                      ; - jdk.internal.loader.ClassLoaders$AppClassLoader::defineOrCheckPackage@4
                      ; - jdk.internal.loader.BuiltinClassLoader::defineClass@40
  0x000001fec7ec5914: 6891 8cff 

  0x000001fec7ec5918: ;   {other}
  0x000001fec7ec5918: 0f1f 8400 | 8845 0026 | 85c0 0f84 | 1047 0000 | 488b cd4c | 8b5c 2458 | 488b 7c24 | 78e9 7cfc 
  0x000001fec7ec5938: ffff 49b8 | 00d0 6bcc | fe01 0000 

  0x000001fec7ec5944: ;   {oop(a 'java/lang/ref/ReferenceQueue$Null'{0x000000070aa5fb18})}
  0x000001fec7ec5944: 49b9 18fb | a50a 0700 | 0000 e90c | d6ff ff33 | dbe9 c4cc 

  0x000001fec7ec5958: ;   {oop(""{0x000000070aa00e18})}
  0x000001fec7ec5958: ffff 48bb | 180e a00a | 0700 0000 | e98b c8ff | ff4c 8b9c | 2488 0000 | 0048 8d84 | 2408 0100 
  0x000001fec7ec5978: 0048 8338 | 000f 8479 | 0000 004d | 8b13 41f6 | c202 0f84 | 6200 0000 | 4983 ba86 | 0000 0000 
  0x000001fec7ec5998: 7409 49ff | 8a86 0000 | 00eb 4b49 | 8b82 9600 | 0000 490b | 828e 0000 | 0075 0a49 | c742 3e00 
  0x000001fec7ec59b8: 0000 00eb | 3d49 83ba | 9e00 0000 | 0074 2248 | 33c0 49c7 | 423e 0000 | 0000 f083 | 0424 0049 
  0x000001fec7ec59d8: 83ba 9e00 | 0000 0075 | 0df0 4d0f | b17a 3e75 | 0583 c801 | eb0c a800 | eb08 4c8b | 10f0 4d0f 
  0x000001fec7ec59f8: b113 750a | 49ff 8f50 | 0500 0045 | 33d2 0f85 | 0146 0000 | 498b 87b8 | 0100 004c | 8bd0 4983 
  0x000001fec7ec5a18: c240 4d3b | 97c8 0100 | 000f 83c6 | 3100 004d | 8997 b801 | 0000 410f | 1882 0001 | 0000 48c7 
  0x000001fec7ec5a38: 0001 0000 

  0x000001fec7ec5a3c: ;   {metadata('java/util/zip/Inflater')}
  0x000001fec7ec5a3c: 00c7 4008 | 48a3 0100 | 4489 600c | 4c89 6010 | 4c89 6018 | 4c89 6020 | 4c89 6028 | 4489 6030 
  0x000001fec7ec5a5c: 4c89 6038 

  0x000001fec7ec5a60: ;   {oop(a 'java/nio/HeapByteBuffer'{0x000000070aa79e90})}
  0x000001fec7ec5a60: c740 34d2 | f354 e14c | 8bd8 498b | 87b8 0100 | 004c 8bd0 | 4983 c218 | 4d3b 97c8 | 0100 000f 
  0x000001fec7ec5a80: 838c 3100 | 004d 8997 | b801 0000 | 410f 1882 | 0001 0000 | 48c7 0001 

  0x000001fec7ec5a98: ;   {metadata('java/util/zip/Inflater$InflaterZStreamRef')}
  0x000001fec7ec5a98: 0000 00c7 | 4008 10a6 | 0100 4489 | 600c 4c89 | 6010 498b | eb4c 8bd0 | 4c89 9424 | 8800 0000 
  0x000001fec7ec5ab8: ba01 0000 | 0066 6690 

  0x000001fec7ec5ac0: ;   {static_call}
  0x000001fec7ec5ac0: c5f8 77e8 

  0x000001fec7ec5ac4: ; ImmutableOopMap {rbp=Oop [40]=Oop [48]=Oop [56]=NarrowOop [60]=NarrowOop [64]=NarrowOop [68]=NarrowOop [72]=Oop [80]=Oop [88]=Oop [96]=Oop [104]=Oop [112]=Oop [120]=Oop [136]=Oop [144]=Oop }
                      ;*invokestatic init {reexecute=0 rethrow=0 return_oop=0}
                      ; - java.util.zip.Inflater::<init>@18
                      ; - java.util.zip.ZipFile$CleanableResource::getInflater@43
                      ; - java.util.zip.ZipFile$ZipFileInflaterInputStream::<init>@5
                      ; - java.util.zip.ZipFile::getInputStream@216
                      ; - java.util.jar.JarFile::getInputStream@21
                      ; - jdk.internal.loader.URLClassPath$JarLoader$2::getInputStream@11
                      ; - jdk.internal.loader.Resource::cachedInputStream@9
                      ; - jdk.internal.loader.Resource::getByteBuffer@1
                      ; - jdk.internal.loader.BuiltinClassLoader::defineClass@45
  0x000001fec7ec5ac4: b895 8cff 

  0x000001fec7ec5ac8: ;   {other}
  0x000001fec7ec5ac8: 0f1f 8400 | 3847 0027 | 4889 8424 | 9800 0000 

  0x000001fec7ec5ad8: ;   {oop(a 'java/lang/ref/Cleaner'{0x000000070aa78620})}
  0x000001fec7ec5ad8: 48ba 2086 | a70a 0700 | 0000 4c8b | c54c 8b8c | 2488 0000 | 0066 6690 

  0x000001fec7ec5af0: ;   {optimized virtual_call}
  0x000001fec7ec5af0: c5f8 77e8 

  0x000001fec7ec5af4: ; ImmutableOopMap {rbp=Oop [40]=Oop [48]=Oop [56]=NarrowOop [60]=NarrowOop [64]=NarrowOop [68]=NarrowOop [72]=Oop [80]=Oop [88]=Oop [96]=Oop [104]=Oop [112]=Oop [120]=Oop [136]=Oop [144]=Oop }
                      ;*invokevirtual register {reexecute=0 rethrow=0 return_oop=1}
                      ; - java.util.zip.Inflater$InflaterZStreamRef::<init>@14
                      ; - java.util.zip.Inflater::<init>@21
                      ; - java.util.zip.ZipFile$CleanableResource::getInflater@43
                      ; - java.util.zip.ZipFile$ZipFileInflaterInputStream::<init>@5
                      ; - java.util.zip.ZipFile::getInputStream@216
                      ; - java.util.jar.JarFile::getInputStream@21
                      ; - jdk.internal.loader.URLClassPath$JarLoader$2::getInputStream@11
                      ; - jdk.internal.loader.Resource::cachedInputStream@9
                      ; - jdk.internal.loader.Resource::getByteBuffer@1
                      ; - jdk.internal.loader.BuiltinClassLoader::defineClass@45
  0x000001fec7ec5af4: 888f 8cff 

  0x000001fec7ec5af8: ;   {other}
  0x000001fec7ec5af8: 0f1f 8400 | 6847 0028 | 488b f841 | 807f 4000 | 0f85 ba1a | 0000 4c8b | d749 c1ea | 034c 8b9c 
  0x000001fec7ec5b18: 2488 0000 | 0045 8953 | 0c49 8bdb | 48c1 eb03 | 4d8b d34c | 8bdf 4d33 | da49 c1eb | 154d 85db 
  0x000001fec7ec5b38: 741f 4885 | ff74 1a49 | c1ea 0948 | b900 d06b | ccfe 0100 | 0049 03ca | 8039 020f | 854d 1b00 
  0x000001fec7ec5b58: 004c 8b94 | 2488 0000 | 004c 8b9c | 2498 0000 | 004d 895a | 1041 807f | 4000 0f85 | 991a 0000 
  0x000001fec7ec5b78: 4c8b c541 | 8958 304d | 8bd8 4d33 | d349 c1ea | 154d 85d2 | 741a 49c1 | eb09 48b9 | 00d0 6bcc 
  0x000001fec7ec5b98: fe01 0000 | 4903 cb80 | 3902 0f85 | ae1a 0000 | 4d8b d0e9 | 80db ffff | 448b 5518 | 498b 8758 
  0x000001fec7ec5bb8: 0400 004c 

  0x000001fec7ec5bbc: ; ImmutableOopMap {r10=NarrowOop r8=Oop rcx=Oop rsi=Oop [40]=Oop [48]=Oop [56]=Oop [64]=NarrowOop [72]=Oop [80]=Oop [96]=Oop [104]=Oop [112]=Oop }
                      ;*ifnonnull {reexecute=1 rethrow=0 return_oop=0}
                      ; - (reexecute) java.util.HashMap::getNode@145
                      ; - java.util.HashMap::get@2
                      ; - java.util.jar.Manifest::getAttributes@5
                      ; - java.util.jar.Manifest::getTrustedAttributes@2
                      ; - java.util.jar.JavaUtilJarAccessImpl::getTrustedAttributes@2
                      ; - jdk.internal.loader.BuiltinClassLoader::isSealed@17
                      ; - jdk.internal.loader.BuiltinClassLoader::getAndVerifyPackage@70
                      ; - jdk.internal.loader.BuiltinClassLoader::defineOrCheckPackage@4
                      ; - jdk.internal.loader.ClassLoaders$AppClassLoader::defineOrCheckPackage@4
                      ; - jdk.internal.loader.BuiltinClassLoader::defineClass@40
                      ;   {poll}
  0x000001fec7ec5bbc: 8bc1 8500 | 4585 d20f | 8410 f9ff | ff4b 8d2c | d4e9 67fc | ffff 33db | e9c9 cdff | ff41 b900 
  0x000001fec7ec5bdc: 2000 00e9 | 22d9 ffff | bd00 2000 | 00e9 e0ea | ffff 498b | b758 0400 

  0x000001fec7ec5bf4: ; ImmutableOopMap {r11=Oop rcx=Oop rbx=NarrowOop rdx=Oop [40]=Oop [48]=Oop [56]=Oop [64]=NarrowOop [72]=Oop [80]=Oop [96]=Oop [104]=Oop [112]=Oop }
                      ;*ifnonnull {reexecute=1 rethrow=0 return_oop=0}
                      ; - (reexecute) java.util.HashMap::getNode@145
                      ; - java.util.LinkedHashMap::get@2
                      ; - java.util.jar.Attributes::get@5
                      ; - java.util.jar.Attributes::getValue@2
                      ; - jdk.internal.loader.BuiltinClassLoader::isSealed@57
                      ; - jdk.internal.loader.BuiltinClassLoader::getAndVerifyPackage@70
                      ; - jdk.internal.loader.BuiltinClassLoader::defineOrCheckPackage@4
                      ; - jdk.internal.loader.ClassLoaders$AppClassLoader::defineOrCheckPackage@4
                      ; - jdk.internal.loader.BuiltinClassLoader::defineClass@40
  0x000001fec7ec5bf4: 008b 5f18 

  0x000001fec7ec5bf8: ;   {poll}
  0x000001fec7ec5bf8: 8506 85db | 0f84 a6d3 | ffff 498d | 3cdc e9cd | fcff ff83 | fa01 7513 | 85d2 0f86 | d444 0000 
  0x000001fec7ec5c18: 0fb6 1f85 | db0f 85f7 | c9ff ff41 | c646 1101 | 33db e9ef | c9ff ff83 | fa01 0f85 | 0612 0000 
  0x000001fec7ec5c38: 85d2 0f86 | 0045 0000 | 440f b61f | 4585 db0f | 84f1 1100 | 0041 8bdb | e96c f8ff | ff85 ed0f 
  0x000001fec7ec5c58: 844a c7ff | ff4d 8b57 | 2848 8bcd | 48c1 e103 | 4d85 d20f | 84a3 2100 | 004d 8b5f | 384b 894c 
  0x000001fec7ec5c78: 13f8 4983 | c2f8 4d89 | 5728 e920 | c7ff ff4c | 8b44 2420 | 4c8b 7424 | 504c 8b4c | 2428 4c8b 
  0x000001fec7ec5c98: 5c24 6844 | 8b54 2444 | 8b74 2478 | 8b5c 247c | 488b 8424 | 8800 0000 | 48c1 e303 | 488b fb49 
  0x000001fec7ec5cb8: 8bee e9fe | f3ff ff44 | 8b5b 1445 | 85db 0f84 | edc4 ffff | 4d8b 5728 | 498b cb48 | c1e1 034d 
  0x000001fec7ec5cd8: 85d2 0f84 | fc23 0000 | 4d8b 5f38 | 4b89 4c13 | f849 83c2 | f84d 8957 | 28e9 c3c4 

  0x000001fec7ec5cf4: ;   {no_reloc}
  0x000001fec7ec5cf4: ffff 4d8b | 5748 4d8b | 5f58 f083 | 4424 c000 | 8039 000f | 84e3 c4ff | ff44 8821 | 4d85 d275 
  0x000001fec7ec5d14: 2049 8bd7 | c5f8 7749 | ba40 dd6f | 04fc 7f00 | 0041 ffd2 

  0x000001fec7ec5d28: ;   {other}
  0x000001fec7ec5d28: 0f1f 8400 | 0000 0000 | e9bb c4ff | ff4b 894c | 13f8 4983 | c2f8 4d89 | 5748 e9a9 | c4ff ff4c 
  0x000001fec7ec5d48: 63c5 4d8d | 5810 4d8b | cb49 83e1 | f848 8bfe | 4903 f949 | c1eb 0349 | 2bcb 4833 | c048 83f9 
  0x000001fec7ec5d68: 087f 1048 | ffc9 784f | 4889 04cf | 48ff c97d | f7eb 44c5 | fdef c0e9 | 0d00 0000 | c5fe 7f07 
  0x000001fec7ec5d88: c5fe 7f47 | 2048 83c7 | 4048 83e9 | 087d ed48 | 83c1 047c | 0cc5 fe7f | 0748 83c7 | 2048 83e9 
  0x000001fec7ec5da8: 0448 83c1 | 047e 1048 | ffc9 c5f9 | d607 4883 | c708 48ff | c97d f349 | 8bcd 498b | d2c5 f877 
  0x000001fec7ec5dc8: 49ba c07a | 77c7 fe01 | 0000 41ff 

  0x000001fec7ec5dd4: ;   {other}
  0x000001fec7ec5dd4: d20f 1f84 | 0000 0000 | 00e9 ccc3 | ffff 4c89 | 4c24 4844 | 895c 2444 | 4c8b 5424 | 384c 8954 
  0x000001fec7ec5df4: 2420 498b | d141 b801 | 0000 0090 

  0x000001fec7ec5e00: ;   {optimized virtual_call}
  0x000001fec7ec5e00: c5f8 77e8 

  0x000001fec7ec5e04: ; ImmutableOopMap {[32]=Oop [40]=Oop [48]=Oop [64]=NarrowOop [68]=NarrowOop [72]=Oop [112]=Oop [120]=Oop }
                      ;*invokevirtual getManifestName {reexecute=0 rethrow=0 return_oop=1}
                      ; - java.util.zip.ZipFile$1::getManifestName@2
                      ; - java.util.jar.JarFile::maybeInstantiateVerifier@20
                      ; - java.util.jar.JarFile::ensureInitialization@1
                      ; - java.util.jar.JavaUtilJarAccessImpl::ensureInitialization@1
                      ; - jdk.internal.loader.URLClassPath$JarLoader$2::getManifest@10
                      ; - jdk.internal.loader.BuiltinClassLoader::defineClass@29
  0x000001fec7ec5e04: 788c 8cff 

  0x000001fec7ec5e08: ;   {other}
  0x000001fec7ec5e08: 0f1f 8400 | 784a 002b | 4885 c00f | 8408 1200 | 0048 8b54 | 2448 c5f8 | 7748 b8ff | ffff ffff 
  0x000001fec7ec5e28: ;   {virtual_call}
  0x000001fec7ec5e28: ffff ffe8 

  0x000001fec7ec5e2c: ; ImmutableOopMap {[32]=Oop [40]=Oop [48]=Oop [64]=NarrowOop [68]=NarrowOop [72]=Oop [112]=Oop [120]=Oop }
                      ;*invokevirtual getManifest {reexecute=0 rethrow=0 return_oop=1}
                      ; - java.util.jar.JarFile::maybeInstantiateVerifier@31
                      ; - java.util.jar.JarFile::ensureInitialization@1
                      ; - java.util.jar.JavaUtilJarAccessImpl::ensureInitialization@1
                      ; - jdk.internal.loader.URLClassPath$JarLoader$2::getManifest@10
                      ; - jdk.internal.loader.BuiltinClassLoader::defineClass@29
  0x000001fec7ec5e2c: 508f 8cff 

  0x000001fec7ec5e30: ;   {other}
  0x000001fec7ec5e30: 0f1f 8400 | a04a 002c | 4c8b 5424 | 204c 8954 | 2438 448b | 5c24 444c | 8b4c 2448 | e96d c4ff 
  0x000001fec7ec5e50: ff83 fa01 | 750b 0fb6 | 1f85 db0f | 853d cbff | ff41 c646 | 1101 33db | e935 cbff | ff44 8b4f 
  0x000001fec7ec5e70: 1845 85c9 | 0f84 c343 | 0000 4889 | bc24 8000 | 0000 894c | 2444 498b | e84c 895c | 2478 4c89 
  0x000001fec7ec5e90: 5424 6889 | 5c24 3c4b | 8d14 cc90 

  0x000001fec7ec5e9c: ;   {optimized virtual_call}
  0x000001fec7ec5e9c: c5f8 77e8 

  0x000001fec7ec5ea0: ; ImmutableOopMap {rbp=Oop [40]=Oop [48]=Oop [56]=NarrowOop [60]=NarrowOop [64]=NarrowOop [72]=Oop [80]=Oop [88]=Oop [96]=Oop [104]=Oop [112]=Oop [120]=Oop [128]=Oop }
                      ;*invokevirtual lock {reexecute=0 rethrow=0 return_oop=0}
                      ; - java.lang.ref.ReferenceQueue::poll@13
                      ; - java.util.WeakHashMap::expungeStaleEntries@4
                      ; - java.util.WeakHashMap::getTable@1
                      ; - java.util.WeakHashMap::put@13
                      ; - java.util.Collections$SetFromMap::add@8
                      ; - java.util.zip.ZipFile::getInputStream@231
                      ; - java.util.jar.JarFile::getInputStream@21
                      ; - jdk.internal.loader.URLClassPath$JarLoader$2::getInputStream@11
                      ; - jdk.internal.loader.Resource::cachedInputStream@9
                      ; - jdk.internal.loader.Resource::getByteBuffer@1
                      ; - jdk.internal.loader.BuiltinClassLoader::defineClass@45
  0x000001fec7ec5ea0: dc8b 8cff 

  0x000001fec7ec5ea4: ;   {other}
  0x000001fec7ec5ea4: 0f1f 8400 | 144b 002d | 488b 9424 | 8000 0000 

  0x000001fec7ec5eb4: ;   {optimized virtual_call}
  0x000001fec7ec5eb4: c5f8 77e8 

  0x000001fec7ec5eb8: ; ImmutableOopMap {rbp=Oop [40]=Oop [48]=Oop [56]=NarrowOop [60]=NarrowOop [64]=NarrowOop [72]=Oop [80]=Oop [88]=Oop [96]=Oop [104]=Oop [112]=Oop [120]=Oop [128]=Oop }
                      ;*invokevirtual poll0 {reexecute=0 rethrow=0 return_oop=1}
                      ; - java.lang.ref.ReferenceQueue::poll@17
                      ; - java.util.WeakHashMap::expungeStaleEntries@4
                      ; - java.util.WeakHashMap::getTable@1
                      ; - java.util.WeakHashMap::put@13
                      ; - java.util.Collections$SetFromMap::add@8
                      ; - java.util.zip.ZipFile::getInputStream@231
                      ; - java.util.jar.JarFile::getInputStream@21
                      ; - jdk.internal.loader.URLClassPath$JarLoader$2::getInputStream@11
                      ; - jdk.internal.loader.Resource::cachedInputStream@9
                      ; - jdk.internal.loader.Resource::getByteBuffer@1
                      ; - jdk.internal.loader.BuiltinClassLoader::defineClass@45
  0x000001fec7ec5eb8: c48b 8cff 

  0x000001fec7ec5ebc: ;   {other}
  0x000001fec7ec5ebc: 0f1f 8400 | 2c4b 002e | 4889 8424 | 8800 0000 | 4c8b 9424 | 8000 0000 | 458b 5a18 | 4585 db0f 
  0x000001fec7ec5edc: 84b3 4300 | 004b 8d14 | dc66 6690 

  0x000001fec7ec5ee8: ;   {optimized virtual_call}
  0x000001fec7ec5ee8: c5f8 77e8 

  0x000001fec7ec5eec: ; ImmutableOopMap {rbp=Oop [40]=Oop [48]=Oop [56]=NarrowOop [60]=NarrowOop [64]=NarrowOop [72]=Oop [80]=Oop [88]=Oop [96]=Oop [104]=Oop [112]=Oop [120]=Oop [136]=Oop }
                      ;*invokevirtual unlock {reexecute=0 rethrow=0 return_oop=0}
                      ; - java.lang.ref.ReferenceQueue::poll@25
                      ; - java.util.WeakHashMap::expungeStaleEntries@4
                      ; - java.util.WeakHashMap::getTable@1
                      ; - java.util.WeakHashMap::put@13
                      ; - java.util.Collections$SetFromMap::add@8
                      ; - java.util.zip.ZipFile::getInputStream@231
                      ; - java.util.jar.JarFile::getInputStream@21
                      ; - jdk.internal.loader.URLClassPath$JarLoader$2::getInputStream@11
                      ; - jdk.internal.loader.Resource::cachedInputStream@9
                      ; - jdk.internal.loader.Resource::getByteBuffer@1
                      ; - jdk.internal.loader.BuiltinClassLoader::defineClass@45
  0x000001fec7ec5eec: 908b 8cff 

  0x000001fec7ec5ef0: ;   {other}
  0x000001fec7ec5ef0: 0f1f 8400 | 604b 002f | 4c8b 9424 | 8800 0000 | 4d85 d20f | 85e7 1b00 | 008b 5c24 | 3c4c 8b54 
  0x000001fec7ec5f10: 2468 4c8b | 5c24 784c | 8bc5 8b4c | 2444 e952 | ddff ff44 | 8b5d 2045 | 85db 0f84 | 09d9 ffff 
  0x000001fec7ec5f30: 498b f84d | 8b57 2849 | 8bcb 48c1 | e103 4d85 | d20f 8421 | 3000 004d | 8b5f 384b | 894c 13f8 
  0x000001fec7ec5f50: 4983 c2f8 | 4d89 5728 | 4c8b c7e9 | d9d8 ffff | 488b 6c24 | 6844 8b5d | 2c45 85db | 742b 498b 
  0x000001fec7ec5f70: fa4d 8b57 | 2849 8bcb | 48c1 e103 | 4d85 d20f | 8403 3000 | 004d 8b5f | 384b 894c | 13f8 4983 
  0x000001fec7ec5f90: c2f8 4d89 | 5728 4c8b | d74c 8994 | 24b8 0000 | 00e9 a2d7 | ffff 448b | 550c 4585 | d20f 84e3 
  0x000001fec7ec5fb0: d7ff ff4d | 8b5f 2849 | 8bca 48c1 | e103 4d85 | db0f 8481 | 2f00 004d | 8b57 384b | 894c 1af8 
  0x000001fec7ec5fd0: 4983 c3f8 | 4d89 5f28 | e9b9 d7ff | ff4c 8bcd | 448b 5d18 | 4585 db74 | 2e4d 8b47 

  0x000001fec7ec5fec: ;   {no_reloc}
  0x000001fec7ec5fec: 2849 8bcb | 48c1 e103 | 4d85 c00f | 84cb 2f00 | 0041 8bfa | 4d8b 5738 | 4b89 4c02 | f849 83c0 
  0x000001fec7ec600c: f84d 8947 | 284c 8bcd | 448b d741 | 8bda e976 | d8ff ff49 | 8bd8 4c8b | 5424 6845 | 8b52 1c45 
  0x000001fec7ec602c: 85d2 7425 | 4d8b 5f28 | 498b ca48 | c1e1 034d | 85db 0f84 | 642f 0000 | 4d8b 5738 | 4b89 4c1a 
  0x000001fec7ec604c: f849 83c3 | f84d 895f | 284c 8bc3 | e96c d9ff | ff4c 8b54 | 2468 458b | 4228 4585 | c00f 84c3 
  0x000001fec7ec606c: daff ff4d | 8b5f 2849 | 8bc8 48c1 | e103 4d85 | db0f 84c3 | 2f00 004d | 8b47 384b | 894c 18f8 
  0x000001fec7ec608c: 4983 c3f8 | 4d89 5f28 | e999 daff | ff4c 8b4c | 2478 458b | 5128 4585 | d20f 8439 | daff ff4d 
  0x000001fec7ec60ac: 8b5f 2849 | 8bca 48c1 | e103 4d85 | db0f 8461 | 2f00 004d | 8b57 384b | 894c 1af8 | 4983 c3f8 
  0x000001fec7ec60cc: 4d89 5f28 | e90f daff | ff4c 8b6c | 2428 458b | 5d0c 4585 | db0f 8433 | dfff ff4d | 8b57 2849 
  0x000001fec7ec60ec: ;   {no_reloc}
  0x000001fec7ec60ec: 8bcb 48c1 | e103 4d85 | d20f 8477 | 2f00 004d | 8b5f 384b | 894c 13f8 | 4983 c2f8 | 4d89 5728 
  0x000001fec7ec610c: e909 dfff | ff4c 8b6c | 2428 458b | 550c 4585 | d20f 842b | e8ff ff4d | 8b5f 2849 | 8bca 48c1 
  0x000001fec7ec612c: e103 4d85 | db0f 845b | 2f00 004d | 8b57 384b | 894c 1af8 | 4983 c3f8 | 4d89 5f28 | e901 e8ff 
  0x000001fec7ec614c: ff4c 8984 | 2480 0000 | 004c 895c | 2478 4c89 | 5424 688b | eb49 8bd2 

  0x000001fec7ec6164: ;   {optimized virtual_call}
  0x000001fec7ec6164: c5f8 77e8 

  0x000001fec7ec6168: ; ImmutableOopMap {rbp=NarrowOop [40]=Oop [48]=Oop [56]=NarrowOop [64]=NarrowOop [72]=Oop [80]=Oop [88]=Oop [96]=Oop [104]=Oop [112]=Oop [120]=Oop [128]=Oop }
                      ;*invokevirtual hashCode {reexecute=0 rethrow=0 return_oop=0}
                      ; - java.util.WeakHashMap::hash@1
                      ; - java.util.WeakHashMap::put@7
                      ; - java.util.Collections$SetFromMap::add@8
                      ; - java.util.zip.ZipFile::getInputStream@231
                      ; - java.util.jar.JarFile::getInputStream@21
                      ; - jdk.internal.loader.URLClassPath$JarLoader$2::getInputStream@11
                      ; - jdk.internal.loader.Resource::cachedInputStream@9
                      ; - jdk.internal.loader.Resource::getByteBuffer@1
                      ; - jdk.internal.loader.BuiltinClassLoader::defineClass@45
  0x000001fec7ec6168: d420 e2ff 

  0x000001fec7ec616c: ;   {other}
  0x000001fec7ec616c: 0f1f 8400 | dc4d 0030 | 8bdd 4c8b | 5424 684c | 8b5c 2478 | 4c8b 8424 | 8000 0000 | e9a2 daff 
  0x000001fec7ec618c: ff4c 8b84 | 2498 0000 | 0045 8b18 | 4585 db0f | 84cf dcff | ff4d 8b57 | 2849 8bcb | 48c1 e103 
  0x000001fec7ec61ac: 4d85 d20f | 84fd 2e00 | 0049 8bf0 | 4d8b 5f38 | 4b89 4c13 | f849 83c2 | f84d 8957 | 284c 8bc6 
  0x000001fec7ec61cc: e99f dcff | ff44 8b53 | 2445 85d2 | 0f84 31dc | ffff 4d8b | 5f28 498b | ca48 c1e1 | 034d 85db 
  0x000001fec7ec61ec: 0f84 232f | 0000 4d8b | 5738 4b89 | 4c1a f849 | 83c3 f84d | 895f 28e9 | 07dc ffff | 448b 5320 
  0x000001fec7ec620c: 4585 d20f | 84b5 dbff | ff4d 8b5f | 2849 8bca | 48c1 e103 | 4d85 db0f | 84ac 2e00 | 004d 8b57 
  0x000001fec7ec622c: 384b 894c | 1af8 4983 | c3f8 4d89 | 5f28 e98b | dbff ff44 | 8b53 1045 | 85d2 0f84 | 2bdb ffff 
  0x000001fec7ec624c: 4d8b 5f28 | 498b ca48 | c1e1 034d | 85db 0f84 | 952e 0000 | 4d8b 5738 | 4b89 4c1a 

  0x000001fec7ec6268: ;   {no_reloc}
  0x000001fec7ec6268: f849 83c3 | f84d 895f | 28e9 01db | ffff 4d8b | 5748 4d8b | 5f58 f083 | 4424 c000 | 8039 000f 
  0x000001fec7ec6288: 84d4 d0ff | ff44 8821 | 4d85 d275 | 2049 8bd7 | c5f8 7749 | ba40 dd6f | 04fc 7f00 | 0041 ffd2 
  0x000001fec7ec62a8: ;   {other}
  0x000001fec7ec62a8: 0f1f 8400 | 0000 0000 | e9ac d0ff | ff4b 894c | 13f8 4983 | c2f8 4d89 | 5748 e99a | d0ff ff4d 
  0x000001fec7ec62c8: 8b57 484d | 8b5f 58f0 | 8344 24c0 | 0080 3900 | 0f84 e9d4 | ffff 4488 | 214d 85d2 | 7520 498b 
  0x000001fec7ec62e8: d7c5 f877 | 49ba 40dd | 6f04 fc7f | 0000 41ff 

  0x000001fec7ec62f8: ;   {other}
  0x000001fec7ec62f8: d20f 1f84 | 0000 0000 | 00e9 c1d4 | ffff 4b89 | 4c13 f849 | 83c2 f84d | 8957 48e9 | afd4 ffff 
  0x000001fec7ec6318: 4d8b 5748 | 4d8b 5f58 | f083 4424 | c000 8039 | 000f 8444 | d5ff ff44 | 8821 4d85 | d275 2049 
  0x000001fec7ec6338: 8bd7 c5f8 | 7749 ba40 | dd6f 04fc | 7f00 0041 

  0x000001fec7ec6348: ;   {other}
  0x000001fec7ec6348: ffd2 0f1f | 8400 0000 | 0000 e91c | d5ff ff4b | 894c 13f8 | 4983 c2f8 | 4d89 5748 | e90a d5ff 
  0x000001fec7ec6368: ff4d 8b57 | 484d 8b5f | 58f0 8344 | 24c0 0080 | 3900 0f84 | 0bd4 ffff | 4488 214d | 85d2 7520 
  0x000001fec7ec6388: 498b d7c5 | f877 49ba | 40dd 6f04 | fc7f 0000 

  0x000001fec7ec6398: ;   {other}
  0x000001fec7ec6398: 41ff d20f | 1f84 0000 | 0000 00e9 | e3d3 ffff | 4b89 4c13 | f849 83c2 | f84d 8957 | 48e9 d1d3 
  0x000001fec7ec63b8: ffff 4d8b | 5748 4d8b | 5f58 f083 | 4424 c000 | 8039 000f | 840f d5ff | ff44 8821 | 4d85 d275 
  0x000001fec7ec63d8: 2049 8bd7 | c5f8 7749 | ba40 dd6f | 04fc 7f00 | 0041 ffd2 

  0x000001fec7ec63ec: ;   {other}
  0x000001fec7ec63ec: 0f1f 8400 | 0000 0000 | e9e7 d4ff | ff4b 894c | 13f8 4983 | c2f8 4d89 | 5748 e9d5 | d4ff ff4d 
  0x000001fec7ec640c: 8b57 584d | 8b5f 48f0 | 8344 24c0 | 0080 3900 | 0f84 e0d5 | ffff 4488 | 214d 85db | 7520 498b 
  0x000001fec7ec642c: d7c5 f877 | 49ba 40dd | 6f04 fc7f | 0000 41ff 

  0x000001fec7ec643c: ;   {other}
  0x000001fec7ec643c: d20f 1f84 | 0000 0000 | 00e9 b8d5 | ffff 4b89 | 4c1a f849 | 83c3 f84d | 895f 48e9 | a6d5 ffff 
  0x000001fec7ec645c: 498b 7748 | 498b 4758 | f083 4424 | c000 8039 | 000f 847e | e0ff ff44 | 8821 4885 | f675 5889 
  0x000001fec7ec647c: 5c24 4444 | 8944 242c | 4889 7c24 | 3844 895c | 2428 418b | e948 8bfa | 418b f249 | 8bd7 c5f8 
  0x000001fec7ec649c: 7749 ba40 | dd6f 04fc | 7f00 0041 

  0x000001fec7ec64a8: ;   {other}
  0x000001fec7ec64a8: ffd2 0f1f | 8400 0000 | 0000 448b | d648 8bd7 | 448b cd44 | 8b5c 2428 | 488b 7c24 | 3844 8b44 
  0x000001fec7ec64c8: 242c 8b5c | 2444 e91e | e0ff ff48 | 894c 30f8 | 4883 c6f8 | 4989 7748 | e90c e0ff | ff4d 8b5f 
  0x000001fec7ec64e8: 484d 8b47 | 58f0 8344 | 24c0 0080 | 3900 0f84 | 66d6 ffff | 4488 214d | 85db 7526 | 498b da49 
  0x000001fec7ec6508: 8bd7 c5f8 | 7749 ba40 | dd6f 04fc | 7f00 0041 

  0x000001fec7ec6518: ;   {other}
  0x000001fec7ec6518: ffd2 0f1f | 8400 0000 | 0000 4c8b | d3e9 38d6 | ffff 4b89 | 4c18 f849 | 83c3 f84d | 895f 48e9 
  0x000001fec7ec6538: 26d6 ffff | 4d8b 5748 | 4d8b 5f58 | f083 4424 | c000 8039 | 000f 84cf | d5ff ff44 | 8821 4d85 
  0x000001fec7ec6558: d275 2649 | 8bf9 498b | d7c5 f877 | 49ba 40dd | 6f04 fc7f | 0000 41ff 

  0x000001fec7ec6570: ;   {other}
  0x000001fec7ec6570: d20f 1f84 | 0000 0000 | 004c 8bcf | e9a1 d5ff | ff4b 894c | 13f8 4983 | c2f8 4d89 | 5748 e98f 
  0x000001fec7ec6590: d5ff ff4d | 8b57 584d | 8b5f 48f0 | 8344 24c0 | 0080 3900 | 0f84 f5d8 | ffff 4488 | 214d 85db 
  0x000001fec7ec65b0: 7520 498b | d7c5 f877 | 49ba 40dd | 6f04 fc7f | 0000 41ff 

  0x000001fec7ec65c4: ;   {other}
  0x000001fec7ec65c4: d20f 1f84 | 0000 0000 | 00e9 cdd8 | ffff 4b89 | 4c1a f849 | 83c3 f84d | 895f 48e9 | bbd8 ffff 
  0x000001fec7ec65e4: 4d8b 5758 | 4d8b 5f48 | f083 4424 | c000 8039 | 000f 8409 | d8ff ff44 | 8821 4d85 | db75 2049 
  0x000001fec7ec6604: 8bd7 c5f8 | 7749 ba40 | dd6f 04fc | 7f00 0041 

  0x000001fec7ec6614: ;   {other}
  0x000001fec7ec6614: ffd2 0f1f | 8400 0000 | 0000 e9e1 | d7ff ff4b | 894c 1af8 | 4983 c3f8 | 4d89 5f48 | e9cf d7ff 
  0x000001fec7ec6634: ff4d 8b57 | 584d 8b5f | 48f0 8344 | 24c0 0080 | 3900 0f84 | 6dd7 ffff | 4488 214d | 85db 7520 
  0x000001fec7ec6654: 498b d7c5 | f877 49ba | 40dd 6f04 | fc7f 0000 

  0x000001fec7ec6664: ;   {other}
  0x000001fec7ec6664: 41ff d20f | 1f84 0000 | 0000 00e9 | 45d7 ffff | 4b89 4c1a | f849 83c3 | f84d 895f | 48e9 33d7 
  0x000001fec7ec6684: ffff 4d8b | 5758 4d8b | 5f48 f083 | 4424 c000 | 8039 000f | 84c0 d7ff | ff44 8821 | 4d85 db75 
  0x000001fec7ec66a4: 2049 8bd7 | c5f8 7749 | ba40 dd6f | 04fc 7f00 | 0041 ffd2 

  0x000001fec7ec66b8: ;   {other}
  0x000001fec7ec66b8: 0f1f 8400 | 0000 0000 | e998 d7ff | ff4b 894c | 1af8 4983 | c3f8 4d89 | 5f48 e986 | d7ff ff45 
  0x000001fec7ec66d8: 8b5c bd10 | 4585 db0f | 847c cfff | ff4d 8b57 | 2849 8bcb | 48c1 e103 | 4d85 d20f | 843c 2a00 
  0x000001fec7ec66f8: 004d 8b5f | 384b 894c | 13f8 4983 | c2f8 4d89 | 5728 e952 | cfff ff49 | 8be9 4c8b | 5424 384c 
  0x000001fec7ec6718: 8954 2420 | 498b d190 

  0x000001fec7ec6720: ;   {optimized virtual_call}
  0x000001fec7ec6720: c5f8 77e8 

  0x000001fec7ec6724: ; ImmutableOopMap {rbp=Oop [32]=Oop [40]=Oop [48]=Oop [64]=NarrowOop [112]=Oop [120]=Oop }
                      ;*invokevirtual getManEntry {reexecute=0 rethrow=0 return_oop=1}
                      ; - java.util.jar.JarFile::getManifestFromReference@27
                      ; - java.util.jar.JarFile::getManifest@1
                      ; - jdk.internal.loader.URLClassPath$JarLoader$2::getManifest@22
                      ; - jdk.internal.loader.BuiltinClassLoader::defineClass@29
  0x000001fec7ec6724: 5883 8cff 

  0x000001fec7ec6728: ;   {other}
  0x000001fec7ec6728: 0f1f 8400 | 9853 0031 | 4885 c00f | 84bb 0b00 | 004c 8bc5 | 450f b658 | 1245 85db | 0f84 c10b 
  0x000001fec7ec6748: 0000 4889 | 4424 3849 | 8bd0 4c8b | c066 6690 

  0x000001fec7ec6758: ;   {optimized virtual_call}
  0x000001fec7ec6758: c5f8 77e8 

  0x000001fec7ec675c: ; ImmutableOopMap {rbp=Oop [32]=Oop [40]=Oop [48]=Oop [56]=Oop [64]=NarrowOop [112]=Oop [120]=Oop }
                      ;*invokevirtual getBytes {reexecute=0 rethrow=0 return_oop=1}
                      ; - java.util.jar.JarFile::getManifestFromReference@44
                      ; - java.util.jar.JarFile::getManifest@1
                      ; - jdk.internal.loader.URLClassPath$JarLoader$2::getManifest@22
                      ; - jdk.internal.loader.BuiltinClassLoader::defineClass@29
  0x000001fec7ec675c: 2083 8cff 

  0x000001fec7ec6760: ;   {other}
  0x000001fec7ec6760: 0f1f 8400 | d053 0032 | 4889 4424 | 5048 896c | 2458 440f | b655 1145 | 85d2 0f84 | 660c 0000 
  0x000001fec7ec6780: 498b 87b8 | 0100 004c | 8bd0 4983 | c218 4d3b | 97c8 0100 | 000f 8311 | 3600 004d | 8997 b801 
  0x000001fec7ec67a0: 0000 410f | 1882 0001 | 0000 48c7 | 0001 0000 

  0x000001fec7ec67b0: ;   {metadata('java/util/jar/Manifest')}
  0x000001fec7ec67b0: 00c7 4008 | 2842 0500 | 4489 600c | 4c89 6010 | 4c8b d84c | 8b54 2458 | 418b 6a30 | 85ed 0f85 
  0x000001fec7ec67d0: 283b 0000 | 498b 87b8 | 0100 004c | 8bd0 4983 | c220 4d3b | 97c8 0100 | 000f 83e3 | 3500 004d 
  0x000001fec7ec67f0: 8997 b801 | 0000 410f | 1882 0001 | 0000 48c7 | 0001 0000 

  0x000001fec7ec6804: ;   {metadata('java/io/ByteArrayInputStream')}
  0x000001fec7ec6804: 00c7 4008 | 9037 0500 | 4489 600c | 4c89 6010 | 4c89 6018 | 4c8b 5424 | 584c 8954 | 2438 498b 
  0x000001fec7ec6824: eb4c 8bd0 | 4c89 5424 | 5849 8bd2 | 4c8b 4424 | 5066 6690 

  0x000001fec7ec6838: ;   {optimized virtual_call}
  0x000001fec7ec6838: c5f8 77e8 

  0x000001fec7ec683c: ; ImmutableOopMap {rbp=Oop [32]=Oop [40]=Oop [48]=Oop [56]=Oop [64]=NarrowOop [88]=Oop [112]=Oop [120]=Oop }
                      ;*invokespecial <init> {reexecute=0 rethrow=0 return_oop=0}
                      ; - java.util.jar.JarFile::getManifestFromReference@114
                      ; - java.util.jar.JarFile::getManifest@1
                      ; - jdk.internal.loader.URLClassPath$JarLoader$2::getManifest@22
                      ; - jdk.internal.loader.BuiltinClassLoader::defineClass@29
  0x000001fec7ec683c: 4082 8cff 

  0x000001fec7ec6840: ;   {other}
  0x000001fec7ec6840: 0f1f 8400 | b054 0033 | 4c8b 5424 | 3845 8b5a | 1449 8bfb | 48c1 e703 | 488b d545 | 33c0 4c8b 
  0x000001fec7ec6860: 4c24 5890 

  0x000001fec7ec6864: ;   {optimized virtual_call}
  0x000001fec7ec6864: c5f8 77e8 

  0x000001fec7ec6868: ; ImmutableOopMap {rbp=Oop [32]=Oop [40]=Oop [48]=Oop [56]=Oop [64]=NarrowOop [112]=Oop [120]=Oop }
                      ;*invokespecial <init> {reexecute=0 rethrow=0 return_oop=0}
                      ; - java.util.jar.JarFile::getManifestFromReference@121
                      ; - java.util.jar.JarFile::getManifest@1
                      ; - jdk.internal.loader.URLClassPath$JarLoader$2::getManifest@22
                      ; - jdk.internal.loader.BuiltinClassLoader::defineClass@29
  0x000001fec7ec6868: 1482 8cff 

  0x000001fec7ec686c: ;   {other}
  0x000001fec7ec686c: 0f1f 8400 | dc54 0034 | 4d8b 87b8 | 0100 004d | 8bd0 4983 | c228 4d3b | 97c8 0100 | 000f 83f9 
  0x000001fec7ec688c: 3400 004d | 8997 b801 | 0000 410f | 1882 0001 | 0000 49c7 | 0001 0000 

  0x000001fec7ec68a4: ;   {metadata('java/lang/ref/SoftReference')}
  0x000001fec7ec68a4: 0041 c740 | 0878 6b04 | 0045 8960 | 0c4d 8960 | 104d 8960 | 184d 8960 | 204c 8bd5 | 49c1 ea03 
  0x000001fec7ec68c4: 4589 500c | 4180 7f40 | 000f 853b 

  0x000001fec7ec68d0: ;   {oop(a 'java/lang/ref/ReferenceQueue$Null'{0x000000070aa5fb18})}
  0x000001fec7ec68d0: 2200 0041 | c740 1063 | bf54 e149 | 8bf8 48c1 

  0x000001fec7ec68e0: ;   {oop(a 'java/lang/ref/ReferenceQueue$Null'{0x000000070aa5fb18})}
  0x000001fec7ec68e0: ef03 49ba | 18fb a50a | 0700 0000 | 4d8b d84d | 33d3 49c1 | ea15 4d85 | d274 1a49 | c1eb 0948 
  0x000001fec7ec6900: b900 d06b | ccfe 0100 | 0049 03cb | 8039 020f | 8530 2200 | 00f0 8344 | 24c0 0041 | 807f 4000 
  0x000001fec7ec6920: 0f85 ac21 | 0000 4c8b | 4c24 3841 

  0x000001fec7ec692c: ;   {oop(a 'java/lang/Class'{0x000000070ab0b6f0} = 'java/lang/ref/SoftReference')}
  0x000001fec7ec692c: 8979 2849 | baf0 b6b0 | 0a07 0000 | 004d 8b52 | 704d 8950 | 204d 8bd0 | 4d8b d94d | 33d3 49c1 
  0x000001fec7ec694c: ea15 4d85 | d274 1a49 | c1eb 0948 | b900 d06b | ccfe 0100 | 0049 03cb | 8039 020f | 852f 2200 
  0x000001fec7ec696c: 004c 8b5c | 2420 4c89 | 5c24 3848 | 896c 2458 | e95d baff 

  0x000001fec7ec6980: ;   {metadata('java/util/IdentityHashMap')}
  0x000001fec7ec6980: ff81 ff98 | f303 000f | 8533 3900 | 004c 895c | 2478 4c89 | 5424 6889 | 5c24 3c4d | 8bd0 498b 
  0x000001fec7ec69a0: ea48 8b54 | 2468 6690 

  0x000001fec7ec69a8: ;   {static_call}
  0x000001fec7ec69a8: c5f8 77e8 

  0x000001fec7ec69ac: ; ImmutableOopMap {rbp=Oop [40]=Oop [48]=Oop [56]=NarrowOop [60]=NarrowOop [64]=NarrowOop [72]=Oop [88]=Oop [96]=Oop [104]=Oop [112]=Oop [120]=Oop }
                      ;*invokestatic maskNull {reexecute=0 rethrow=0 return_oop=1}
                      ; - java.util.IdentityHashMap::put@1
                      ; - java.util.Collections$SetFromMap::add@8
                      ; - java.util.zip.ZipFile::getInputStream@231
                      ; - java.util.jar.JarFile::getInputStream@21
                      ; - jdk.internal.loader.URLClassPath$JarLoader$2::getInputStream@11
                      ; - jdk.internal.loader.Resource::cachedInputStream@9
                      ; - jdk.internal.loader.Resource::getByteBuffer@1
                      ; - jdk.internal.loader.BuiltinClassLoader::defineClass@45
  0x000001fec7ec69ac: d086 8cff 

  0x000001fec7ec69b0: ;   {other}
  0x000001fec7ec69b0: 0f1f 8400 | 2056 0035 | 4889 4424 | 504c 8bdd | 458b 531c 

  0x000001fec7ec69c4: ; implicit exception: dispatches to 0x000001fec7ecb6d8
  0x000001fec7ec69c4: 478b 44d4 | 0c41 8be8 | 4c89 9c24 | 8000 0000 | 49c1 e203 | 4c89 9424 | 8800 0000 | 488b d090 
  0x000001fec7ec69e4: ;   {static_call}
  0x000001fec7ec69e4: c5f8 77e8 

  0x000001fec7ec69e8: ; ImmutableOopMap {[40]=Oop [48]=Oop [56]=NarrowOop [60]=NarrowOop [64]=NarrowOop [72]=Oop [80]=Oop [88]=Oop [96]=Oop [104]=Oop [112]=Oop [120]=Oop [128]=Oop [136]=Oop }
                      ;*invokestatic hash {reexecute=0 rethrow=0 return_oop=0}
                      ; - java.util.IdentityHashMap::put@19
                      ; - java.util.Collections$SetFromMap::add@8
                      ; - java.util.zip.ZipFile::getInputStream@231
                      ; - java.util.jar.JarFile::getInputStream@21
                      ; - jdk.internal.loader.URLClassPath$JarLoader$2::getInputStream@11
                      ; - jdk.internal.loader.Resource::cachedInputStream@9
                      ; - jdk.internal.loader.Resource::getByteBuffer@1
                      ; - jdk.internal.loader.BuiltinClassLoader::defineClass@45
  0x000001fec7ec69e8: 9486 8cff 

  0x000001fec7ec69ec: ;   {other}
  0x000001fec7ec69ec: 0f1f 8400 | 5c56 0036 | 89ac 24d8 | 0000 0044 | 8bd0 89ac | 24c0 0000 | 00eb 6666 | 0f1f 8400 
  0x000001fec7ec6a0c: 0000 0000 | 8b54 2444 | 448b 8424 | c000 0000 | 488b 6c24 | 4866 6690 

  0x000001fec7ec6a24: ;   {static_call}
  0x000001fec7ec6a24: c5f8 77e8 

  0x000001fec7ec6a28: ; ImmutableOopMap {rbp=Oop [40]=Oop [48]=Oop [56]=NarrowOop [60]=NarrowOop [64]=NarrowOop [72]=Oop [80]=Oop [88]=Oop [96]=Oop [104]=Oop [112]=Oop [120]=Oop [128]=Oop [136]=Oop }
                      ;*invokestatic nextKeyIndex {reexecute=0 rethrow=0 return_oop=0}
                      ; - java.util.IdentityHashMap::put@65
                      ; - java.util.Collections$SetFromMap::add@8
                      ; - java.util.zip.ZipFile::getInputStream@231
                      ; - java.util.jar.JarFile::getInputStream@21
                      ; - jdk.internal.loader.URLClassPath$JarLoader$2::getInputStream@11
                      ; - jdk.internal.loader.Resource::cachedInputStream@9
                      ; - jdk.internal.loader.Resource::getByteBuffer@1
                      ; - jdk.internal.loader.BuiltinClassLoader::defineClass@45
  0x000001fec7ec6a28: 5486 8cff 

  0x000001fec7ec6a2c: ;   {other}
  0x000001fec7ec6a2c: 0f1f 8400 | 9c56 0037 | 4d8b 9758 

  0x000001fec7ec6a38: ; ImmutableOopMap {rbp=Oop [40]=Oop [48]=Oop [56]=NarrowOop [60]=NarrowOop [64]=NarrowOop [72]=Oop [80]=Oop [88]=Oop [96]=Oop [104]=Oop [112]=Oop [120]=Oop [128]=Oop [136]=Oop }
                      ;*goto {reexecute=1 rethrow=0 return_oop=0}
                      ; - (reexecute) java.util.IdentityHashMap::put@70
                      ; - java.util.Collections$SetFromMap::add@8
                      ; - java.util.zip.ZipFile::getInputStream@231
                      ; - java.util.jar.JarFile::getInputStream@21
                      ; - jdk.internal.loader.URLClassPath$JarLoader$2::getInputStream@11
                      ; - jdk.internal.loader.Resource::cachedInputStream@9
                      ; - jdk.internal.loader.Resource::getByteBuffer@1
                      ; - jdk.internal.loader.BuiltinClassLoader::defineClass@45
                      ;   {poll}
  0x000001fec7ec6a38: 0400 0041 | 8502 4c8b | 8c24 8800 | 0000 458b | 410c 448b | 9c24 c000 | 0000 448b | d044 899c 
  0x000001fec7ec6a58: 24c0 0000 | 004c 898c | 2488 0000 | 0044 8984 | 24d8 0000 | 0044 3b94 | 24d8 0000 | 000f 83d9 
  0x000001fec7ec6a78: 3500 0044 | 8954 2444 | 4c8b 9c24 | 8800 0000 | 4f8d 4493 | 1045 8b5b | 0844 899c | 2498 0000 
  0x000001fec7ec6a98: 0045 8b10 | 4c89 8424 | 9000 0000 | 4c63 5c24 | 444c 8b84 | 2488 0000 | 004f 8d5c | 9814 4c89 
  0x000001fec7ec6ab8: 9c24 a000 | 0000 448b | 5c24 4445 | 8d43 0144 | 8984 249c | 0000 0045 | 85d2 0f84 | e601 0000 
  0x000001fec7ec6ad8: 49c1 e203 | 4c8b 5c24 | 504d 3bd3 | 0f85 26ff | ffff 443b | 8424 d800 | 0000 0f83 | f938 0000 
  0x000001fec7ec6af8: 4c8b 8424 | a000 0000 | 418b 2844 | 8b9c 2498 

  0x000001fec7ec6b08: ;   {metadata('java/lang/Object'[])}
  0x000001fec7ec6b08: 0000 0041 | 81fb 60b5 | 0500 0f85 | 2839 0000 | 4180 7f40 | 000f 8515 

  0x000001fec7ec6b20: ;   {oop(a 'java/lang/Boolean'{0x000000070ab86548} = true)}
  0x000001fec7ec6b20: 2b00 0041 | c700 a90c | 57e1 48c1 

  0x000001fec7ec6b2c: ;   {oop(a 'java/lang/Boolean'{0x000000070ab86548} = true)}
  0x000001fec7ec6b2c: e503 49ba | 4865 b80a | 0700 0000 | 4d8b d84d | 33d3 49c1 | ea15 4d85 | d20f 8476 | d3ff ff49 
  0x000001fec7ec6b4c: c1eb 0948 | b900 d06b | ccfe 0100 | 0049 03cb | 8039 020f | 845c d3ff | ff4d 8b57 | 484d 8b5f 
  0x000001fec7ec6b6c: 58f0 8344 | 24c0 0080 | 3900 0f84 | 45d3 ffff | 4488 214d | 85d2 7520 | 498b d7c5 | f877 49ba 
  0x000001fec7ec6b8c: 40dd 6f04 | fc7f 0000 

  0x000001fec7ec6b94: ;   {other}
  0x000001fec7ec6b94: 41ff d20f | 1f84 0000 | 0000 00e9 | 1dd3 ffff | 4b89 4c13 | f849 83c2 | f84d 8957 | 48e9 0bd3 
  0x000001fec7ec6bb4: ffff 488b | 5424 60e9 | 9fc3 ffff | 4889 4c24 | 5844 8954 | 2438 4c89 | 6c24 284b | 8d2c dc44 
  0x000001fec7ec6bd4: 895c 243c | 488b d141 | b801 0000 | 0066 6690 

  0x000001fec7ec6be4: ;   {optimized virtual_call}
  0x000001fec7ec6be4: c5f8 77e8 

  0x000001fec7ec6be8: ; ImmutableOopMap {rbp=Oop [40]=Oop [48]=Oop [56]=NarrowOop [60]=NarrowOop [64]=NarrowOop [72]=Oop [80]=Oop [88]=Oop [96]=Oop [112]=Oop }
                      ;*invokevirtual getManifestName {reexecute=0 rethrow=0 return_oop=1}
                      ; - java.util.zip.ZipFile$1::getManifestName@2
                      ; - java.util.jar.JarFile::maybeInstantiateVerifier@20
                      ; - java.util.jar.JarFile::getInputStream@9
                      ; - jdk.internal.loader.URLClassPath$JarLoader$2::getInputStream@11
                      ; - jdk.internal.loader.Resource::cachedInputStream@9
                      ; - jdk.internal.loader.Resource::getByteBuffer@1
                      ; - jdk.internal.loader.BuiltinClassLoader::defineClass@45
  0x000001fec7ec6be8: 947e 8cff 

  0x000001fec7ec6bec: ;   {other}
  0x000001fec7ec6bec: 0f1f 8400 | 5c58 0039 | 4885 c00f | 8498 0800 | 0048 8b54 | 2458 c5f8 | 7748 b8ff | ffff ffff 
  0x000001fec7ec6c0c: ;   {virtual_call}
  0x000001fec7ec6c0c: ffff ffe8 

  0x000001fec7ec6c10: ; ImmutableOopMap {rbp=Oop [40]=Oop [48]=Oop [56]=NarrowOop [60]=NarrowOop [64]=NarrowOop [72]=Oop [80]=Oop [88]=Oop [96]=Oop [112]=Oop }
                      ;*invokevirtual getManifest {reexecute=0 rethrow=0 return_oop=1}
                      ; - java.util.jar.JarFile::maybeInstantiateVerifier@31
                      ; - java.util.jar.JarFile::getInputStream@9
                      ; - jdk.internal.loader.URLClassPath$JarLoader$2::getInputStream@11
                      ; - jdk.internal.loader.Resource::cachedInputStream@9
                      ; - jdk.internal.loader.Resource::getByteBuffer@1
                      ; - jdk.internal.loader.BuiltinClassLoader::defineClass@45
  0x000001fec7ec6c10: 6c81 8cff 

  0x000001fec7ec6c14: ;   {other}
  0x000001fec7ec6c14: 0f1f 8400 | 8458 003a | 4c8b 6c24 | 2844 8b54 | 2438 448b | 5c24 3c48 | 8b4c 2458 | e99b c4ff 
  0x000001fec7ec6c34: ff48 8954 | 2450 4489 | 5424 384c | 896c 2428 | 4b8d 2cdc | 4489 5c24 | 3c41 b801 | 0000 0090 
  0x000001fec7ec6c54: ;   {optimized virtual_call}
  0x000001fec7ec6c54: c5f8 77e8 

  0x000001fec7ec6c58: ; ImmutableOopMap {rbp=Oop [40]=Oop [48]=Oop [56]=NarrowOop [60]=NarrowOop [64]=NarrowOop [72]=Oop [80]=Oop [96]=Oop [112]=Oop }
                      ;*invokevirtual getManifestName {reexecute=0 rethrow=0 return_oop=1}
                      ; - java.util.zip.ZipFile$1::getManifestName@2
                      ; - java.util.jar.JarFile::maybeInstantiateVerifier@20
                      ; - java.util.jar.JarFile::getInputStream@9
                      ; - jdk.internal.loader.URLClassPath$JarLoader$2::getInputStream@11
                      ; - jdk.internal.loader.Resource::cachedInputStream@9
                      ; - jdk.internal.loader.Resource::getBytes@1
                      ; - jdk.internal.loader.URLClassPath$JarLoader$2::getBytes@1
                      ; - jdk.internal.loader.BuiltinClassLoader::defineClass@84
  0x000001fec7ec6c58: 247e 8cff 

  0x000001fec7ec6c5c: ;   {other}
  0x000001fec7ec6c5c: 0f1f 8400 | cc58 003b | 4885 c00f | 8446 0800 | 0048 8b54 | 2450 c5f8 | 7748 b8ff | ffff ffff 
  0x000001fec7ec6c7c: ;   {virtual_call}
  0x000001fec7ec6c7c: ffff ffe8 

  0x000001fec7ec6c80: ; ImmutableOopMap {rbp=Oop [40]=Oop [48]=Oop [56]=NarrowOop [60]=NarrowOop [64]=NarrowOop [72]=Oop [80]=Oop [96]=Oop [112]=Oop }
                      ;*invokevirtual getManifest {reexecute=0 rethrow=0 return_oop=1}
                      ; - java.util.jar.JarFile::maybeInstantiateVerifier@31
                      ; - java.util.jar.JarFile::getInputStream@9
                      ; - jdk.internal.loader.URLClassPath$JarLoader$2::getInputStream@11
                      ; - jdk.internal.loader.Resource::cachedInputStream@9
                      ; - jdk.internal.loader.Resource::getBytes@1
                      ; - jdk.internal.loader.URLClassPath$JarLoader$2::getBytes@1
                      ; - jdk.internal.loader.BuiltinClassLoader::defineClass@84
  0x000001fec7ec6c80: fc80 8cff 

  0x000001fec7ec6c84: ;   {other}
  0x000001fec7ec6c84: 0f1f 8400 | f458 003c | 4c8b 6c24 | 2844 8b54 | 2438 448b | 5c24 3c48 | 8b54 2450 | e9f9 d5ff 
  0x000001fec7ec6ca4: ff49 b800 | d06b ccfe 

  0x000001fec7ec6cac: ;   {oop(a 'java/lang/ref/ReferenceQueue$Null'{0x000000070aa5fb18})}
  0x000001fec7ec6cac: 0100 0049 | b918 fba5 | 0a07 0000 | 00e9 a1c2 | ffff 4c8b | 9424 8000 | 0000 418b | 6a14 448d 
  0x000001fec7ec6ccc: 5c6d 03ff | c544 3b9c | 24c0 0000 | 007e 7548 | 8b94 2480 | 0000 0044 | 8b84 24c0 | 0000 0090 
  0x000001fec7ec6cec: ;   {optimized virtual_call}
  0x000001fec7ec6cec: c5f8 77e8 

  0x000001fec7ec6cf0: ; ImmutableOopMap {[40]=Oop [48]=Oop [56]=NarrowOop [60]=NarrowOop [64]=NarrowOop [72]=Oop [80]=Oop [88]=Oop [96]=Oop [104]=Oop [112]=Oop [120]=Oop [128]=Oop [136]=Oop [160]=Derived_oop_[136] [144]=Derived_oop_[136] }
                      ;*invokevirtual resize {reexecute=0 rethrow=0 return_oop=0}
                      ; - java.util.IdentityHashMap::put@96
                      ; - java.util.Collections$SetFromMap::add@8
                      ; - java.util.zip.ZipFile::getInputStream@231
                      ; - java.util.jar.JarFile::getInputStream@21
                      ; - jdk.internal.loader.URLClassPath$JarLoader$2::getInputStream@11
                      ; - jdk.internal.loader.Resource::cachedInputStream@9
                      ; - jdk.internal.loader.Resource::getByteBuffer@1
                      ; - jdk.internal.loader.BuiltinClassLoader::defineClass@45
  0x000001fec7ec6cf0: 8c7d 8cff 

  0x000001fec7ec6cf4: ;   {other}
  0x000001fec7ec6cf4: 0f1f 8400 | 6459 003d | 85c0 7450 | 4c8b 9424 | 8000 0000 | 458b 5a1c | 4d8b 8758 

  0x000001fec7ec6d10: ; ImmutableOopMap {r11=NarrowOop [40]=Oop [48]=Oop [56]=NarrowOop [60]=NarrowOop [64]=NarrowOop [72]=Oop [80]=Oop [88]=Oop [96]=Oop [104]=Oop [112]=Oop [120]=Oop [128]=Oop }
                      ;*goto {reexecute=1 rethrow=0 return_oop=0}
                      ; - (reexecute) java.util.IdentityHashMap::put@102
                      ; - java.util.Collections$SetFromMap::add@8
                      ; - java.util.zip.ZipFile::getInputStream@231
                      ; - java.util.jar.JarFile::getInputStream@21
                      ; - jdk.internal.loader.URLClassPath$JarLoader$2::getInputStream@11
                      ; - jdk.internal.loader.Resource::cachedInputStream@9
                      ; - jdk.internal.loader.Resource::getByteBuffer@1
                      ; - jdk.internal.loader.BuiltinClassLoader::defineClass@45
                      ;   {poll}
  0x000001fec7ec6d10: 0400 0041 | 8500 478b | 4cdc 0c44 | 894c 2444 | 4f8d 14dc | 498b ea48 | 8b54 2450 | 458b c190 
  0x000001fec7ec6d30: ;   {static_call}
  0x000001fec7ec6d30: c5f8 77e8 

  0x000001fec7ec6d34: ; ImmutableOopMap {rbp=Oop [40]=Oop [48]=Oop [56]=NarrowOop [60]=NarrowOop [64]=NarrowOop [72]=Oop [80]=Oop [88]=Oop [96]=Oop [104]=Oop [112]=Oop [120]=Oop [128]=Oop }
                      ;*invokestatic hash {reexecute=0 rethrow=0 return_oop=0}
                      ; - java.util.IdentityHashMap::put@19
                      ; - java.util.Collections$SetFromMap::add@8
                      ; - java.util.zip.ZipFile::getInputStream@231
                      ; - java.util.jar.JarFile::getInputStream@21
                      ; - jdk.internal.loader.URLClassPath$JarLoader$2::getInputStream@11
                      ; - jdk.internal.loader.Resource::cachedInputStream@9
                      ; - jdk.internal.loader.Resource::getByteBuffer@1
                      ; - jdk.internal.loader.BuiltinClassLoader::defineClass@45
  0x000001fec7ec6d34: 4883 8cff 

  0x000001fec7ec6d38: ;   {other}
  0x000001fec7ec6d38: 0f1f 8400 | a859 003f | 448b 4424 | 4445 8bd8 | 4c8b cde9 | 02fd ffff | 4c8b 9424 | 8000 0000 
  0x000001fec7ec6d58: 41ff 4218 | 448b 9424 | 9800 0000 

  0x000001fec7ec6d64: ;   {metadata('java/lang/Object'[])}
  0x000001fec7ec6d64: 4181 fa60 | b505 000f | 85bb 3700 | 0041 807f | 4000 0f85 | 942a 0000 | 4c8b 5424 | 504d 8bda 
  0x000001fec7ec6d84: 49c1 eb03 | 4c8b 9424 | 9000 0000 | 4589 1a4c | 8b5c 2450 | 4d33 da49 | c1eb 154d | 85db 7424 
  0x000001fec7ec6da4: 4c8b 5c24 | 504d 85db | 741a 49c1 | ea09 48b9 | 00d0 6bcc | fe01 0000 | 4903 ca80 | 3902 0f85 
  0x000001fec7ec6dc4: 152b 0000 | 448b 9424 | 9c00 0000 | 443b 9424 | d800 0000 | 0f83 f336 | 0000 4180 | 7f40 000f 
  0x000001fec7ec6de4: 8565 2a00 | 004c 8b84 | 24a0 0000 

  0x000001fec7ec6df0: ;   {oop(a 'java/lang/Boolean'{0x000000070ab86548} = true)}
  0x000001fec7ec6df0: 0041 c700 | a90c 57e1 

  0x000001fec7ec6df8: ;   {oop(a 'java/lang/Boolean'{0x000000070ab86548} = true)}
  0x000001fec7ec6df8: 49ba 4865 | b80a 0700 | 0000 4d8b | d84d 33d3 | 49c1 ea15 | 4d85 d274 | 1a49 c1eb | 0948 b900 
  0x000001fec7ec6e18: d06b ccfe | 0100 0049 | 03cb 8039 | 020f 8561 | 2a00 004c | 8b94 2480 | 0000 0041 | 896a 1433 
  0x000001fec7ec6e38: ede9 83d0 | ffff c646 | 1101 4533 | d245 33db | e97a e6ff | ff49 8bc9 | c4c1 797e | c9e9 f1c3 
  0x000001fec7ec6e58: ffff 49c1 | e203 4c89 | 9424 d800 | 0000 6666 | 0f1f 8400 | 0000 0000 | 4c8b 9424 | d800 0000 
  0x000001fec7ec6e78: 458b 521c | 448b 4424 | 4445 3bc2 | 0f84 4706 | 0000 4d8b | 9758 0400 | 004c 8b9c | 24d8 0000 
  0x000001fec7ec6e98: 0045 8b43 

  0x000001fec7ec6e9c: ; ImmutableOopMap {r8=NarrowOop [40]=Oop [48]=Oop [56]=NarrowOop [60]=NarrowOop [64]=NarrowOop [72]=Oop [80]=Oop [88]=Oop [96]=Oop [104]=Oop [112]=Oop [120]=Oop [128]=Oop [136]=NarrowOop [144]=Oop [152]=Derived_oop_[144] }
                      ;*goto {reexecute=1 rethrow=0 return_oop=0}
                      ; - (reexecute) java.util.WeakHashMap::put@89
                      ; - java.util.Collections$SetFromMap::add@8
                      ; - java.util.zip.ZipFile::getInputStream@231
                      ; - java.util.jar.JarFile::getInputStream@21
                      ; - jdk.internal.loader.URLClassPath$JarLoader$2::getInputStream@11
                      ; - jdk.internal.loader.Resource::cachedInputStream@9
                      ; - jdk.internal.loader.Resource::getByteBuffer@1
                      ; - jdk.internal.loader.BuiltinClassLoader::defineClass@45
                      ;   {poll}
  0x000001fec7ec6e9c: 2441 8502 | 4585 c00f | 8432 ceff | ff4f 8d14 | c44c 8994 | 24d8 0000 | 00eb b94d | 8b87 5804 
  0x000001fec7ec6ebc: 0000 83c5 

  0x000001fec7ec6ec0: ; ImmutableOopMap {[40]=Oop [48]=Oop [56]=Oop [64]=NarrowOop [68]=NarrowOop [72]=Oop [80]=Oop [88]=Oop [96]=Oop [104]=Oop [112]=Oop [124]=NarrowOop [136]=Oop [152]=Oop }
                      ;*if_icmpne {reexecute=1 rethrow=0 return_oop=0}
                      ; - (reexecute) java.lang.StringLatin1::replace@28
                      ; - java.lang.String::replace@18
                      ; - jdk.internal.loader.BuiltinClassLoader::isSealed@9
                      ; - jdk.internal.loader.BuiltinClassLoader::getAndVerifyPackage@70
                      ; - jdk.internal.loader.BuiltinClassLoader::defineOrCheckPackage@4
                      ; - jdk.internal.loader.ClassLoaders$AppClassLoader::defineOrCheckPackage@4
                      ; - jdk.internal.loader.BuiltinClassLoader::defineClass@40
                      ;   {poll}
  0x000001fec7ec6ec0: 0341 8500 | 443b 9c24 | 9000 0000 | 0f8d 471b | 0000 458b | c3e9 b8bc | ffff 4489 | 5c24 4c44 
  0x000001fec7ec6ee0: 8954 2448 | 4489 4c24 | 444c 8b54 | 2438 4c89 

  0x000001fec7ec6ef0: ;   {metadata('java/lang/String')}
  0x000001fec7ec6ef0: 5424 2048 | bab0 1e04 | 0008 0000 | 0066 6690 

  0x000001fec7ec6f00: ;   {runtime_call _new_instance_Java}
  0x000001fec7ec6f00: c5f8 77e8 

  0x000001fec7ec6f04: ; ImmutableOopMap {rbp=Oop [32]=Oop [40]=Oop [48]=Oop [64]=NarrowOop [68]=NarrowOop [112]=Oop }
                      ;*new {reexecute=0 rethrow=0 return_oop=1}
                      ; - java.lang.StringLatin1::newString@7
                      ; - java.lang.String::substring@41
                      ; - jdk.internal.loader.BuiltinClassLoader::defineClass@23
  0x000001fec7ec6f04: 78e4 98ff 

  0x000001fec7ec6f08: ;   {other}
  0x000001fec7ec6f08: 0f1f 8400 | 785b 0042 | 4c8b 5424 | 204c 8954 | 2438 448b | 4c24 4444 | 8b54 2448 | 448b 5c24 
  0x000001fec7ec6f28: 4c48 8bd8 | e904 b1ff 

  0x000001fec7ec6f30: ;   {metadata({type array byte})}
  0x000001fec7ec6f30: ff48 ba28 | 0a04 0008 | 0000 0045 | 33c0 6690 

  0x000001fec7ec6f40: ;   {runtime_call _new_array_Java}
  0x000001fec7ec6f40: c5f8 77e8 

  0x000001fec7ec6f44: ; ImmutableOopMap {[32]=Oop [40]=NarrowOop [48]=Oop [64]=NarrowOop [72]=Oop [96]=Oop [112]=Oop }
                      ;*newarray {reexecute=0 rethrow=0 return_oop=1}
                      ; - jdk.internal.loader.Resource::getBytes@30
                      ; - jdk.internal.loader.URLClassPath$JarLoader$2::getBytes@1
                      ; - jdk.internal.loader.BuiltinClassLoader::defineClass@84
  0x000001fec7ec6f44: 38bd 98ff 

  0x000001fec7ec6f48: ;   {other}
  0x000001fec7ec6f48: 0f1f 8400 | b85b 0043 | 4c8b d8e9 | 97db ffff 

  0x000001fec7ec6f58: ;   {metadata('java/util/zip/CRC32')}
  0x000001fec7ec6f58: 48ba 40d7 | 0100 0800 | 0000 488b | 6c24 4890 

  0x000001fec7ec6f68: ;   {runtime_call _new_instance_Java}
  0x000001fec7ec6f68: c5f8 77e8 

  0x000001fec7ec6f6c: ; ImmutableOopMap {rbp=Oop [32]=Oop [48]=Oop [64]=NarrowOop [72]=Oop [88]=Oop [96]=Oop }
                      ;*new {reexecute=0 rethrow=0 return_oop=1}
                      ; - jdk.internal.loader.URLClassPath$JarLoader$2::getBytes@5
                      ; - jdk.internal.loader.BuiltinClassLoader::defineClass@84
  0x000001fec7ec6f6c: 10e4 98ff 

  0x000001fec7ec6f70: ;   {other}
  0x000001fec7ec6f70: 0f1f 8400 | e05b 0044 | e9e1 dcff 

  0x000001fec7ec6f7c: ;   {metadata('java/security/CodeSource')}
  0x000001fec7ec6f7c: ff48 ba90 | 5005 0008 | 0000 0048 | 8b6c 2448 

  0x000001fec7ec6f8c: ;   {runtime_call _new_instance_Java}
  0x000001fec7ec6f8c: c5f8 77e8 

  0x000001fec7ec6f90: ; ImmutableOopMap {rbp=Oop [48]=Oop [64]=NarrowOop [72]=Oop [88]=Oop [96]=Oop }
                      ;*new {reexecute=0 rethrow=0 return_oop=1}
                      ; - jdk.internal.loader.BuiltinClassLoader::defineClass@95
  0x000001fec7ec6f90: ece3 98ff 

  0x000001fec7ec6f94: ;   {other}
  0x000001fec7ec6f94: 0f1f 8400 | 045c 0045 | e96c ddff | ff4c 8944 | 2468 4889 | 4c24 604c | 896c 2458 | 4889 5c24 
  0x000001fec7ec6fb4: 504c 8b54 | 2470 4c89 | 5424 4844 | 895c 2444 | 4c8b 5424 | 384c 8954 

  0x000001fec7ec6fcc: ;   {metadata({type array byte})}
  0x000001fec7ec6fcc: 2420 48ba | 280a 0400 | 0800 0000 | 458b c390 

  0x000001fec7ec6fdc: ;   {runtime_call _new_array_nozero_Java}
  0x000001fec7ec6fdc: c5f8 77e8 

  0x000001fec7ec6fe0: ; ImmutableOopMap {rbp=Oop [88]=Derived_oop_rbp [32]=Oop [40]=Oop [48]=Oop [64]=NarrowOop [72]=Oop [80]=Oop }
                      ;*newarray {reexecute=0 rethrow=0 return_oop=1}
                      ; - java.util.Arrays::copyOfRangeByte@10
                      ; - java.util.Arrays::copyOfRange@13
                      ; - java.lang.StringLatin1::newString@16
                      ; - java.lang.String::substring@41
                      ; - jdk.internal.loader.BuiltinClassLoader::defineClass@23
  0x000001fec7ec6fe0: 9cb9 98ff 

  0x000001fec7ec6fe4: ;   {other}
  0x000001fec7ec6fe4: 0f1f 8400 | 545c 0046 | 4c8b 5c24 | 204c 895c | 2438 448b | 5c24 444c | 8b44 2448 | 4c89 4424 
  0x000001fec7ec7004: 7048 8b5c | 2450 4c8b | 6c24 5848 | 8b4c 2460 | 4c8b 4424 | 6848 8bf0 | e947 b1ff | ff44 8b5c 
  0x000001fec7ec7024: 2444 4788 | 64dc 124c | 8b54 2420 | 4c89 5424 | 384c 8b4c | 2448 e97f 

  0x000001fec7ec703c: ;   {metadata({type array byte})}
  0x000001fec7ec703c: b2ff ff48 | ba28 0a04 | 0008 0000 | 0044 8bc5 | 4c89 ac24 | d000 0000 

  0x000001fec7ec7054: ;   {runtime_call _new_array_Java}
  0x000001fec7ec7054: c5f8 77e8 

  0x000001fec7ec7058: ; ImmutableOopMap {[40]=Oop [48]=Oop [56]=Oop [64]=NarrowOop [68]=NarrowOop [72]=Oop [80]=Oop [88]=Oop [96]=Oop [104]=Oop [112]=Oop [128]=Oop [136]=Oop [144]=Oop }
                      ;*invokevirtual allocateUninitializedArray0 {reexecute=0 rethrow=0 return_oop=1}
                      ; - jdk.internal.misc.Unsafe::allocateUninitializedArray@51
                      ; - java.lang.StringConcatHelper::newArray@33
                      ; - java.lang.StringConcatHelper::simpleConcat@61
                      ; - java.lang.String::concat@11
                      ; - jdk.internal.loader.BuiltinClassLoader::isSealed@14
                      ; - jdk.internal.loader.BuiltinClassLoader::getAndVerifyPackage@70
                      ; - jdk.internal.loader.BuiltinClassLoader::defineOrCheckPackage@4
                      ; - jdk.internal.loader.ClassLoaders$AppClassLoader::defineOrCheckPackage@4
                      ; - jdk.internal.loader.BuiltinClassLoader::defineClass@40
  0x000001fec7ec7058: 24bc 98ff 

  0x000001fec7ec705c: ;   {other}
  0x000001fec7ec705c: 0f1f 8400 | cc5c 0047 | 488b d8e9 | 5be1 ffff 

  0x000001fec7ec706c: ;   {metadata('java/lang/String')}
  0x000001fec7ec706c: 488b eb48 | bab0 1e04 | 0008 0000 | 0066 6690 

  0x000001fec7ec707c: ;   {runtime_call _new_instance_Java}
  0x000001fec7ec707c: c5f8 77e8 

  0x000001fec7ec7080: ; ImmutableOopMap {rbp=Oop [40]=Oop [48]=Oop [56]=Oop [64]=NarrowOop [68]=NarrowOop [72]=Oop [80]=Oop [88]=Oop [96]=Oop [104]=Oop [112]=Oop [128]=Oop }
                      ;*new {reexecute=0 rethrow=0 return_oop=1}
                      ; - java.lang.StringConcatHelper::newString@6
                      ; - java.lang.StringConcatHelper::simpleConcat@90
                      ; - java.lang.String::concat@11
                      ; - jdk.internal.loader.BuiltinClassLoader::isSealed@14
                      ; - jdk.internal.loader.BuiltinClassLoader::getAndVerifyPackage@70
                      ; - jdk.internal.loader.BuiltinClassLoader::defineOrCheckPackage@4
                      ; - jdk.internal.loader.ClassLoaders$AppClassLoader::defineOrCheckPackage@4
                      ; - jdk.internal.loader.BuiltinClassLoader::defineClass@40
  0x000001fec7ec7080: fce2 98ff 

  0x000001fec7ec7084: ;   {other}
  0x000001fec7ec7084: 0f1f 8400 | f45c 0048 | 488b dde9 | e8e1 ffff 

  0x000001fec7ec7094: ;   {metadata({type array byte})}
  0x000001fec7ec7094: 48ba 280a | 0400 0800 | 0000 448b | 8424 8000 | 0000 6690 

  0x000001fec7ec70a8: ;   {runtime_call _new_array_Java}
  0x000001fec7ec70a8: c5f8 77e8 

  0x000001fec7ec70ac: ; ImmutableOopMap {[40]=Oop [48]=Oop [56]=Oop [64]=NarrowOop [68]=NarrowOop [72]=Oop [80]=Oop [88]=Oop [96]=Oop [104]=Oop [112]=Oop [124]=NarrowOop [136]=Oop [152]=Oop }
                      ;*invokevirtual allocateUninitializedArray0 {reexecute=0 rethrow=0 return_oop=1}
                      ; - jdk.internal.misc.Unsafe::allocateUninitializedArray@51
                      ; - java.lang.StringConcatHelper::newArray@33
                      ; - java.lang.StringLatin1::replace@49
                      ; - java.lang.String::replace@18
                      ; - jdk.internal.loader.BuiltinClassLoader::isSealed@9
                      ; - jdk.internal.loader.BuiltinClassLoader::getAndVerifyPackage@70
                      ; - jdk.internal.loader.BuiltinClassLoader::defineOrCheckPackage@4
                      ; - jdk.internal.loader.ClassLoaders$AppClassLoader::defineOrCheckPackage@4
                      ; - jdk.internal.loader.BuiltinClassLoader::defineClass@40
  0x000001fec7ec70ac: d0bb 98ff 

  0x000001fec7ec70b0: ;   {other}
  0x000001fec7ec70b0: 0f1f 8400 | 205d 0049 | 4c8b c0e9 | 38dd ffff 

  0x000001fec7ec70c0: ;   {metadata('java/lang/String')}
  0x000001fec7ec70c0: 488b ef48 | bab0 1e04 | 0008 0000 | 0066 6690 

  0x000001fec7ec70d0: ;   {runtime_call _new_instance_Java}
  0x000001fec7ec70d0: c5f8 77e8 

  0x000001fec7ec70d4: ; ImmutableOopMap {rbp=Oop [40]=Oop [48]=Oop [56]=Oop [64]=NarrowOop [68]=NarrowOop [72]=Oop [80]=Oop [88]=Oop [96]=Oop [104]=Oop [112]=Oop [136]=Oop }
                      ;*new {reexecute=0 rethrow=0 return_oop=1}
                      ; - java.lang.StringLatin1::replace@116
                      ; - java.lang.String::replace@18
                      ; - jdk.internal.loader.BuiltinClassLoader::isSealed@9
                      ; - jdk.internal.loader.BuiltinClassLoader::getAndVerifyPackage@70
                      ; - jdk.internal.loader.BuiltinClassLoader::defineOrCheckPackage@4
                      ; - jdk.internal.loader.ClassLoaders$AppClassLoader::defineOrCheckPackage@4
                      ; - jdk.internal.loader.BuiltinClassLoader::defineClass@40
  0x000001fec7ec70d4: a8e2 98ff 

  0x000001fec7ec70d8: ;   {other}
  0x000001fec7ec70d8: 0f1f 8400 | 485d 004a | 488b fd48 | 8be8 e9a2 | dfff ffba | e4ff ffff | 4489 5c24 | 2044 8b5c 
  0x000001fec7ec70f8: 2440 4489 | 5c24 2444 | 894c 2444 

  0x000001fec7ec7104: ;   {runtime_call UncommonTrapBlob}
  0x000001fec7ec7104: c5f8 77e8 

  0x000001fec7ec7108: ; ImmutableOopMap {[36]=NarrowOop [40]=Oop [48]=Oop [56]=Oop [68]=NarrowOop }
                      ;*baload {reexecute=0 rethrow=0 return_oop=0}
                      ; - java.lang.StringLatin1::lastIndexOf@24
                      ; - java.lang.String::lastIndexOf@13
                      ; - java.lang.String::lastIndexOf@8
                      ; - jdk.internal.loader.BuiltinClassLoader::defineClass@8
  0x000001fec7ec7108: f4d4 8cff 

  0x000001fec7ec710c: ;   {other}
  0x000001fec7ec710c: 0f1f 8400 | 7c5d 004b | 8944 2444 | 4489 4c24 | 3c44 8974 | 2438 4889 | 4c24 5841 | 8bea 4c89 
  0x000001fec7ec712c: ;   {metadata('java/util/zip/ZipFile$ZipFileInputStream')}
  0x000001fec7ec712c: 6c24 2848 | bad8 9a01 | 0008 0000 | 0066 6690 

  0x000001fec7ec713c: ;   {runtime_call _new_instance_Java}
  0x000001fec7ec713c: c5f8 77e8 

  0x000001fec7ec7140: ; ImmutableOopMap {rbp=NarrowOop [40]=Oop [48]=Oop [56]=NarrowOop [60]=NarrowOop [64]=NarrowOop [72]=Oop [80]=Oop [88]=Oop [96]=Oop [112]=Oop }
                      ;*new {reexecute=0 rethrow=0 return_oop=1}
                      ; - java.util.zip.ZipFile::getInputStream@77
                      ; - java.util.jar.JarFile::getInputStream@21
                      ; - jdk.internal.loader.URLClassPath$JarLoader$2::getInputStream@11
                      ; - jdk.internal.loader.Resource::cachedInputStream@9
                      ; - jdk.internal.loader.Resource::getByteBuffer@1
                      ; - jdk.internal.loader.BuiltinClassLoader::defineClass@45
  0x000001fec7ec7140: 3ce2 98ff 

  0x000001fec7ec7144: ;   {other}
  0x000001fec7ec7144: 0f1f 8400 | b45d 004c | 4c8b d84c | 8b6c 2428 | 448b d548 | 8b4c 2458 | 448b 7424 | 3844 8b4c 
  0x000001fec7ec7164: 243c 8b44 | 2444 e999 | c1ff ff49 

  0x000001fec7ec7170: ;   {metadata('java/util/zip/ZipFile$ZipFileInflaterInputStream')}
  0x000001fec7ec7170: 8be9 48ba | 70a0 0100 | 0800 0000 

  0x000001fec7ec717c: ;   {runtime_call _new_instance_Java}
  0x000001fec7ec717c: c5f8 77e8 

  0x000001fec7ec7180: ; ImmutableOopMap {[40]=Oop [48]=Oop [56]=NarrowOop [64]=NarrowOop [68]=NarrowOop [72]=Oop [80]=Oop [88]=Oop [96]=Oop [112]=Oop [120]=Oop }
                      ;*new {reexecute=0 rethrow=0 return_oop=1}
                      ; - java.util.zip.ZipFile::getInputStream@203
                      ; - java.util.jar.JarFile::getInputStream@21
                      ; - jdk.internal.loader.URLClassPath$JarLoader$2::getInputStream@11
                      ; - jdk.internal.loader.Resource::cachedInputStream@9
                      ; - jdk.internal.loader.Resource::getByteBuffer@1
                      ; - jdk.internal.loader.BuiltinClassLoader::defineClass@45
  0x000001fec7ec7180: fce1 98ff 

  0x000001fec7ec7184: ;   {other}
  0x000001fec7ec7184: 0f1f 8400 | f45d 004d | 4c8b cde9 | bec3 ffff 

  0x000001fec7ec7194: ;   {metadata({type array byte})}
  0x000001fec7ec7194: 48ba 280a | 0400 0800 | 0000 41b8 | 0100 0000 

  0x000001fec7ec71a4: ;   {runtime_call _new_array_Java}
  0x000001fec7ec71a4: c5f8 77e8 

  0x000001fec7ec71a8: ; ImmutableOopMap {rbp=Oop [40]=Oop [48]=Oop [56]=NarrowOop [60]=NarrowOop [64]=NarrowOop [68]=NarrowOop [72]=Oop [80]=Oop [88]=Oop [96]=Oop [112]=Oop [120]=Oop [144]=Oop [184]=Oop }
                      ;*newarray {reexecute=0 rethrow=0 return_oop=1}
                      ; - java.util.zip.InflaterInputStream::<init>@22
                      ; - java.util.zip.ZipFile$ZipFileInflaterInputStream::<init>@11
                      ; - java.util.zip.ZipFile$ZipFileInflaterInputStream::<init>@10
                      ; - java.util.zip.ZipFile::getInputStream@216
                      ; - java.util.jar.JarFile::getInputStream@21
                      ; - jdk.internal.loader.URLClassPath$JarLoader$2::getInputStream@11
                      ; - jdk.internal.loader.Resource::cachedInputStream@9
                      ; - jdk.internal.loader.Resource::getByteBuffer@1
                      ; - jdk.internal.loader.BuiltinClassLoader::defineClass@45
  0x000001fec7ec71a8: d4ba 98ff 

  0x000001fec7ec71ac: ;   {other}
  0x000001fec7ec71ac: 0f1f 8400 | 1c5e 004e | 4c8b c0e9 | 72c6 ffff 

  0x000001fec7ec71bc: ;   {metadata('jdk/internal/ref/CleanerImpl$PhantomCleanableRef')}
  0x000001fec7ec71bc: 48ba 0874 | 0300 0800 | 0000 6690 

  0x000001fec7ec71c8: ;   {runtime_call _new_instance_Java}
  0x000001fec7ec71c8: c5f8 77e8 

  0x000001fec7ec71cc: ; ImmutableOopMap {rbp=Oop [40]=Oop [48]=Oop [56]=NarrowOop [64]=NarrowOop [68]=NarrowOop [72]=Oop [80]=Oop [88]=Oop [96]=Oop [104]=Oop [112]=Oop }
                      ;*new {reexecute=0 rethrow=0 return_oop=1}
                      ; - java.lang.ref.Cleaner::register@14
                      ; - java.util.zip.ZipFile$ZipFileInflaterInputStream::<init>@34
                      ; - java.util.zip.ZipFile$ZipFileInflaterInputStream::<init>@10
                      ; - java.util.zip.ZipFile::getInputStream@216
                      ; - java.util.jar.JarFile::getInputStream@21
                      ; - jdk.internal.loader.URLClassPath$JarLoader$2::getInputStream@11
                      ; - jdk.internal.loader.Resource::cachedInputStream@9
                      ; - jdk.internal.loader.Resource::getByteBuffer@1
                      ; - jdk.internal.loader.BuiltinClassLoader::defineClass@45
  0x000001fec7ec71cc: b0e1 98ff 

  0x000001fec7ec71d0: ;   {other}
  0x000001fec7ec71d0: 0f1f 8400 | 405e 004f | e9cd c8ff 

  0x000001fec7ec71dc: ;   {metadata('java/util/zip/ZipFile$InflaterCleanupAction')}
  0x000001fec7ec71dc: ff48 ba60 | a801 0008 | 0000 0048 | 8b6c 2448 | 4c8b 9424 | b800 0000 | 4c89 9424 | b000 0000 
  0x000001fec7ec71fc: ;   {runtime_call _new_instance_Java}
  0x000001fec7ec71fc: c5f8 77e8 

  0x000001fec7ec7200: ; ImmutableOopMap {rbp=Oop [40]=Oop [48]=Oop [56]=NarrowOop [60]=NarrowOop [64]=NarrowOop [68]=NarrowOop [72]=Oop [80]=Oop [88]=Oop [96]=Oop [104]=Oop [112]=Oop [120]=NarrowOop [144]=Oop [176]=Oop }
                      ;*new {reexecute=0 rethrow=0 return_oop=1}
                      ; - java.util.zip.ZipFile$ZipFileInflaterInputStream::<init>@24
                      ; - java.util.zip.ZipFile$ZipFileInflaterInputStream::<init>@10
                      ; - java.util.zip.ZipFile::getInputStream@216
                      ; - java.util.jar.JarFile::getInputStream@21
                      ; - jdk.internal.loader.URLClassPath$JarLoader$2::getInputStream@11
                      ; - jdk.internal.loader.Resource::cachedInputStream@9
                      ; - jdk.internal.loader.Resource::getByteBuffer@1
                      ; - jdk.internal.loader.BuiltinClassLoader::defineClass@45
  0x000001fec7ec7200: 7ce1 98ff 

  0x000001fec7ec7204: ;   {other}
  0x000001fec7ec7204: 0f1f 8400 | 745e 0050 | 488b e8e9 | 38c8 ffff 

  0x000001fec7ec7214: ;   {metadata({type array byte})}
  0x000001fec7ec7214: 48ba 280a | 0400 0800 | 0000 448b | c348 8b6c | 2448 6690 

  0x000001fec7ec7228: ;   {runtime_call _new_array_Java}
  0x000001fec7ec7228: c5f8 77e8 

  0x000001fec7ec722c: ; ImmutableOopMap {rbp=Oop [40]=Oop [48]=Oop [56]=NarrowOop [60]=NarrowOop [64]=NarrowOop [68]=NarrowOop [72]=Oop [80]=Oop [88]=Oop [96]=Oop [104]=Oop [112]=Oop [120]=NarrowOop [144]=Oop [184]=Oop }
                      ;*newarray {reexecute=0 rethrow=0 return_oop=1}
                      ; - java.util.zip.InflaterInputStream::<init>@64
                      ; - java.util.zip.ZipFile$ZipFileInflaterInputStream::<init>@11
                      ; - java.util.zip.ZipFile$ZipFileInflaterInputStream::<init>@10
                      ; - java.util.zip.ZipFile::getInputStream@216
                      ; - java.util.jar.JarFile::getInputStream@21
                      ; - jdk.internal.loader.URLClassPath$JarLoader$2::getInputStream@11
                      ; - jdk.internal.loader.Resource::cachedInputStream@9
                      ; - jdk.internal.loader.Resource::getByteBuffer@1
                      ; - jdk.internal.loader.BuiltinClassLoader::defineClass@45
  0x000001fec7ec722c: 50ba 98ff 

  0x000001fec7ec7230: ;   {other}
  0x000001fec7ec7230: 0f1f 8400 | a05e 0051 | 4c8b c0e9 | 7ec7 ffff | 4489 5c24 | 4448 8944 | 24f8 8b44 | 2478 8944 
  0x000001fec7ec7250: 243c 488b | 4424 f844 | 894c 2438 | 4889 5424 | 5041 8bea | 4c89 6c24 

  0x000001fec7ec7268: ;   {metadata('java/util/zip/ZipFile$ZipFileInputStream')}
  0x000001fec7ec7268: 2848 bad8 | 9a01 0008 | 0000 0090 

  0x000001fec7ec7274: ;   {runtime_call _new_instance_Java}
  0x000001fec7ec7274: c5f8 77e8 

  0x000001fec7ec7278: ; ImmutableOopMap {rbp=NarrowOop [40]=Oop [48]=Oop [56]=NarrowOop [60]=NarrowOop [64]=NarrowOop [72]=Oop [80]=Oop [96]=Oop [112]=Oop }
                      ;*new {reexecute=0 rethrow=0 return_oop=1}
                      ; - java.util.zip.ZipFile::getInputStream@77
                      ; - java.util.jar.JarFile::getInputStream@21
                      ; - jdk.internal.loader.URLClassPath$JarLoader$2::getInputStream@11
                      ; - jdk.internal.loader.Resource::cachedInputStream@9
                      ; - jdk.internal.loader.Resource::getBytes@1
                      ; - jdk.internal.loader.URLClassPath$JarLoader$2::getBytes@1
                      ; - jdk.internal.loader.BuiltinClassLoader::defineClass@84
  0x000001fec7ec7278: 04e1 98ff 

  0x000001fec7ec727c: ;   {other}
  0x000001fec7ec727c: 0f1f 8400 | ec5e 0052 | 4c8b 6c24 | 2844 8bd5 | 488b 5424 | 5044 8b4c | 2438 4889 | 4424 f88b 
  0x000001fec7ec729c: 4424 3c89 | 4424 7848 | 8b44 24f8 | 448b 5c24 | 44e9 03d2 

  0x000001fec7ec72b0: ;   {metadata('java/util/zip/ZipFile$ZipFileInflaterInputStream')}
  0x000001fec7ec72b0: ffff 48ba | 70a0 0100 | 0800 0000 

  0x000001fec7ec72bc: ;   {runtime_call _new_instance_Java}
  0x000001fec7ec72bc: c5f8 77e8 

  0x000001fec7ec72c0: ; ImmutableOopMap {[40]=Oop [48]=Oop [56]=NarrowOop [64]=NarrowOop [72]=Oop [80]=Oop [88]=Oop [96]=Oop [112]=Oop [120]=NarrowOop }
                      ;*new {reexecute=0 rethrow=0 return_oop=1}
                      ; - java.util.zip.ZipFile::getInputStream@203
                      ; - java.util.jar.JarFile::getInputStream@21
                      ; - jdk.internal.loader.URLClassPath$JarLoader$2::getInputStream@11
                      ; - jdk.internal.loader.Resource::cachedInputStream@9
                      ; - jdk.internal.loader.Resource::getBytes@1
                      ; - jdk.internal.loader.URLClassPath$JarLoader$2::getBytes@1
                      ; - jdk.internal.loader.BuiltinClassLoader::defineClass@84
  0x000001fec7ec72c0: bce0 98ff 

  0x000001fec7ec72c4: ;   {other}
  0x000001fec7ec72c4: 0f1f 8400 | 345f 0053 | e949 d4ff 

  0x000001fec7ec72d0: ;   {metadata('java/util/WeakHashMap$Entry')}
  0x000001fec7ec72d0: ff48 ba20 | 9702 0008 | 0000 0090 

  0x000001fec7ec72dc: ;   {runtime_call _new_instance_Java}
  0x000001fec7ec72dc: c5f8 77e8 

  0x000001fec7ec72e0: ; ImmutableOopMap {rbp=Oop [40]=Oop [48]=Oop [56]=NarrowOop [60]=NarrowOop [64]=NarrowOop [72]=Oop [80]=Oop [88]=Oop [96]=Oop [104]=Oop [112]=Oop [120]=Oop [128]=Oop [136]=NarrowOop [144]=Oop [152]=Derived_oop_[144] [160]=NarrowOop }
                      ;*new {reexecute=0 rethrow=0 return_oop=1}
                      ; - java.util.WeakHashMap::put@113
                      ; - java.util.Collections$SetFromMap::add@8
                      ; - java.util.zip.ZipFile::getInputStream@231
                      ; - java.util.jar.JarFile::getInputStream@21
                      ; - jdk.internal.loader.URLClassPath$JarLoader$2::getInputStream@11
                      ; - jdk.internal.loader.Resource::cachedInputStream@9
                      ; - jdk.internal.loader.Resource::getByteBuffer@1
                      ; - jdk.internal.loader.BuiltinClassLoader::defineClass@45
  0x000001fec7ec72e0: 9ce0 98ff 

  0x000001fec7ec72e4: ;   {other}
  0x000001fec7ec72e4: 0f1f 8400 | 545f 0054 | 488b d8e9 | 55ca ffff | 4c8b 5424 | 204c 8954 | 2438 4533 | d24c 8954 
  0x000001fec7ec7304: 2458 e9d3 | b0ff ff4c | 8944 2438 | 498b d04c | 8bc0 488b | 6c24 2890 

  0x000001fec7ec731c: ;   {optimized virtual_call}
  0x000001fec7ec731c: c5f8 77e8 

  0x000001fec7ec7320: ; ImmutableOopMap {rbp=Oop [32]=Oop [40]=Oop [48]=Oop [56]=Oop [64]=NarrowOop [112]=Oop [120]=Oop }
                      ;*invokespecial getInputStream {reexecute=0 rethrow=0 return_oop=1}
                      ; - java.util.jar.JarFile::getManifestFromReference@130
                      ; - java.util.jar.JarFile::getManifest@1
                      ; - jdk.internal.loader.URLClassPath$JarLoader$2::getManifest@22
                      ; - jdk.internal.loader.BuiltinClassLoader::defineClass@29
  0x000001fec7ec7320: 5c77 8cff 

  0x000001fec7ec7324: ;   {other}
  0x000001fec7ec7324: 0f1f 8400 | 945f 0055 | 488b e849 | 8b87 b801 | 0000 4c8b | d049 83c2 | 184d 3b97 | c801 0000 
  0x000001fec7ec7344: 0f83 a22c | 0000 4d89 | 97b8 0100 | 0041 0f18 | 8200 0100 | 0048 c700 | 0100 0000 

  0x000001fec7ec7360: ;   {metadata('java/util/jar/Manifest')}
  0x000001fec7ec7360: c740 0828 | 4205 0044 | 8960 0c4c | 8960 104c | 8bd0 4c89 | 5424 504c | 8b54 2438 | 458b 5a14 
  0x000001fec7ec7380: 498b fb48 | c1e7 0348 | 8b54 2450 | 4533 c04c | 8bcd 6690 

  0x000001fec7ec7394: ;   {optimized virtual_call}
  0x000001fec7ec7394: c5f8 77e8 

  0x000001fec7ec7398: ; ImmutableOopMap {rbp=Oop [32]=Oop [40]=Oop [48]=Oop [56]=Oop [64]=NarrowOop [80]=Oop [112]=Oop [120]=Oop }
                      ;*invokespecial <init> {reexecute=0 rethrow=0 return_oop=0}
                      ; - java.util.jar.Manifest::<init>@4
                      ; - java.util.jar.JarFile::getManifestFromReference@143
                      ; - java.util.jar.JarFile::getManifest@1
                      ; - jdk.internal.loader.URLClassPath$JarLoader$2::getManifest@22
                      ; - jdk.internal.loader.BuiltinClassLoader::defineClass@29
  0x000001fec7ec7398: e476 8cff 

  0x000001fec7ec739c: ;   {other}
  0x000001fec7ec739c: 0f1f 8400 | 0c60 0056 | 4c8b c54d | 85c0 0f84 | 0e02 0000 | 458b 5008 

  0x000001fec7ec73b4: ;   {metadata('java/util/zip/ZipFile$ZipFileInflaterInputStream')}
  0x000001fec7ec73b4: 4181 fa70 | a001 000f | 852f 3200 | 0049 8bd0 | 488b 6c24 | 2866 6690 

  0x000001fec7ec73cc: ;   {optimized virtual_call}
  0x000001fec7ec73cc: c5f8 77e8 

  0x000001fec7ec73d0: ; ImmutableOopMap {rbp=Oop [32]=Oop [40]=Oop [48]=Oop [56]=Oop [64]=NarrowOop [80]=Oop [112]=Oop [120]=Oop }
                      ;*invokevirtual close {reexecute=0 rethrow=0 return_oop=0}
                      ; - java.util.jar.JarFile::getManifestFromReference@152
                      ; - java.util.jar.JarFile::getManifest@1
                      ; - jdk.internal.loader.URLClassPath$JarLoader$2::getManifest@22
                      ; - jdk.internal.loader.BuiltinClassLoader::defineClass@29
  0x000001fec7ec73d0: ac76 8cff 

  0x000001fec7ec73d4: ;   {other}
  0x000001fec7ec73d4: 0f1f 8400 | 4460 0057 | 488b 6c24 | 50e9 8ef4 | ffff 488b | d548 8b6c | 2428 6690 

  0x000001fec7ec73f0: ;   {optimized virtual_call}
  0x000001fec7ec73f0: c5f8 77e8 

  0x000001fec7ec73f4: ; ImmutableOopMap {rbp=Oop [32]=Oop [48]=Oop [56]=Oop [64]=NarrowOop [80]=Oop [88]=Oop [120]=Oop }
                      ;*invokevirtual getManifestNum {reexecute=0 rethrow=0 return_oop=0}
                      ; - java.util.zip.ZipFile$1::getManifestNum@1
                      ; - java.util.jar.JarFile::getManifestFromReference@59
                      ; - java.util.jar.JarFile::getManifest@1
                      ; - jdk.internal.loader.URLClassPath$JarLoader$2::getManifest@22
                      ; - jdk.internal.loader.BuiltinClassLoader::defineClass@29
  0x000001fec7ec73f4: 8876 8cff 

  0x000001fec7ec73f8: ;   {other}
  0x000001fec7ec73f8: 0f1f 8400 | 6860 0058 | 83f8 010f | 84bb 3100 | 00ba 7600 | 0000 4c8b | 5424 304c | 8954 2428 
  0x000001fec7ec7418: 448b 5c24 | 4044 895c | 2430 6690 

  0x000001fec7ec7424: ;   {runtime_call UncommonTrapBlob}
  0x000001fec7ec7424: c5f8 77e8 

  0x000001fec7ec7428: ; ImmutableOopMap {rbp=Oop [32]=Oop [40]=Oop [48]=NarrowOop [80]=Oop [88]=Oop [120]=Oop }
                      ;*getstatic debug {reexecute=1 rethrow=0 return_oop=0}
                      ; - (reexecute) java.util.jar.JarFile::getManifestFromReference@87
                      ; - java.util.jar.JarFile::getManifest@1
                      ; - jdk.internal.loader.URLClassPath$JarLoader$2::getManifest@22
                      ; - jdk.internal.loader.BuiltinClassLoader::defineClass@29
  0x000001fec7ec7428: d4d1 8cff 

  0x000001fec7ec742c: ;   {other}
  0x000001fec7ec742c: 0f1f 8400 | 9c60 0059 | 4c89 4424 | 604c 896c | 2458 4889 | 5c24 5045 | 8bda 4489 | 4c24 444c 
  0x000001fec7ec744c: 8b54 2438 | 4c89 5424 

  0x000001fec7ec7454: ;   {metadata({type array byte})}
  0x000001fec7ec7454: 2048 ba28 | 0a04 0008 | 0000 0045 | 8bc3 6690 

  0x000001fec7ec7464: ;   {runtime_call _new_array_nozero_Java}
  0x000001fec7ec7464: c5f8 77e8 

  0x000001fec7ec7468: ; ImmutableOopMap {rbp=Oop [88]=Derived_oop_rbp [32]=Oop [40]=Oop [48]=Oop [64]=NarrowOop [68]=NarrowOop [80]=Oop [112]=Oop }
                      ;*invokevirtual clone {reexecute=1 rethrow=0 return_oop=1}
                      ; - (reexecute) java.util.Arrays::copyOfRange@18
                      ; - java.lang.StringLatin1::newString@16
                      ; - java.lang.String::substring@41
                      ; - jdk.internal.loader.BuiltinClassLoader::defineClass@23
  0x000001fec7ec7468: 14b5 98ff 

  0x000001fec7ec746c: ;   {other}
  0x000001fec7ec746c: 0f1f 8400 | dc60 005a | 4c8b 5c24 | 204c 895c | 2438 488b | 5c24 504c | 8b6c 2458 | 4c8b 4424 
  0x000001fec7ec748c: 6048 8bf8 | e90e acff | ff44 8b54 | 2438 4788 | 64d4 124c | 8b6c 2428 | 448b 5c24 | 3c48 8b4c 
  0x000001fec7ec74ac: 2458 e91d | bcff ff44 | 8b54 2438 | 4788 64d4 | 124c 8b6c | 2428 448b | 5c24 3c48 | 8b54 2450 
  0x000001fec7ec74cc: e9cd cdff | ff48 8b94 | 2480 0000 | 004c 8b84 | 24d8 0000 | 004c 8b4c | 2468 488b | 6c24 4890 
  0x000001fec7ec74ec: ;   {optimized virtual_call}
  0x000001fec7ec74ec: c5f8 77e8 

  0x000001fec7ec74f0: ; ImmutableOopMap {rbp=Oop [40]=Oop [48]=Oop [56]=NarrowOop [60]=NarrowOop [64]=NarrowOop [72]=Oop [80]=Oop [88]=Oop [96]=Oop [104]=Oop [112]=Oop [120]=Oop [128]=Oop [136]=NarrowOop [144]=Oop [152]=Derived_oop_[144] [216]=Oop }
                      ;*invokevirtual matchesKey {reexecute=0 rethrow=0 return_oop=0}
                      ; - java.util.WeakHashMap::put@54
                      ; - java.util.Collections$SetFromMap::add@8
                      ; - java.util.zip.ZipFile::getInputStream@231
                      ; - java.util.jar.JarFile::getInputStream@21
                      ; - jdk.internal.loader.URLClassPath$JarLoader$2::getInputStream@11
                      ; - jdk.internal.loader.Resource::cachedInputStream@9
                      ; - jdk.internal.loader.Resource::getByteBuffer@1
                      ; - jdk.internal.loader.BuiltinClassLoader::defineClass@45
  0x000001fec7ec74f0: 8c75 8cff 

  0x000001fec7ec74f4: ;   {other}
  0x000001fec7ec74f4: 0f1f 8400 | 6461 005b | 85c0 0f84 | 86f9 ffff | 4c8b 8424 | d800 0000 | 418b 7820 

  0x000001fec7ec7510: ;   {oop(a 'java/lang/Boolean'{0x000000070ab86548} = true)}
  0x000001fec7ec7510: 81ff a90c | 57e1 0f84 | db01 0000 | 4180 7f40 | 000f 851d 

  0x000001fec7ec7524: ;   {oop(a 'java/lang/Boolean'{0x000000070ab86548} = true)}
  0x000001fec7ec7524: 2a00 0041 | c740 20a9 | 0c57 e148 | 8bef 48c1 

  0x000001fec7ec7534: ;   {oop(a 'java/lang/Boolean'{0x000000070ab86548} = true)}
  0x000001fec7ec7534: e503 49ba | 4865 b80a | 0700 0000 | 4d8b d84d | 33d3 49c1 | ea15 4d85 | d20f 846e | c9ff ff49 
  0x000001fec7ec7554: c1eb 0948 | b900 d06b | ccfe 0100 | 0049 03cb | 8039 020f | 8454 c9ff | ff4d 8b57 | 484d 8b5f 
  0x000001fec7ec7574: 58f0 8344 | 24c0 0080 | 3900 0f84 | 3dc9 ffff | 4488 214d | 85d2 7520 | 498b d7c5 | f877 49ba 
  0x000001fec7ec7594: 40dd 6f04 | fc7f 0000 

  0x000001fec7ec759c: ;   {other}
  0x000001fec7ec759c: 41ff d20f | 1f84 0000 | 0000 00e9 | 15c9 ffff | 4b89 4c13 | f849 83c2 | f84d 8957 | 48e9 03c9 
  0x000001fec7ec75bc: ffff 488b | 6c24 50e9 | acf2 ffff | 4c8b 9424 | 8800 0000 | 458b 5a0c | 4585 db74 | 2b49 8bda 
  0x000001fec7ec75dc: 4d8b 5728 | 498b cb48 | c1e1 034d | 85d2 0f84 | dc2a 0000 | 4d8b 5f38 | 4b89 4c13 | f849 83c2 
  0x000001fec7ec75fc: f84d 8957 | 284c 8bd3 | 4c89 9424 | 8800 0000 | e9fd e4ff | ff4c 8bc5 | 448b 5d30 | 4585 db0f 
  0x000001fec7ec761c: 845a e5ff | ff4d 8b57 | 2849 8bcb | 48c1 e103 | 4d85 d20f | 8477 2a00 | 004d 8b5f | 384b 894c 
  0x000001fec7ec763c: 13f8 4983 | c2f8 4d89 | 5728 4c8b | c54c 8b94 | 2488 0000 | 00e9 25e5 | ffff 498b | d84d 8b57 
  0x000001fec7ec765c: 484d 8b5f | 58f0 8344 | 24c0 0080 | 3900 7432 | 4488 214d | 85d2 740f | 4b89 4c13 | f849 83c2 
  0x000001fec7ec767c: f84d 8957 | 48eb 1b49 | 8bd7 c5f8 | 7749 ba40 | dd6f 04fc | 7f00 0041 

  0x000001fec7ec7694: ;   {other}
  0x000001fec7ec7694: ffd2 0f1f | 8400 0000 | 0000 4c8b | c3e9 02e5 | ffff 4d8b | 5758 4d8b | 5f48 f083 | 4424 c000 
  0x000001fec7ec76b4: 8039 000f | 849c e4ff | ff44 8821 | 4d85 db75 | 2049 8bd7 | c5f8 7749 | ba40 dd6f | 04fc 7f00 
  0x000001fec7ec76d4: 0041 ffd2 

  0x000001fec7ec76d8: ;   {other}
  0x000001fec7ec76d8: 0f1f 8400 | 0000 0000 | e974 e4ff | ff4b 894c | 1af8 4983 | c3f8 4d89 | 5f48 e962 

  0x000001fec7ec76f4: ;   {oop(a 'java/lang/Boolean'{0x000000070ab86548} = true)}
  0x000001fec7ec76f4: e4ff ff48 | bd48 65b8 | 0a07 0000 | 00e9 bbc7 | ffff ba45 | ffff ff4c | 8b54 2448 | 498b ea44 
  0x000001fec7ec7714: 8b5c 2440 | 4489 5c24 | 284c 8b54 | 2458 4c89 | 5424 4889 | 4424 5890 

  0x000001fec7ec772c: ;   {runtime_call UncommonTrapBlob}
  0x000001fec7ec772c: c5f8 77e8 

  0x000001fec7ec7730: ; ImmutableOopMap {rbp=Oop [32]=Oop [40]=NarrowOop [48]=Oop [72]=Oop [80]=Oop }
                      ;*ifge {reexecute=1 rethrow=0 return_oop=0}
                      ; - (reexecute) jdk.internal.loader.Resource::getBytes@135
                      ; - jdk.internal.loader.URLClassPath$JarLoader$2::getBytes@1
                      ; - jdk.internal.loader.BuiltinClassLoader::defineClass@84
  0x000001fec7ec7730: ccce 8cff 

  0x000001fec7ec7734: ;   {other}
  0x000001fec7ec7734: 0f1f 8400 | a463 005c | ba45 ffff | ff4c 8b44 | 2448 4c89 | 4424 3844 | 8b44 2440 | 4489 4424 
  0x000001fec7ec7754: 284c 895c | 2448 895c | 2450 4489 | 4c24 5444 | 8954 2458 

  0x000001fec7ec7768: ;   {runtime_call UncommonTrapBlob}
  0x000001fec7ec7768: c5f8 77e8 

  0x000001fec7ec776c: ; ImmutableOopMap {[32]=Oop [40]=NarrowOop [48]=Oop [56]=Oop [72]=Oop [80]=NarrowOop }
                      ;*ifge {reexecute=1 rethrow=0 return_oop=0}
                      ; - (reexecute) jdk.internal.loader.Resource::getBytes@78
                      ; - jdk.internal.loader.URLClassPath$JarLoader$2::getBytes@1
                      ; - jdk.internal.loader.BuiltinClassLoader::defineClass@84
  0x000001fec7ec776c: 90ce 8cff 

  0x000001fec7ec7770: ;   {other}
  0x000001fec7ec7770: 0f1f 8400 | e063 005d | baf6 ffff | ff66 6690 

  0x000001fec7ec7780: ;   {runtime_call UncommonTrapBlob}
  0x000001fec7ec7780: c5f8 77e8 

  0x000001fec7ec7784: ; ImmutableOopMap {}
                      ;*invokevirtual ensureInitialization {reexecute=0 rethrow=0 return_oop=0}
                      ; - java.util.jar.JavaUtilJarAccessImpl::ensureInitialization@1
                      ; - jdk.internal.loader.URLClassPath$JarLoader$2::getManifest@10
                      ; - jdk.internal.loader.BuiltinClassLoader::defineClass@29
  0x000001fec7ec7784: 78ce 8cff 

  0x000001fec7ec7788: ;   {other}
  0x000001fec7ec7788: 0f1f 8400 | f863 005e | bade ffff | ff48 8b6c | 2428 4c8b | 4424 304c | 8944 2420 | 448b 4424 
  0x000001fec7ec77a8: 4044 8944 | 2430 4489 | 5424 3444 | 895c 2448 

  0x000001fec7ec77b8: ;   {runtime_call UncommonTrapBlob}
  0x000001fec7ec77b8: c5f8 77e8 

  0x000001fec7ec77bc: ; ImmutableOopMap {rbp=Oop [32]=Oop [48]=NarrowOop [52]=NarrowOop [56]=Oop [72]=NarrowOop [120]=Oop }
                      ;*invokeinterface ensureInitialization {reexecute=0 rethrow=0 return_oop=0}
                      ; - jdk.internal.loader.URLClassPath$JarLoader$2::getManifest@10
                      ; - jdk.internal.loader.BuiltinClassLoader::defineClass@29
  0x000001fec7ec77bc: 40ce 8cff 

  0x000001fec7ec77c0: ;   {other}
  0x000001fec7ec77c0: 0f1f 8400 | 3064 005f | baec ffff | ff4c 8b54 | 2428 4c89 | 5424 204c | 8b54 2430 | 4c89 5424 
  0x000001fec7ec77e0: 2844 895c | 2450 4489 | 5c24 5490 

  0x000001fec7ec77ec: ;   {runtime_call UncommonTrapBlob}
  0x000001fec7ec77ec: c5f8 77e8 

  0x000001fec7ec77f0: ; ImmutableOopMap {rbp=NarrowOop [32]=Oop [40]=Oop [56]=Oop [64]=NarrowOop [80]=NarrowOop [84]=NarrowOop [120]=Oop }
                      ;*ifnull {reexecute=1 rethrow=0 return_oop=0}
                      ; - (reexecute) java.util.jar.JarFile::maybeInstantiateVerifier@4
                      ; - java.util.jar.JarFile::ensureInitialization@1
                      ; - java.util.jar.JavaUtilJarAccessImpl::ensureInitialization@1
                      ; - jdk.internal.loader.URLClassPath$JarLoader$2::getManifest@10
                      ; - jdk.internal.loader.BuiltinClassLoader::defineClass@29
  0x000001fec7ec77f0: 0cce 8cff 

  0x000001fec7ec77f4: ;   {other}
  0x000001fec7ec77f4: 0f1f 8400 | 6464 0060 | 4c89 4c24 | 5044 895c | 2444 4c8b | 5424 304c | 8954 2420 | 488b 6c24 
  0x000001fec7ec7814: 3849 8bd1 | 4c8d 8424 | f000 0000 

  0x000001fec7ec7820: ;   {runtime_call _complete_monitor_locking_Java}
  0x000001fec7ec7820: c5f8 77e8 

  0x000001fec7ec7824: ; ImmutableOopMap {rbp=Oop [32]=Oop [40]=Oop [64]=NarrowOop [68]=NarrowOop [80]=Oop [112]=Oop [120]=Oop }
                      ;*synchronization entry
                      ; - java.util.jar.JarFile::ensureInitialization@-1
                      ; - java.util.jar.JavaUtilJarAccessImpl::ensureInitialization@1
                      ; - jdk.internal.loader.URLClassPath$JarLoader$2::getManifest@10
                      ; - jdk.internal.loader.BuiltinClassLoader::defineClass@29
  0x000001fec7ec7824: 581e 99ff 

  0x000001fec7ec7828: ;   {other}
  0x000001fec7ec7828: 0f1f 8400 | 9864 0061 | 4889 6c24 | 384c 8b54 | 2420 4c89 | 5424 3044 | 8b5c 2444 | 4c8b 4c24 
  0x000001fec7ec7848: 50e9 54aa | ffff baec | ffff ff4c | 8b54 2428 | 4c89 5424 | 204c 8b54 | 2430 4c89 | 5424 2844 
  0x000001fec7ec7868: 895c 2450 

  0x000001fec7ec786c: ;   {runtime_call UncommonTrapBlob}
  0x000001fec7ec786c: c5f8 77e8 

  0x000001fec7ec7870: ; ImmutableOopMap {rbp=NarrowOop [32]=Oop [40]=Oop [56]=Oop [64]=NarrowOop [80]=NarrowOop [120]=Oop }
                      ;*ifnull {reexecute=1 rethrow=0 return_oop=0}
                      ; - (reexecute) java.util.jar.JarFile::ensureInitialization@21
                      ; - java.util.jar.JavaUtilJarAccessImpl::ensureInitialization@1
                      ; - jdk.internal.loader.URLClassPath$JarLoader$2::getManifest@10
                      ; - jdk.internal.loader.BuiltinClassLoader::defineClass@29
  0x000001fec7ec7870: 8ccd 8cff 

  0x000001fec7ec7874: ;   {other}
  0x000001fec7ec7874: 0f1f 8400 | e464 0062 | 498b c948 | 8d94 24f0 | 0000 004d | 8bc7 c5f8 | 7749 ba80 | 42b1 04fc 
  0x000001fec7ec7894: 7f00 0041 

  0x000001fec7ec7898: ;   {other}
  0x000001fec7ec7898: ffd2 0f1f | 8400 0000 | 0000 e9bf | aaff ffba | deff ffff | 4c8b 5424 | 284c 8954 | 2420 4c8b 
  0x000001fec7ec78b8: 5424 304c | 8954 2428 | 4c8b 5424 | 384c 8954 | 2430 448b | 5424 4044 | 8954 2438 

  0x000001fec7ec78d4: ;   {runtime_call UncommonTrapBlob}
  0x000001fec7ec78d4: c5f8 77e8 

  0x000001fec7ec78d8: ; ImmutableOopMap {rbp=NarrowOop [32]=Oop [40]=Oop [48]=Oop [56]=NarrowOop [120]=Oop }
                      ;*invokevirtual getManifest {reexecute=0 rethrow=0 return_oop=0}
                      ; - jdk.internal.loader.URLClassPath$JarLoader$2::getManifest@22
                      ; - jdk.internal.loader.BuiltinClassLoader::defineClass@29
  0x000001fec7ec78d8: 24cd 8cff 

  0x000001fec7ec78dc: ;   {other}
  0x000001fec7ec78dc: 0f1f 8400 | 4c65 0063 | bade ffff | ff4c 8b5c | 2430 4c89 | 5c24 204c | 8b5c 2438 | 4c89 5c24 
  0x000001fec7ec78fc: 2844 8b44 | 2440 4c89 | 5424 3845 | 8bd8 4489 | 5c24 3490 

  0x000001fec7ec7910: ;   {runtime_call UncommonTrapBlob}
  0x000001fec7ec7910: c5f8 77e8 

  0x000001fec7ec7914: ; ImmutableOopMap {[32]=Oop [40]=Oop [52]=NarrowOop [56]=Oop [64]=NarrowOop [88]=Oop [120]=Oop }
                      ;*invokevirtual defineOrCheckPackage {reexecute=0 rethrow=0 return_oop=0}
                      ; - jdk.internal.loader.BuiltinClassLoader::defineClass@40
  0x000001fec7ec7914: e8cc 8cff 

  0x000001fec7ec7918: ;   {other}
  0x000001fec7ec7918: 0f1f 8400 | 8865 0064 | ba45 ffff | ff4c 8b54 | 2448 498b | ea4c 8b54 | 2430 4c89 | 5424 204c 
  0x000001fec7ec7938: 896c 2428 | 895c 2434 

  0x000001fec7ec7940: ;   {runtime_call UncommonTrapBlob}
  0x000001fec7ec7940: c5f8 77e8 

  0x000001fec7ec7944: ; ImmutableOopMap {rbp=Oop [32]=Oop [40]=Oop [52]=NarrowOop [64]=NarrowOop }
                      ;*ifeq {reexecute=1 rethrow=0 return_oop=0}
                      ; - (reexecute) jdk.internal.loader.Resource::getByteBuffer@9
                      ; - jdk.internal.loader.BuiltinClassLoader::defineClass@45
  0x000001fec7ec7944: b8cc 8cff 

  0x000001fec7ec7948: ;   {other}
  0x000001fec7ec7948: 0f1f 8400 | b865 0065 | 488b 6c24 | 3848 8b54 | 2438 4c8d | 8424 f000 | 0000 6690 

  0x000001fec7ec7964: ;   {runtime_call _complete_monitor_locking_Java}
  0x000001fec7ec7964: c5f8 77e8 

  0x000001fec7ec7968: ; ImmutableOopMap {rbp=Oop [48]=Oop [64]=NarrowOop [72]=Oop [80]=Oop [96]=Oop [112]=Oop }
                      ;*synchronization entry
                      ; - jdk.internal.loader.Resource::cachedInputStream@-1
                      ; - jdk.internal.loader.Resource::getByteBuffer@1
                      ; - jdk.internal.loader.BuiltinClassLoader::defineClass@45
  0x000001fec7ec7968: 141d 99ff 

  0x000001fec7ec796c: ;   {other}
  0x000001fec7ec796c: 0f1f 8400 | dc65 0066 | 4c8b ede9 | 9eb6 ffff | 498b cd48 | 8d94 24f0 | 0000 004d | 8bc7 c5f8 
  0x000001fec7ec798c: 7749 ba80 | 42b1 04fc | 7f00 0041 

  0x000001fec7ec7998: ;   {other}
  0x000001fec7ec7998: ffd2 0f1f | 8400 0000 | 0000 e98b | c7ff ff49 | 8bed 498b | d54c 8d84 | 24f0 0000 | 0066 6690 
  0x000001fec7ec79b8: ;   {runtime_call _complete_monitor_locking_Java}
  0x000001fec7ec79b8: c5f8 77e8 

  0x000001fec7ec79bc: ; ImmutableOopMap {rbp=Oop [48]=Oop [64]=NarrowOop [72]=Oop [96]=Oop [112]=Oop }
                      ;*synchronization entry
                      ; - jdk.internal.loader.Resource::cachedInputStream@-1
                      ; - jdk.internal.loader.Resource::getBytes@1
                      ; - jdk.internal.loader.URLClassPath$JarLoader$2::getBytes@1
                      ; - jdk.internal.loader.BuiltinClassLoader::defineClass@84
  0x000001fec7ec79bc: c01c 99ff 

  0x000001fec7ec79c0: ;   {other}
  0x000001fec7ec79c0: 0f1f 8400 | 3066 0067 | 4c8b ede9 | 18c8 ffff | 498b cd48 | 8d94 24f0 | 0000 004d | 8bc7 c5f8 
  0x000001fec7ec79e0: 7749 ba80 | 42b1 04fc | 7f00 0041 

  0x000001fec7ec79ec: ;   {other}
  0x000001fec7ec79ec: ffd2 0f1f | 8400 0000 | 0000 e96e | d0ff ffba | deff ffff | 488b 6c24 | 4844 8b44 | 2440 4489 
  0x000001fec7ec7a0c: 4424 2844 | 8954 2448 

  0x000001fec7ec7a14: ;   {runtime_call UncommonTrapBlob}
  0x000001fec7ec7a14: c5f8 77e8 

  0x000001fec7ec7a18: ; ImmutableOopMap {rbp=Oop [32]=Oop [40]=NarrowOop [48]=Oop [72]=NarrowOop [88]=Oop }
                      ;*invokevirtual close {reexecute=0 rethrow=0 return_oop=0}
                      ; - jdk.internal.loader.Resource::getBytes@183
                      ; - jdk.internal.loader.URLClassPath$JarLoader$2::getBytes@1
                      ; - jdk.internal.loader.BuiltinClassLoader::defineClass@84
  0x000001fec7ec7a18: e4cb 8cff 

  0x000001fec7ec7a1c: ;   {other}
  0x000001fec7ec7a1c: 0f1f 8400 | 8c66 0068 | baec ffff | ff48 8b6c | 2448 4c8b | 5424 304c | 8954 2420 | 4889 4424 
  0x000001fec7ec7a3c: 3866 6690 

  0x000001fec7ec7a40: ;   {runtime_call UncommonTrapBlob}
  0x000001fec7ec7a40: c5f8 77e8 

  0x000001fec7ec7a44: ; ImmutableOopMap {rbp=Oop [32]=Oop [56]=Oop [64]=NarrowOop [88]=Oop }
                      ;*astore {reexecute=0 rethrow=0 return_oop=0}
                      ; - jdk.internal.loader.BuiltinClassLoader::defineClass@93
  0x000001fec7ec7a44: b8cb 8cff 

  0x000001fec7ec7a48: ;   {other}
  0x000001fec7ec7a48: 0f1f 8400 | b866 0069 | 4963 cbe9 | 8da6 ffff | 4883 c1fe | 498b fa48 | 33c0 4883 | f908 7f10 
  0x000001fec7ec7a68: 48ff c978 | 4f48 8904 | cf48 ffc9 | 7df7 eb44 | c5fd efc0 | e90d 0000 | 00c5 fe7f | 07c5 fe7f 
  0x000001fec7ec7a88: 4720 4883 | c740 4883 | e908 7ded | 4883 c104 | 7c0c c5fe | 7f07 4883 | c720 4883 | e904 4883 
  0x000001fec7ec7aa8: c104 7e10 | 48ff c9c5 | f9d6 0748 | 83c7 0848 | ffc9 7df3 | e9ed a6ff | ffba ccff | ffff 4489 
  0x000001fec7ec7ac8: 5c24 2044 | 8b54 2440 | 4489 5424 | 2448 895c | 2448 4489 | 4c24 5090 

  0x000001fec7ec7ae0: ;   {runtime_call UncommonTrapBlob}
  0x000001fec7ec7ae0: c5f8 77e8 

  0x000001fec7ec7ae4: ; ImmutableOopMap {[36]=NarrowOop [40]=Oop [48]=Oop [56]=Oop [72]=Oop [80]=NarrowOop }
                      ;*newarray {reexecute=1 rethrow=0 return_oop=0}
                      ; - (reexecute) java.util.Arrays::copyOfRangeByte@10
                      ; - java.util.Arrays::copyOfRange@13
                      ; - java.lang.StringLatin1::newString@16
                      ; - java.lang.String::substring@41
                      ; - jdk.internal.loader.BuiltinClassLoader::defineClass@23
  0x000001fec7ec7ae4: 18cb 8cff 

  0x000001fec7ec7ae8: ;   {other}
  0x000001fec7ec7ae8: 0f1f 8400 | 5867 006a | 4c89 9424 | e000 0000 | 4c8b c544 | 8b5d 2845 | 85db 0f84 | 932b 0000 
  0x000001fec7ec7b08: 4889 ac24 | 8000 0000 | 4f8d 14dc | 4c89 9424 | 9000 0000 | 4489 9c24 | 8800 0000 | 4c8b 9c24 
  0x000001fec7ec7b28: 9000 0000 | 488d 9c24 | 1001 0000 | 498b 03a8 | 020f 8523 | 0000 0048 | 83c8 0148 | 8903 f049 
  0x000001fec7ec7b48: 0fb1 1b0f | 8437 0000 | 0048 2bc4 | 4825 07f0 | ffff 4889 | 03e9 2400 | 0000 4c8b | d048 33c0 
  0x000001fec7ec7b68: f04d 0fb1 | 7a3e 48c7 | 0303 0000 | 0074 114c | 3bf8 7515 | 49ff 8286 | 0000 0048 | 33c0 7509 
  0x000001fec7ec7b88: 49ff 8750 | 0500 0033 | c00f 8545 | 2b00 004c | 8b9c 24e0 | 0000 0045 

  0x000001fec7ec7ba0: ;   {metadata('java/util/WeakHashMap$Entry')}
  0x000001fec7ec7ba0: 8b53 0841 | 81fa 2097 | 0200 0f85 | 702d 0000 | 498b db4c | 8b94 2480 | 0000 0045 | 8b5a 2445 
  0x000001fec7ec7bc0: 8bc3 448b | 531c 458b | ca47 8b54 | dc0c 418d | 6aff 4123 | e945 85d2 | 0f86 232b | 0000 4f8d 
  0x000001fec7ec7be0: 14dc 498d | 7caa 1044 | 8b1f 4585 | db0f 840d | 2100 0049 | c1e3 034d | 8beb e9bb | 0000 00ba 
  0x000001fec7ec7c00: 76ff ffff | 488b 6c24 | 4844 8b54 | 2440 4489 | 5424 284c | 895c 2440 | 895c 2448 | 4489 4c24 
  0x000001fec7ec7c20: 5066 6690 

  0x000001fec7ec7c24: ;   {runtime_call UncommonTrapBlob}
  0x000001fec7ec7c24: c5f8 77e8 

  0x000001fec7ec7c28: ; ImmutableOopMap {rbp=Oop [32]=Oop [40]=NarrowOop [48]=Oop [64]=Oop [72]=NarrowOop }
                      ;*if_icmpge {reexecute=1 rethrow=0 return_oop=0}
                      ; - (reexecute) jdk.internal.loader.Resource::getBytes@50
                      ; - jdk.internal.loader.URLClassPath$JarLoader$2::getBytes@1
                      ; - jdk.internal.loader.BuiltinClassLoader::defineClass@84
  0x000001fec7ec7c28: d4c9 8cff 

  0x000001fec7ec7c2c: ;   {other}
  0x000001fec7ec7c2c: 0f1f 8400 | 9c68 006b | 4c3b eb0f | 84c4 2100 | 0041 807f | 4000 0f85 | 2127 0000 | 4189 7524 
  0x000001fec7ec7c4c: 4d8b d64d | 8bdd 4d33 | d349 c1ea | 154d 85d2 | 741e 85f6 | 741a 49c1 | eb09 48b9 | 00d0 6bcc 
  0x000001fec7ec7c6c: fe01 0000 | 4903 cb80 | 3902 0f85 | 2427 0000 | 4180 7f40 | 000f 85a5 | 2600 004c | 8bc3 4589 
  0x000001fec7ec7c8c: 6020 4c8b | 8424 8000 | 0000 458b | 5814 41ff | cb45 8958 | 14eb 410f | 1f80 0000 | 0000 660f 
  0x000001fec7ec7cac: 1f44 0000 | 4d8d 04f4 | 4d8b eb4d | 8bd8 418b | 7324 4c8b | f649 c1e6 | 034c 3bdb | 0f84 66ff 
  0x000001fec7ec7ccc: ffff 4d8b | 8758 0400 

  0x000001fec7ec7cd4: ; ImmutableOopMap {r10=Oop rdi=Derived_oop_r10 r11=Oop rbx=Oop rsi=NarrowOop r14=Oop [40]=Oop [48]=Oop [56]=NarrowOop [60]=NarrowOop [64]=NarrowOop [72]=Oop [80]=Oop [88]=Oop [96]=Oop [104]=Oop [112]=Oop [120]=Oop [128]=Oop [144]=Oop }
                      ;*goto {reexecute=1 rethrow=0 return_oop=0}
                      ; - (reexecute) java.util.WeakHashMap::expungeStaleEntries@120
                      ; - java.util.WeakHashMap::getTable@1
                      ; - java.util.WeakHashMap::put@13
                      ; - java.util.Collections$SetFromMap::add@8
                      ; - java.util.zip.ZipFile::getInputStream@231
                      ; - java.util.jar.JarFile::getInputStream@21
                      ; - jdk.internal.loader.URLClassPath$JarLoader$2::getInputStream@11
                      ; - jdk.internal.loader.Resource::cachedInputStream@9
                      ; - jdk.internal.loader.Resource::getByteBuffer@1
                      ; - jdk.internal.loader.BuiltinClassLoader::defineClass@45
                      ;   {poll}
  0x000001fec7ec7cd4: 0041 8500 | 85f6 75d4 | 4c8b 8424 | 8000 0000 | 4c8b 9c24 | 9000 0000 | 488d 8424 | 1001 0000 
  0x000001fec7ec7cf4: 4883 3800 | 0f84 7900 | 0000 4d8b | 1341 f6c2 | 020f 8462 | 0000 0049 | 83ba 8600 | 0000 0074 
  0x000001fec7ec7d14: 0949 ff8a | 8600 0000 | eb4b 498b | 8296 0000 | 0049 0b82 | 8e00 0000 | 750a 49c7 | 423e 0000 
  0x000001fec7ec7d34: 0000 eb3d | 4983 ba9e | 0000 0000 | 7422 4833 | c049 c742 | 3e00 0000 | 00f0 8304 | 2400 4983 
  0x000001fec7ec7d54: ba9e 0000 | 0000 750d | f04d 0fb1 | 7a3e 7505 | 83c8 01eb | 0ca8 00eb | 084c 8b10 | f04d 0fb1 
  0x000001fec7ec7d74: 1375 0a49 | ff8f 5005 | 0000 4533 | d20f 85b5 | 2900 0041 | 8b68 2845 | 8b54 ec08 

  0x000001fec7ec7d90: ;   {metadata('java/lang/ref/ReferenceQueue')}
  0x000001fec7ec7d90: 4181 fa68 | 3706 000f | 85d3 2900 | 004d 8d14 | ec4d 8bca | 453b 610c | 0f85 fe23 | 0000 8b5c 
  0x000001fec7ec7db0: 243c 4c8b | 5424 684c | 8b5c 2478 | 8b4c 2444 | e9b0 beff | ff33 ed85 | db40 0f94 | c5ba 45ff 
  0x000001fec7ec7dd0: ffff 4c8b | 5424 284c | 8954 2420 | 894c 2444 

  0x000001fec7ec7de0: ;   {runtime_call UncommonTrapBlob}
  0x000001fec7ec7de0: c5f8 77e8 

  0x000001fec7ec7de4: ; ImmutableOopMap {[32]=Oop [48]=Oop [56]=Oop [64]=NarrowOop }
                      ;*ifeq {reexecute=1 rethrow=0 return_oop=0}
                      ; - (reexecute) java.lang.String::lastIndexOf@4
                      ; - java.lang.String::lastIndexOf@8
                      ; - jdk.internal.loader.BuiltinClassLoader::defineClass@8
  0x000001fec7ec7de4: 18c8 8cff 

  0x000001fec7ec7de8: ;   {other}
  0x000001fec7ec7de8: 0f1f 8400 | 586a 006d | ba45 ffff | ff44 895c | 2420 4489 | 5c24 2444 | 8944 2450 

  0x000001fec7ec7e04: ;   {runtime_call UncommonTrapBlob}
  0x000001fec7ec7e04: c5f8 77e8 

  0x000001fec7ec7e08: ; ImmutableOopMap {[40]=Oop [48]=Oop [56]=Oop [64]=NarrowOop }
                      ;*if_icmpgt {reexecute=1 rethrow=0 return_oop=0}
                      ; - (reexecute) jdk.internal.util.Preconditions::checkFromToIndex@6
                      ; - java.lang.String::checkBoundsBeginEnd@6
                      ; - java.lang.String::substring@8
                      ; - jdk.internal.loader.BuiltinClassLoader::defineClass@23
  0x000001fec7ec7e08: f4c7 8cff 

  0x000001fec7ec7e0c: ;   {other}
  0x000001fec7ec7e0c: 0f1f 8400 | 7c6a 006e | 4c89 4c24 | 2049 8bd7 | c5f8 7749 | ba60 dd6f | 04fc 7f00 | 0041 ffd2 
  0x000001fec7ec7e2c: ;   {other}
  0x000001fec7ec7e2c: 0f1f 8400 | 0000 0000 | 4c8b 4c24 | 20e9 69a5 | ffff ba45 | ffff ff48 | 8b6c 2448 | 4c8b 5424 
  0x000001fec7ec7e4c: 304c 8954 | 2420 4c8b | 5424 384c | 8954 2428 | 448b 5424 | 4044 8954 | 2430 4489 | 4424 4490 
  0x000001fec7ec7e6c: ;   {runtime_call UncommonTrapBlob}
  0x000001fec7ec7e6c: c5f8 77e8 

  0x000001fec7ec7e70: ; ImmutableOopMap {rbp=Oop [32]=Oop [40]=Oop [48]=NarrowOop [88]=Oop [120]=Oop }
                      ;*ifle {reexecute=1 rethrow=0 return_oop=0}
                      ; - (reexecute) java.util.concurrent.ConcurrentHashMap::get@23
                      ; - java.lang.ClassLoader::getDefinedPackage@13
                      ; - jdk.internal.loader.BuiltinClassLoader::getAndVerifyPackage@2
                      ; - jdk.internal.loader.BuiltinClassLoader::defineOrCheckPackage@4
                      ; - jdk.internal.loader.ClassLoaders$AppClassLoader::defineOrCheckPackage@4
                      ; - jdk.internal.loader.BuiltinClassLoader::defineClass@40
  0x000001fec7ec7e70: 8cc7 8cff 

  0x000001fec7ec7e74: ;   {other}
  0x000001fec7ec7e74: 0f1f 8400 | e46a 006f | ba45 ffff | ff41 8beb | 4c8b 5424 | 284c 8954 | 2420 4c8b | 5424 304c 
  0x000001fec7ec7e94: 8954 2428 | 4c8b 5424 | 384c 8954 | 2430 6690 

  0x000001fec7ec7ea4: ;   {runtime_call UncommonTrapBlob}
  0x000001fec7ec7ea4: c5f8 77e8 

  0x000001fec7ec7ea8: ; ImmutableOopMap {[32]=Oop [40]=Oop [48]=Oop [64]=NarrowOop }
                      ;*if_icmpeq {reexecute=1 rethrow=0 return_oop=0}
                      ; - (reexecute) jdk.internal.loader.BuiltinClassLoader::defineClass@16
  0x000001fec7ec7ea8: 54c7 8cff 

  0x000001fec7ec7eac: ;   {other}
  0x000001fec7ec7eac: 0f1f 8400 | 1c6b 0070 | ba45 ffff | ff44 895c | 2420 4489 | 5c24 2444 | 8944 2450 | 4489 4424 
  0x000001fec7ec7ecc: 5466 6690 

  0x000001fec7ec7ed0: ;   {runtime_call UncommonTrapBlob}
  0x000001fec7ec7ed0: c5f8 77e8 

  0x000001fec7ec7ed4: ; ImmutableOopMap {[40]=Oop [48]=Oop [56]=Oop [64]=NarrowOop }
                      ;*if_icmple {reexecute=1 rethrow=0 return_oop=0}
                      ; - (reexecute) jdk.internal.util.Preconditions::checkFromToIndex@11
                      ; - java.lang.String::checkBoundsBeginEnd@6
                      ; - java.lang.String::substring@8
                      ; - jdk.internal.loader.BuiltinClassLoader::defineClass@23
  0x000001fec7ec7ed4: 28c7 8cff 

  0x000001fec7ec7ed8: ;   {other}
  0x000001fec7ec7ed8: 0f1f 8400 | 486b 0071 | 4c63 d5e9 | 81d2 ffff | ba76 ffff | ff48 8b6c | 2448 4c8b | 4424 304c 
  0x000001fec7ec7ef8: 8944 2420 | 4c8b 4424 | 384c 8944 | 2428 448b | 4424 4044 | 8944 2430 | 4c89 7424 | 404c 895c 
  0x000001fec7ec7f18: 2460 4489 | 5424 684c | 8974 2478 | 895c 246c | 89bc 2484 | 0000 0090 

  0x000001fec7ec7f30: ;   {runtime_call UncommonTrapBlob}
  0x000001fec7ec7f30: c5f8 77e8 

  0x000001fec7ec7f34: ; ImmutableOopMap {rbp=Oop [32]=Oop [40]=Oop [48]=NarrowOop [64]=Oop [88]=Oop [96]=Oop [104]=NarrowOop [108]=NarrowOop [120]=Oop }
                      ;*if_icmpge {reexecute=1 rethrow=0 return_oop=0}
                      ; - (reexecute) java.lang.StringLatin1::replace@19
                      ; - java.lang.String::replace@18
                      ; - jdk.internal.loader.BuiltinClassLoader::isSealed@9
                      ; - jdk.internal.loader.BuiltinClassLoader::getAndVerifyPackage@70
                      ; - jdk.internal.loader.BuiltinClassLoader::defineOrCheckPackage@4
                      ; - jdk.internal.loader.ClassLoaders$AppClassLoader::defineOrCheckPackage@4
                      ; - jdk.internal.loader.BuiltinClassLoader::defineClass@40
  0x000001fec7ec7f34: c8c6 8cff 

  0x000001fec7ec7f38: ;   {other}
  0x000001fec7ec7f38: 0f1f 8400 | a86b 0072 | 33ed 85d2 | 400f 96c5 | ba45 ffff | ff4c 8b54 | 2448 4c89 | 5424 204c 
  0x000001fec7ec7f58: 8b54 2430 | 4c89 5424 | 284c 8b54 | 2438 4c89 | 5424 3044 | 8b54 2440 | 458b da44 | 895c 243c 
  0x000001fec7ec7f78: 4c89 7424 | 684c 89b4 | 2480 0000 | 0044 896c | 2444 6690 

  0x000001fec7ec7f8c: ;   {runtime_call UncommonTrapBlob}
  0x000001fec7ec7f8c: c5f8 77e8 

  0x000001fec7ec7f90: ; ImmutableOopMap {[32]=Oop [40]=Oop [48]=Oop [60]=NarrowOop [64]=NarrowOop [68]=NarrowOop [88]=Oop [104]=Oop [128]=Oop }
                      ;*ifeq {reexecute=1 rethrow=0 return_oop=0}
                      ; - (reexecute) java.lang.ClassLoader::definePackage@4
                      ; - java.lang.ClassLoader::getDefinedPackage@32
                      ; - jdk.internal.loader.BuiltinClassLoader::getAndVerifyPackage@2
                      ; - jdk.internal.loader.BuiltinClassLoader::defineOrCheckPackage@4
                      ; - jdk.internal.loader.ClassLoaders$AppClassLoader::defineOrCheckPackage@4
                      ; - jdk.internal.loader.BuiltinClassLoader::defineClass@40
  0x000001fec7ec7f90: 6cc6 8cff 

  0x000001fec7ec7f94: ;   {other}
  0x000001fec7ec7f94: 0f1f 8400 | 046c 0073 | 33ed 85d2 | 400f 96c5 | ba45 ffff | ff4c 8b44 | 2430 4c89 | 4424 284c 
  0x000001fec7ec7fb4: 8b44 2438 | 4c89 4424 | 3044 8b4c | 2440 4489 | 4c24 3c4c | 8974 2440 | 4c89 5c24 | 6044 8954 
  0x000001fec7ec7fd4: 2470 6690 

  0x000001fec7ec7fd8: ;   {runtime_call UncommonTrapBlob}
  0x000001fec7ec7fd8: c5f8 77e8 

  0x000001fec7ec7fdc: ; ImmutableOopMap {[40]=Oop [48]=Oop [60]=NarrowOop [64]=Oop [72]=Oop [88]=Oop [96]=Oop [112]=NarrowOop }
                      ;*ifeq {reexecute=1 rethrow=0 return_oop=0}
                      ; - (reexecute) java.lang.StringConcatHelper::simpleConcat@14
                      ; - java.lang.String::concat@11
                      ; - jdk.internal.loader.BuiltinClassLoader::isSealed@14
                      ; - jdk.internal.loader.BuiltinClassLoader::getAndVerifyPackage@70
                      ; - jdk.internal.loader.BuiltinClassLoader::defineOrCheckPackage@4
                      ; - jdk.internal.loader.ClassLoaders$AppClassLoader::defineOrCheckPackage@4
                      ; - jdk.internal.loader.BuiltinClassLoader::defineClass@40
  0x000001fec7ec7fdc: 20c6 8cff 

  0x000001fec7ec7fe0: ;   {other}
  0x000001fec7ec7fe0: 0f1f 8400 | 506c 0074 | bacc ffff | ff48 8b6c | 2448 4c8b | 5424 304c | 8954 2420 | 4c8b 5424 
  0x000001fec7ec8000: 384c 8954 | 2430 448b | 5424 4044 | 8954 2438 | 448b 5424 | 4444 8954 | 2440 4c8b | 9424 9000 
  0x000001fec7ec8020: 0000 4c89 | 5424 7848 | 899c 2490 | 0000 0090 

  0x000001fec7ec8030: ;   {runtime_call UncommonTrapBlob}
  0x000001fec7ec8030: c5f8 77e8 

  0x000001fec7ec8034: ; ImmutableOopMap {rbp=Oop [32]=Oop [40]=Oop [48]=Oop [56]=NarrowOop [64]=NarrowOop [88]=Oop [104]=Oop [120]=Oop [144]=Oop }
                      ;*invokestatic arraycopy {reexecute=0 rethrow=0 return_oop=0}
                      ; - java.lang.String::getBytes@22
                      ; - java.lang.StringConcatHelper::prepend@21
                      ; - java.lang.StringConcatHelper::simpleConcat@71
                      ; - java.lang.String::concat@11
                      ; - jdk.internal.loader.BuiltinClassLoader::isSealed@14
                      ; - jdk.internal.loader.BuiltinClassLoader::getAndVerifyPackage@70
                      ; - jdk.internal.loader.BuiltinClassLoader::defineOrCheckPackage@4
                      ; - jdk.internal.loader.ClassLoaders$AppClassLoader::defineOrCheckPackage@4
                      ; - jdk.internal.loader.BuiltinClassLoader::defineClass@40
  0x000001fec7ec8034: c8c5 8cff 

  0x000001fec7ec8038: ;   {other}
  0x000001fec7ec8038: 0f1f 8400 | a86c 0075 | bacc ffff | ff48 8bac | 2488 0000 | 0048 899c | 2490 0000 | 0066 6690 
  0x000001fec7ec8058: ;   {runtime_call UncommonTrapBlob}
  0x000001fec7ec8058: c5f8 77e8 

  0x000001fec7ec805c: ; ImmutableOopMap {rbp=Oop [40]=Oop [48]=Oop [56]=Oop [64]=NarrowOop [68]=NarrowOop [72]=Oop [88]=Oop [104]=Oop [144]=Oop }
                      ;*invokestatic arraycopy {reexecute=0 rethrow=0 return_oop=0}
                      ; - java.lang.String::getBytes@22
                      ; - java.lang.StringConcatHelper::prepend@21
                      ; - java.lang.StringConcatHelper::simpleConcat@81
                      ; - java.lang.String::concat@11
                      ; - jdk.internal.loader.BuiltinClassLoader::isSealed@14
                      ; - jdk.internal.loader.BuiltinClassLoader::getAndVerifyPackage@70
                      ; - jdk.internal.loader.BuiltinClassLoader::defineOrCheckPackage@4
                      ; - jdk.internal.loader.ClassLoaders$AppClassLoader::defineOrCheckPackage@4
                      ; - jdk.internal.loader.BuiltinClassLoader::defineClass@40
  0x000001fec7ec805c: a0c5 8cff 

  0x000001fec7ec8060: ;   {other}
  0x000001fec7ec8060: 0f1f 8400 | d06c 0076 | bade ffff | ff48 8b6c | 2448 4c8b | 5424 304c | 8954 2420 | 4c8b 5424 
  0x000001fec7ec8080: 384c 8954 | 2430 448b | 5424 4044 | 8954 2438 | 4889 7424 | 7866 6690 

  0x000001fec7ec8098: ;   {runtime_call UncommonTrapBlob}
  0x000001fec7ec8098: c5f8 77e8 

  0x000001fec7ec809c: ; ImmutableOopMap {rbp=Oop [32]=Oop [40]=Oop [48]=Oop [56]=NarrowOop [68]=NarrowOop [88]=Oop [104]=Oop [120]=Oop }
                      ;*invokeinterface getTrustedAttributes {reexecute=0 rethrow=0 return_oop=0}
                      ; - jdk.internal.loader.BuiltinClassLoader::isSealed@17
                      ; - jdk.internal.loader.BuiltinClassLoader::getAndVerifyPackage@70
                      ; - jdk.internal.loader.BuiltinClassLoader::defineOrCheckPackage@4
                      ; - jdk.internal.loader.ClassLoaders$AppClassLoader::defineOrCheckPackage@4
                      ; - jdk.internal.loader.BuiltinClassLoader::defineClass@40
  0x000001fec7ec809c: 60c5 8cff 

  0x000001fec7ec80a0: ;   {other}
  0x000001fec7ec80a0: 0f1f 8400 | 106d 0077 | bade ffff | ff4c 8b54 | 2468 4c89 | 5424 6048 | 894c 2468 | 4889 4c24 
  0x000001fec7ec80c0: 7048 89b4 | 2480 0000 | 0066 6690 

  0x000001fec7ec80cc: ;   {runtime_call UncommonTrapBlob}
  0x000001fec7ec80cc: c5f8 77e8 

  0x000001fec7ec80d0: ; ImmutableOopMap {rbp=NarrowOop [40]=Oop [48]=Oop [56]=Oop [64]=NarrowOop [72]=Oop [96]=Oop [104]=Oop [112]=Oop [128]=Oop }
                      ;*invokeinterface get {reexecute=0 rethrow=0 return_oop=0}
                      ; - java.util.jar.Manifest::getAttributes@5
                      ; - java.util.jar.Manifest::getTrustedAttributes@2
                      ; - java.util.jar.JavaUtilJarAccessImpl::getTrustedAttributes@2
                      ; - jdk.internal.loader.BuiltinClassLoader::isSealed@17
                      ; - jdk.internal.loader.BuiltinClassLoader::getAndVerifyPackage@70
                      ; - jdk.internal.loader.BuiltinClassLoader::defineOrCheckPackage@4
                      ; - jdk.internal.loader.ClassLoaders$AppClassLoader::defineOrCheckPackage@4
                      ; - jdk.internal.loader.BuiltinClassLoader::defineClass@40
  0x000001fec7ec80d0: 2cc5 8cff 

  0x000001fec7ec80d4: ;   {other}
  0x000001fec7ec80d4: 0f1f 8400 | 446d 0078 | 498b d7c5 | f877 49ba | 60dd 6f04 | fc7f 0000 

  0x000001fec7ec80ec: ;   {other}
  0x000001fec7ec80ec: 41ff d20f | 1f84 0000 | 0000 00e9 | bda0 ffff | ba76 ffff | ff4c 8954 | 2420 448b | 5c24 7c44 
  0x000001fec7ec810c: 895c 2478 

  0x000001fec7ec8110: ;   {runtime_call UncommonTrapBlob}
  0x000001fec7ec8110: c5f8 77e8 

  0x000001fec7ec8114: ; ImmutableOopMap {[32]=Oop [48]=Oop [56]=Oop [64]=NarrowOop [68]=NarrowOop [72]=Oop [80]=Oop [88]=Oop [104]=Oop [120]=NarrowOop }
                      ;*if_icmpge {reexecute=1 rethrow=0 return_oop=0}
                      ; - (reexecute) java.lang.StringLatin1::replace@82
                      ; - java.lang.String::replace@18
                      ; - jdk.internal.loader.BuiltinClassLoader::isSealed@9
                      ; - jdk.internal.loader.BuiltinClassLoader::getAndVerifyPackage@70
                      ; - jdk.internal.loader.BuiltinClassLoader::defineOrCheckPackage@4
                      ; - jdk.internal.loader.ClassLoaders$AppClassLoader::defineOrCheckPackage@4
                      ; - jdk.internal.loader.BuiltinClassLoader::defineClass@40
  0x000001fec7ec8114: e8c4 8cff 

  0x000001fec7ec8118: ;   {other}
  0x000001fec7ec8118: 0f1f 8400 | 886d 0079 | baf6 ffff | ff49 8bed | 4489 5c24 | 2066 6690 

  0x000001fec7ec8130: ;   {runtime_call UncommonTrapBlob}
  0x000001fec7ec8130: c5f8 77e8 

  0x000001fec7ec8134: ; ImmutableOopMap {rbp=Oop [32]=NarrowOop }
                      ;*invokevirtual getInputStream {reexecute=0 rethrow=0 return_oop=0}
                      ; - jdk.internal.loader.URLClassPath$JarLoader$2::getInputStream@11
                      ; - jdk.internal.loader.Resource::cachedInputStream@9
                      ; - jdk.internal.loader.Resource::getByteBuffer@1
                      ; - jdk.internal.loader.BuiltinClassLoader::defineClass@45
  0x000001fec7ec8134: c8c4 8cff 

  0x000001fec7ec8138: ;   {other}
  0x000001fec7ec8138: 0f1f 8400 | a86d 007a | bae4 ffff | ff48 8b6c | 2448 4c8b | 5424 304c | 8954 2420 | 448b 4424 
  0x000001fec7ec8158: 4044 8944 | 2430 4889 | 4424 f88b | 4424 3889 | 4424 3448 | 8b44 24f8 | 4c8b 5424 | 784c 8954 
  0x000001fec7ec8178: 2470 4489 | 9c24 8400 | 0000 4489 | 9c24 9400 | 0000 899c | 2498 0000 | 0089 9c24 | a000 0000 
  0x000001fec7ec8198: ;   {runtime_call UncommonTrapBlob}
  0x000001fec7ec8198: c5f8 77e8 

  0x000001fec7ec819c: ; ImmutableOopMap {rbp=Oop [32]=Oop [40]=Oop [48]=NarrowOop [52]=NarrowOop [60]=NarrowOop [68]=NarrowOop [112]=Oop [132]=NarrowOop [148]=NarrowOop }
                      ;*baload {reexecute=0 rethrow=0 return_oop=0}
                      ; - java.util.zip.ZipUtils::SH@2
                      ; - java.util.zip.ZipUtils::LG@2
                      ; - java.util.zip.ZipUtils::CENSIZ@5
                      ; - java.util.zip.ZipFile$ZipFileInputStream::<init>@12
                      ; - java.util.zip.ZipFile::getInputStream@88
                      ; - java.util.jar.JarFile::getInputStream@21
                      ; - jdk.internal.loader.URLClassPath$JarLoader$2::getInputStream@11
                      ; - jdk.internal.loader.Resource::cachedInputStream@9
                      ; - jdk.internal.loader.Resource::getByteBuffer@1
                      ; - jdk.internal.loader.BuiltinClassLoader::defineClass@45
  0x000001fec7ec819c: 60c4 8cff 

  0x000001fec7ec81a0: ;   {other}
  0x000001fec7ec81a0: 0f1f 8400 | 106e 007b | 8b6c 2468 | 83c5 15ba | e4ff ffff | 4c8b 5424 | 484c 8954 | 2420 c5fa 
  0x000001fec7ec81c0: 118c 2498 | 0000 0089 | 9c24 9c00 | 0000 c5fa | 118c 24a0 | 0000 0090 

  0x000001fec7ec81d8: ;   {runtime_call UncommonTrapBlob}
  0x000001fec7ec81d8: c5f8 77e8 

  0x000001fec7ec81dc: ; ImmutableOopMap {[32]=Oop [40]=Oop [48]=Oop [56]=NarrowOop [60]=NarrowOop [64]=NarrowOop [68]=NarrowOop [120]=Oop [152]=NarrowOop [160]=NarrowOop }
                      ;*baload {reexecute=0 rethrow=0 return_oop=0}
                      ; - java.util.zip.ZipUtils::SH@11
                      ; - java.util.zip.ZipUtils::LG@2
                      ; - java.util.zip.ZipUtils::CENSIZ@5
                      ; - java.util.zip.ZipFile$ZipFileInputStream::<init>@12
                      ; - java.util.zip.ZipFile::getInputStream@88
                      ; - java.util.jar.JarFile::getInputStream@21
                      ; - jdk.internal.loader.URLClassPath$JarLoader$2::getInputStream@11
                      ; - jdk.internal.loader.Resource::cachedInputStream@9
                      ; - jdk.internal.loader.Resource::getByteBuffer@1
                      ; - jdk.internal.loader.BuiltinClassLoader::defineClass@45
  0x000001fec7ec81dc: 20c4 8cff 

  0x000001fec7ec81e0: ;   {other}
  0x000001fec7ec81e0: 0f1f 8400 | 506e 007c | bae4 ffff | ff48 8b6c | 2448 4c8b | 5424 304c | 8954 2420 | 448b 5c24 
  0x000001fec7ec8200: 4044 895c | 2430 4889 | 4424 f88b | 4424 6889 | 4424 6048 | 8b44 24f8 | 4c8b 5424 | 784c 8954 
  0x000001fec7ec8220: 2468 894c | 2478 4489 | 4424 7c90 

  0x000001fec7ec822c: ;   {runtime_call UncommonTrapBlob}
  0x000001fec7ec822c: c5f8 77e8 

  0x000001fec7ec8230: ; ImmutableOopMap {rbp=Oop [32]=Oop [40]=Oop [48]=NarrowOop [56]=NarrowOop [60]=NarrowOop [68]=NarrowOop [104]=Oop [120]=NarrowOop }
                      ;*baload {reexecute=0 rethrow=0 return_oop=0}
                      ; - java.util.zip.ZipUtils::SH@2
                      ; - java.util.zip.ZipUtils::CENHOW@5
                      ; - java.util.zip.ZipFile::getInputStream@98
                      ; - java.util.jar.JarFile::getInputStream@21
                      ; - jdk.internal.loader.URLClassPath$JarLoader$2::getInputStream@11
                      ; - jdk.internal.loader.Resource::cachedInputStream@9
                      ; - jdk.internal.loader.Resource::getByteBuffer@1
                      ; - jdk.internal.loader.BuiltinClassLoader::defineClass@45
  0x000001fec7ec8230: ccc3 8cff 

  0x000001fec7ec8234: ;   {other}
  0x000001fec7ec8234: 0f1f 8400 | a46e 007d | 8b6c 2468 | 83c5 0bba | e4ff ffff | 4c8b 5424 | 484c 8954 | 2420 4c8b 
  0x000001fec7ec8254: 5424 784c | 8954 2470 | 4489 4424 | 7889 4c24 | 7c66 6690 

  0x000001fec7ec8268: ;   {runtime_call UncommonTrapBlob}
  0x000001fec7ec8268: c5f8 77e8 

  0x000001fec7ec826c: ; ImmutableOopMap {[32]=Oop [40]=Oop [48]=Oop [56]=NarrowOop [60]=NarrowOop [64]=NarrowOop [68]=NarrowOop [112]=Oop [124]=NarrowOop }
                      ;*baload {reexecute=0 rethrow=0 return_oop=0}
                      ; - java.util.zip.ZipUtils::SH@11
                      ; - java.util.zip.ZipUtils::CENHOW@5
                      ; - java.util.zip.ZipFile::getInputStream@98
                      ; - java.util.jar.JarFile::getInputStream@21
                      ; - jdk.internal.loader.URLClassPath$JarLoader$2::getInputStream@11
                      ; - jdk.internal.loader.Resource::cachedInputStream@9
                      ; - jdk.internal.loader.Resource::getByteBuffer@1
                      ; - jdk.internal.loader.BuiltinClassLoader::defineClass@45
  0x000001fec7ec826c: 90c3 8cff 

  0x000001fec7ec8270: ;   {other}
  0x000001fec7ec8270: 0f1f 8400 | e06e 007e | baf6 ffff | ff48 8b6c | 2448 4c8b | 4424 304c | 8944 2420 | 448b 4c24 
  0x000001fec7ec8290: 4044 894c | 2430 448b | 4424 4444 | 8944 2440 | 4489 5c24 | 4444 895c | 2460 894c | 2464 4889 
  0x000001fec7ec82b0: 4424 6844 | 8994 2480 | 0000 0090 

  0x000001fec7ec82bc: ;   {runtime_call UncommonTrapBlob}
  0x000001fec7ec82bc: c5f8 77e8 

  0x000001fec7ec82c0: ; ImmutableOopMap {rbp=Oop [32]=Oop [40]=Oop [48]=NarrowOop [64]=NarrowOop [68]=NarrowOop [96]=NarrowOop [104]=Oop [120]=Oop [128]=NarrowOop }
                      ;*monitorenter {reexecute=0 rethrow=0 return_oop=0}
                      ; - java.util.zip.ZipFile$CleanableResource::getInflater@6
                      ; - java.util.zip.ZipFile$ZipFileInflaterInputStream::<init>@5
                      ; - java.util.zip.ZipFile::getInputStream@216
                      ; - java.util.jar.JarFile::getInputStream@21
                      ; - jdk.internal.loader.URLClassPath$JarLoader$2::getInputStream@11
                      ; - jdk.internal.loader.Resource::cachedInputStream@9
                      ; - jdk.internal.loader.Resource::getByteBuffer@1
                      ; - jdk.internal.loader.BuiltinClassLoader::defineClass@45
  0x000001fec7ec82c0: 3cc3 8cff 

  0x000001fec7ec82c4: ;   {other}
  0x000001fec7ec82c4: 0f1f 8400 | 346f 007f | bae4 ffff | ff48 8b6c | 2448 4c8b | 5424 304c | 8954 2420 | 448b 5424 
  0x000001fec7ec82e4: 4044 8954 | 2430 448b | 5424 3844 | 8954 2434 | 4889 4424 | f88b 4424 | 4489 4424 | 4048 8b44 
  0x000001fec7ec8304: 24f8 448b | 9c24 8400 | 0000 4489 | 5c24 7448 | 899c 2488 | 0000 0044 | 8984 2498 | 0000 0089 
  0x000001fec7ec8324: bc24 9c00 | 0000 6690 

  0x000001fec7ec832c: ;   {runtime_call UncommonTrapBlob}
  0x000001fec7ec832c: c5f8 77e8 

  0x000001fec7ec8330: ; ImmutableOopMap {rbp=Oop [32]=Oop [40]=Oop [48]=NarrowOop [52]=NarrowOop [60]=NarrowOop [64]=NarrowOop [104]=Oop [120]=Oop [128]=NarrowOop [136]=Oop [152]=NarrowOop }
                      ;*aaload {reexecute=0 rethrow=0 return_oop=0}
                      ; - java.util.ArrayDeque::elementAt@2
                      ; - java.util.ArrayDeque::pollFirst@12
                      ; - java.util.ArrayDeque::poll@1
                      ; - java.util.zip.ZipFile$CleanableResource::getInflater@11
                      ; - java.util.zip.ZipFile$ZipFileInflaterInputStream::<init>@5
                      ; - java.util.zip.ZipFile::getInputStream@216
                      ; - java.util.jar.JarFile::getInputStream@21
                      ; - jdk.internal.loader.URLClassPath$JarLoader$2::getInputStream@11
                      ; - jdk.internal.loader.Resource::cachedInputStream@9
                      ; - jdk.internal.loader.Resource::getByteBuffer@1
                      ; - jdk.internal.loader.BuiltinClassLoader::defineClass@45
  0x000001fec7ec8330: ccc2 8cff 

  0x000001fec7ec8334: ;   {other}
  0x000001fec7ec8334: 0f1f 8400 | a46f 0080 | 4863 cbe9 | abb5 ffff | baf6 ffff | ff48 8b6c | 2448 4c8b | 5424 304c 
  0x000001fec7ec8354: 8954 2420 | 448b 4424 | 4044 8944 | 2430 4c89 | 6c24 384c | 896c 2440 | 4489 5c24 | 3466 6690 
  0x000001fec7ec8374: ;   {runtime_call UncommonTrapBlob}
  0x000001fec7ec8374: c5f8 77e8 

  0x000001fec7ec8378: ; ImmutableOopMap {rbp=Oop [32]=Oop [48]=NarrowOop [52]=NarrowOop [56]=Oop [64]=Oop }
                      ;*invokevirtual getInputStream {reexecute=0 rethrow=0 return_oop=0}
                      ; - jdk.internal.loader.URLClassPath$JarLoader$2::getInputStream@11
                      ; - jdk.internal.loader.Resource::cachedInputStream@9
                      ; - jdk.internal.loader.Resource::getBytes@1
                      ; - jdk.internal.loader.URLClassPath$JarLoader$2::getBytes@1
                      ; - jdk.internal.loader.BuiltinClassLoader::defineClass@84
  0x000001fec7ec8378: 84c2 8cff 

  0x000001fec7ec837c: ;   {other}
  0x000001fec7ec837c: 0f1f 8400 | ec6f 0081 | bae4 ffff | ff48 8b6c | 2448 488b | 4c24 3048 | 894c 2420 | 8b74 2440 
  0x000001fec7ec839c: 8974 2430 | 4c89 6c24 | 384c 896c | 2440 4489 | 5424 6044 | 894c 2468 | 4889 4424 | f88b 4424 
  0x000001fec7ec83bc: 7889 4424 | 6c48 8b44 | 24f8 4489 | 5424 7048 | 89bc 2480 | 0000 0044 | 899c 2490 | 0000 0048 
  0x000001fec7ec83dc: 89bc 2498 | 0000 0044 | 8984 2494 | 0000 0044 | 8984 24a4 | 0000 0089 | 9c24 a800 | 0000 899c 
  0x000001fec7ec83fc: 24b0 0000 | 0066 6690 

  0x000001fec7ec8404: ;   {runtime_call UncommonTrapBlob}
  0x000001fec7ec8404: c5f8 77e8 

  0x000001fec7ec8408: ; ImmutableOopMap {rbp=Oop [32]=Oop [48]=NarrowOop [56]=Oop [64]=Oop [96]=NarrowOop [104]=NarrowOop [108]=NarrowOop [112]=NarrowOop [128]=Oop [148]=NarrowOop [152]=Oop [164]=NarrowOop }
                      ;*baload {reexecute=0 rethrow=0 return_oop=0}
                      ; - java.util.zip.ZipUtils::SH@2
                      ; - java.util.zip.ZipUtils::LG@2
                      ; - java.util.zip.ZipUtils::CENSIZ@5
                      ; - java.util.zip.ZipFile$ZipFileInputStream::<init>@12
                      ; - java.util.zip.ZipFile::getInputStream@88
                      ; - java.util.jar.JarFile::getInputStream@21
                      ; - jdk.internal.loader.URLClassPath$JarLoader$2::getInputStream@11
                      ; - jdk.internal.loader.Resource::cachedInputStream@9
                      ; - jdk.internal.loader.Resource::getBytes@1
                      ; - jdk.internal.loader.URLClassPath$JarLoader$2::getBytes@1
                      ; - jdk.internal.loader.BuiltinClassLoader::defineClass@84
  0x000001fec7ec8408: f4c1 8cff 

  0x000001fec7ec840c: ;   {other}
  0x000001fec7ec840c: 0f1f 8400 | 7c70 0082 | 8b6c 2444 | 83c5 15ba | e4ff ffff | 4c8b 5424 | 484c 8954 | 2420 899c 
  0x000001fec7ec842c: 24a8 0000 | 0089 8424 | ac00 0000 

  0x000001fec7ec8438: ;   {runtime_call UncommonTrapBlob}
  0x000001fec7ec8438: c5f8 77e8 

  0x000001fec7ec843c: ; ImmutableOopMap {[32]=Oop [40]=Oop [48]=Oop [56]=NarrowOop [60]=NarrowOop [64]=NarrowOop [88]=Oop [104]=NarrowOop [120]=NarrowOop }
                      ;*baload {reexecute=0 rethrow=0 return_oop=0}
                      ; - java.util.zip.ZipUtils::SH@11
                      ; - java.util.zip.ZipUtils::LG@2
                      ; - java.util.zip.ZipUtils::CENSIZ@5
                      ; - java.util.zip.ZipFile$ZipFileInputStream::<init>@12
                      ; - java.util.zip.ZipFile::getInputStream@88
                      ; - java.util.jar.JarFile::getInputStream@21
                      ; - jdk.internal.loader.URLClassPath$JarLoader$2::getInputStream@11
                      ; - jdk.internal.loader.Resource::cachedInputStream@9
                      ; - jdk.internal.loader.Resource::getBytes@1
                      ; - jdk.internal.loader.URLClassPath$JarLoader$2::getBytes@1
                      ; - jdk.internal.loader.BuiltinClassLoader::defineClass@84
  0x000001fec7ec843c: c0c1 8cff 

  0x000001fec7ec8440: ;   {other}
  0x000001fec7ec8440: 0f1f 8400 | b070 0083 | 4889 4c24 | 3844 895c | 242c 4489 | 5424 2849 | 8bed 488b | d14c 8d84 
  0x000001fec7ec8460: 24f8 0000 | 0066 6690 

  0x000001fec7ec8468: ;   {runtime_call _complete_monitor_locking_Java}
  0x000001fec7ec8468: c5f8 77e8 

  0x000001fec7ec846c: ; ImmutableOopMap {rbp=Oop [40]=NarrowOop [44]=NarrowOop [48]=Oop [56]=Oop [64]=NarrowOop [72]=Oop [80]=Oop [96]=Oop [112]=Oop }
                      ;*synchronization entry
                      ; - java.util.jar.JarFile::getInputStream@-1
                      ; - jdk.internal.loader.URLClassPath$JarLoader$2::getInputStream@11
                      ; - jdk.internal.loader.Resource::cachedInputStream@9
                      ; - jdk.internal.loader.Resource::getByteBuffer@1
                      ; - jdk.internal.loader.BuiltinClassLoader::defineClass@45
  0x000001fec7ec846c: 1012 99ff 

  0x000001fec7ec8470: ;   {other}
  0x000001fec7ec8470: 0f1f 8400 | e070 0084 | 4c8b ed44 | 8b54 2428 | 448b 5c24 | 2c48 8b4c | 2438 e91c | acff ffba 
  0x000001fec7ec8490: ecff ffff | 4c8b 4424 | 484c 8944 | 2420 4c8b | 4424 304c | 8944 2428 | 448b 4424 | 4044 8944 
  0x000001fec7ec84b0: 2438 4c89 | 6c24 404c | 896c 2448 | 4489 5c24 | 5844 8954 | 245c 4489 | 5424 6090 

  0x000001fec7ec84cc: ;   {runtime_call UncommonTrapBlob}
  0x000001fec7ec84cc: c5f8 77e8 

  0x000001fec7ec84d0: ; ImmutableOopMap {rbp=NarrowOop [32]=Oop [40]=Oop [56]=NarrowOop [64]=Oop [72]=Oop [88]=NarrowOop [92]=NarrowOop [96]=NarrowOop }
                      ;*ifnull {reexecute=1 rethrow=0 return_oop=0}
                      ; - (reexecute) java.util.jar.JarFile::maybeInstantiateVerifier@4
                      ; - java.util.jar.JarFile::getInputStream@9
                      ; - jdk.internal.loader.URLClassPath$JarLoader$2::getInputStream@11
                      ; - jdk.internal.loader.Resource::cachedInputStream@9
                      ; - jdk.internal.loader.Resource::getByteBuffer@1
                      ; - jdk.internal.loader.BuiltinClassLoader::defineClass@45
  0x000001fec7ec84d0: 2cc1 8cff 

  0x000001fec7ec84d4: ;   {other}
  0x000001fec7ec84d4: 0f1f 8400 | 4471 0085 | baec ffff | ff4c 8b44 | 2448 4c89 | 4424 204c | 8b44 2430 | 4c89 4424 
  0x000001fec7ec84f4: 2844 8b4c | 2440 4489 | 4c24 384c | 896c 2440 | 4c89 6c24 | 4844 895c | 2458 4489 | 5424 5c90 
  0x000001fec7ec8514: ;   {runtime_call UncommonTrapBlob}
  0x000001fec7ec8514: c5f8 77e8 

  0x000001fec7ec8518: ; ImmutableOopMap {rbp=NarrowOop [32]=Oop [40]=Oop [56]=NarrowOop [64]=Oop [72]=Oop [88]=NarrowOop [92]=NarrowOop }
                      ;*ifnonnull {reexecute=1 rethrow=0 return_oop=0}
                      ; - (reexecute) java.util.jar.JarFile::getInputStream@16
                      ; - jdk.internal.loader.URLClassPath$JarLoader$2::getInputStream@11
                      ; - jdk.internal.loader.Resource::cachedInputStream@9
                      ; - jdk.internal.loader.Resource::getByteBuffer@1
                      ; - jdk.internal.loader.BuiltinClassLoader::defineClass@45
  0x000001fec7ec8518: e4c0 8cff 

  0x000001fec7ec851c: ;   {other}
  0x000001fec7ec851c: 0f1f 8400 | 8c71 0086 | ba45 ffff | ff4c 8b54 | 2448 4c89 | 5424 2090 

  0x000001fec7ec8534: ;   {runtime_call UncommonTrapBlob}
  0x000001fec7ec8534: c5f8 77e8 

  0x000001fec7ec8538: ; ImmutableOopMap {[32]=Oop [40]=Oop [48]=Oop [56]=NarrowOop [60]=NarrowOop [64]=NarrowOop [68]=NarrowOop [120]=Oop }
                      ;*lookupswitch {reexecute=1 rethrow=0 return_oop=0}
                      ; - (reexecute) java.util.zip.ZipFile::getInputStream@101
                      ; - java.util.jar.JarFile::getInputStream@21
                      ; - jdk.internal.loader.URLClassPath$JarLoader$2::getInputStream@11
                      ; - jdk.internal.loader.Resource::cachedInputStream@9
                      ; - jdk.internal.loader.Resource::getByteBuffer@1
                      ; - jdk.internal.loader.BuiltinClassLoader::defineClass@45
  0x000001fec7ec8538: c4c0 8cff 

  0x000001fec7ec853c: ;   {other}
  0x000001fec7ec853c: 0f1f 8400 | ac71 0087 | 498b d34c | 8d84 2408 | 0100 0048 | 8b6c 2448 

  0x000001fec7ec8554: ;   {runtime_call _complete_monitor_locking_Java}
  0x000001fec7ec8554: c5f8 77e8 

  0x000001fec7ec8558: ; ImmutableOopMap {rbp=Oop [40]=Oop [48]=Oop [56]=NarrowOop [60]=NarrowOop [64]=NarrowOop [68]=NarrowOop [72]=Oop [80]=Oop [88]=Oop [96]=Oop [104]=Oop [112]=Oop [120]=Oop [128]=NarrowOop [136]=Oop [144]=Oop }
                      ;*monitorenter {reexecute=0 rethrow=0 return_oop=0}
                      ; - java.util.zip.ZipFile$CleanableResource::getInflater@6
                      ; - java.util.zip.ZipFile$ZipFileInflaterInputStream::<init>@5
                      ; - java.util.zip.ZipFile::getInputStream@216
                      ; - java.util.jar.JarFile::getInputStream@21
                      ; - jdk.internal.loader.URLClassPath$JarLoader$2::getInputStream@11
                      ; - jdk.internal.loader.Resource::cachedInputStream@9
                      ; - jdk.internal.loader.Resource::getByteBuffer@1
                      ; - jdk.internal.loader.BuiltinClassLoader::defineClass@45
  0x000001fec7ec8558: 2411 99ff 

  0x000001fec7ec855c: ;   {other}
  0x000001fec7ec855c: 0f1f 8400 | cc71 0088 | e9a8 b0ff | ffba deff | ffff 4c8b | 5424 484c | 8954 2420 

  0x000001fec7ec8578: ;   {runtime_call UncommonTrapBlob}
  0x000001fec7ec8578: c5f8 77e8 

  0x000001fec7ec857c: ; ImmutableOopMap {rbp=NarrowOop [32]=Oop [40]=Oop [48]=Oop [56]=NarrowOop [60]=NarrowOop [64]=NarrowOop [68]=NarrowOop [104]=Oop [120]=Oop [128]=NarrowOop }
                      ;*invokeinterface poll {reexecute=0 rethrow=0 return_oop=0}
                      ; - java.util.zip.ZipFile$CleanableResource::getInflater@11
                      ; - java.util.zip.ZipFile$ZipFileInflaterInputStream::<init>@5
                      ; - java.util.zip.ZipFile::getInputStream@216
                      ; - java.util.jar.JarFile::getInputStream@21
                      ; - jdk.internal.loader.URLClassPath$JarLoader$2::getInputStream@11
                      ; - jdk.internal.loader.Resource::cachedInputStream@9
                      ; - jdk.internal.loader.Resource::getByteBuffer@1
                      ; - jdk.internal.loader.BuiltinClassLoader::defineClass@45
  0x000001fec7ec857c: 80c0 8cff 

  0x000001fec7ec8580: ;   {other}
  0x000001fec7ec8580: 0f1f 8400 | f071 0089 | 4889 5424 | 3844 895c | 242c 4489 | 5424 2849 | 8bed 4c8d | 8424 f800 
  0x000001fec7ec85a0: 0000 6690 

  0x000001fec7ec85a4: ;   {runtime_call _complete_monitor_locking_Java}
  0x000001fec7ec85a4: c5f8 77e8 

  0x000001fec7ec85a8: ; ImmutableOopMap {rbp=Oop [40]=NarrowOop [44]=NarrowOop [48]=Oop [56]=Oop [64]=NarrowOop [72]=Oop [96]=Oop [112]=Oop }
                      ;*synchronization entry
                      ; - java.util.jar.JarFile::getInputStream@-1
                      ; - jdk.internal.loader.URLClassPath$JarLoader$2::getInputStream@11
                      ; - jdk.internal.loader.Resource::cachedInputStream@9
                      ; - jdk.internal.loader.Resource::getBytes@1
                      ; - jdk.internal.loader.URLClassPath$JarLoader$2::getBytes@1
                      ; - jdk.internal.loader.BuiltinClassLoader::defineClass@84
  0x000001fec7ec85a8: d410 99ff 

  0x000001fec7ec85ac: ;   {other}
  0x000001fec7ec85ac: 0f1f 8400 | 1c72 008a | 4c8b ed44 | 8b54 2428 | 448b 5c24 | 2c48 8b54 | 2438 e9ae | bcff ffba 
  0x000001fec7ec85cc: ecff ffff | 4c8b 4424 | 484c 8944 | 2420 4c8b | 4424 304c | 8944 2428 | 448b 4c24 | 4044 894c 
  0x000001fec7ec85ec: 2438 4c89 | 6c24 404c | 896c 2448 | 4489 5c24 | 6844 8954 | 246c 4489 | 5424 7090 

  0x000001fec7ec8608: ;   {runtime_call UncommonTrapBlob}
  0x000001fec7ec8608: c5f8 77e8 

  0x000001fec7ec860c: ; ImmutableOopMap {rbp=NarrowOop [32]=Oop [40]=Oop [56]=NarrowOop [64]=Oop [72]=Oop [104]=NarrowOop [108]=NarrowOop [112]=NarrowOop }
                      ;*ifnull {reexecute=1 rethrow=0 return_oop=0}
                      ; - (reexecute) java.util.jar.JarFile::maybeInstantiateVerifier@4
                      ; - java.util.jar.JarFile::getInputStream@9
                      ; - jdk.internal.loader.URLClassPath$JarLoader$2::getInputStream@11
                      ; - jdk.internal.loader.Resource::cachedInputStream@9
                      ; - jdk.internal.loader.Resource::getBytes@1
                      ; - jdk.internal.loader.URLClassPath$JarLoader$2::getBytes@1
                      ; - jdk.internal.loader.BuiltinClassLoader::defineClass@84
  0x000001fec7ec860c: f0bf 8cff 

  0x000001fec7ec8610: ;   {other}
  0x000001fec7ec8610: 0f1f 8400 | 8072 008b | baec ffff | ff4c 8b44 | 2448 4c89 | 4424 204c | 8b44 2430 | 4c89 4424 
  0x000001fec7ec8630: 2844 8b44 | 2440 4489 | 4424 384c | 896c 2440 | 4c89 6c24 | 4844 895c | 2468 4489 | 5424 6c90 
  0x000001fec7ec8650: ;   {runtime_call UncommonTrapBlob}
  0x000001fec7ec8650: c5f8 77e8 

  0x000001fec7ec8654: ; ImmutableOopMap {rbp=NarrowOop [32]=Oop [40]=Oop [56]=NarrowOop [64]=Oop [72]=Oop [104]=NarrowOop [108]=NarrowOop }
                      ;*ifnonnull {reexecute=1 rethrow=0 return_oop=0}
                      ; - (reexecute) java.util.jar.JarFile::getInputStream@16
                      ; - jdk.internal.loader.URLClassPath$JarLoader$2::getInputStream@11
                      ; - jdk.internal.loader.Resource::cachedInputStream@9
                      ; - jdk.internal.loader.Resource::getBytes@1
                      ; - jdk.internal.loader.URLClassPath$JarLoader$2::getBytes@1
                      ; - jdk.internal.loader.BuiltinClassLoader::defineClass@84
  0x000001fec7ec8654: a8bf 8cff 

  0x000001fec7ec8658: ;   {other}
  0x000001fec7ec8658: 0f1f 8400 | c872 008c | bade ffff | ff48 8b6c | 2448 4c8b | 5c24 304c | 895c 2420 | 448b 4424 
  0x000001fec7ec8678: 4044 8944 | 2430 4489 | 4c24 644c | 8954 2468 | 4489 4c24 | 7066 6690 

  0x000001fec7ec8690: ;   {runtime_call UncommonTrapBlob}
  0x000001fec7ec8690: c5f8 77e8 

  0x000001fec7ec8694: ; ImmutableOopMap {rbp=Oop [32]=Oop [40]=Oop [48]=NarrowOop [56]=NarrowOop [100]=NarrowOop [104]=Oop [112]=NarrowOop }
                      ;*invokeinterface add {reexecute=0 rethrow=0 return_oop=0}
                      ; - java.util.zip.ZipFile::getInputStream@231
                      ; - java.util.jar.JarFile::getInputStream@21
                      ; - jdk.internal.loader.URLClassPath$JarLoader$2::getInputStream@11
                      ; - jdk.internal.loader.Resource::cachedInputStream@9
                      ; - jdk.internal.loader.Resource::getByteBuffer@1
                      ; - jdk.internal.loader.BuiltinClassLoader::defineClass@45
  0x000001fec7ec8694: 68bf 8cff 

  0x000001fec7ec8698: ;   {other}
  0x000001fec7ec8698: 0f1f 8400 | 0873 008d | 4c89 5c24 | 784c 8954 | 2468 498b | d34c 8d84 | 2408 0100 | 0066 6690 
  0x000001fec7ec86b8: ;   {runtime_call _complete_monitor_locking_Java}
  0x000001fec7ec86b8: c5f8 77e8 

  0x000001fec7ec86bc: ; ImmutableOopMap {[40]=Oop [48]=Oop [56]=NarrowOop [64]=NarrowOop [68]=NarrowOop [72]=Oop [80]=Oop [88]=Oop [96]=Oop [104]=Oop [112]=Oop [120]=Oop }
                      ;*monitorenter {reexecute=0 rethrow=0 return_oop=0}
                      ; - java.util.zip.ZipFile::getInputStream@226
                      ; - java.util.jar.JarFile::getInputStream@21
                      ; - jdk.internal.loader.URLClassPath$JarLoader$2::getInputStream@11
                      ; - jdk.internal.loader.Resource::cachedInputStream@9
                      ; - jdk.internal.loader.Resource::getByteBuffer@1
                      ; - jdk.internal.loader.BuiltinClassLoader::defineClass@45
  0x000001fec7ec86bc: c00f 99ff 

  0x000001fec7ec86c0: ;   {other}
  0x000001fec7ec86c0: 0f1f 8400 | 3073 008e | 448b 4c24 | 444c 8b54 | 2468 4c8b | 5c24 78e9 | ffb4 ffff | 488b 4c24 
  0x000001fec7ec86e0: 7848 8d94 | 2408 0100 | 004d 8bc7 | c5f8 7749 | ba80 42b1 | 04fc 7f00 | 0041 ffd2 

  0x000001fec7ec86fc: ;   {other}
  0x000001fec7ec86fc: 0f1f 8400 | 0000 0000 | e961 b8ff | ff49 8bcb | 488d 9424 | f800 0000 | 4d8b c7c5 | f877 49ba 
  0x000001fec7ec871c: 8042 b104 | fc7f 0000 

  0x000001fec7ec8724: ;   {other}
  0x000001fec7ec8724: 41ff d20f | 1f84 0000 | 0000 00e9 | d6b8 ffff | ba45 ffff | ff48 8b6c | 2448 4c8b | 5424 304c 
  0x000001fec7ec8744: 8954 2420 | 448b 5424 | 4044 8954 | 2430 8984 | 2480 0000 | 0066 6690 

  0x000001fec7ec875c: ;   {runtime_call UncommonTrapBlob}
  0x000001fec7ec875c: c5f8 77e8 

  0x000001fec7ec8760: ; ImmutableOopMap {rbp=Oop [32]=Oop [40]=Oop [48]=NarrowOop [56]=NarrowOop [60]=NarrowOop [88]=Oop [120]=NarrowOop }
                      ;*lookupswitch {reexecute=1 rethrow=0 return_oop=0}
                      ; - (reexecute) java.util.zip.ZipFile::getInputStream@101
                      ; - java.util.jar.JarFile::getInputStream@21
                      ; - jdk.internal.loader.URLClassPath$JarLoader$2::getInputStream@11
                      ; - jdk.internal.loader.Resource::cachedInputStream@9
                      ; - jdk.internal.loader.Resource::getBytes@1
                      ; - jdk.internal.loader.URLClassPath$JarLoader$2::getBytes@1
                      ; - jdk.internal.loader.BuiltinClassLoader::defineClass@84
  0x000001fec7ec8760: 9cbe 8cff 

  0x000001fec7ec8764: ;   {other}
  0x000001fec7ec8764: 0f1f 8400 | d473 008f | 4c89 4424 | 5848 8944 | 24f8 8b44 | 2478 8944 | 243c 488b | 4424 f849 
  0x000001fec7ec8784: 8bd0 4c8d | 8424 0801 | 0000 6690 

  0x000001fec7ec8790: ;   {runtime_call _complete_monitor_locking_Java}
  0x000001fec7ec8790: c5f8 77e8 

  0x000001fec7ec8794: ; ImmutableOopMap {[40]=Oop [48]=Oop [56]=NarrowOop [60]=NarrowOop [64]=NarrowOop [72]=Oop [80]=Oop [88]=Oop [96]=Oop [104]=Oop [112]=Oop }
                      ;*monitorenter {reexecute=0 rethrow=0 return_oop=0}
                      ; - java.util.zip.ZipFile::getInputStream@226
                      ; - java.util.jar.JarFile::getInputStream@21
                      ; - jdk.internal.loader.URLClassPath$JarLoader$2::getInputStream@11
                      ; - jdk.internal.loader.Resource::cachedInputStream@9
                      ; - jdk.internal.loader.Resource::getBytes@1
                      ; - jdk.internal.loader.URLClassPath$JarLoader$2::getBytes@1
                      ; - jdk.internal.loader.BuiltinClassLoader::defineClass@84
  0x000001fec7ec8794: e80e 99ff 

  0x000001fec7ec8798: ;   {other}
  0x000001fec7ec8798: 0f1f 8400 | 0874 0090 | 448b 5424 | 3c4c 8b44 | 2458 e91e | c0ff ffba | deff ffff | 488b 6c24 
  0x000001fec7ec87b8: 484c 8b5c | 2430 4c89 | 5c24 2044 | 8b5c 2440 | 4489 5c24 | 3044 8954 | 2474 4489 | 9424 8000 
  0x000001fec7ec87d8: 0000 6690 

  0x000001fec7ec87dc: ;   {runtime_call UncommonTrapBlob}
  0x000001fec7ec87dc: c5f8 77e8 

  0x000001fec7ec87e0: ; ImmutableOopMap {rbp=Oop [32]=Oop [40]=Oop [48]=NarrowOop [56]=NarrowOop [104]=Oop [116]=NarrowOop [128]=NarrowOop }
                      ;*invokeinterface add {reexecute=0 rethrow=0 return_oop=0}
                      ; - java.util.zip.ZipFile::getInputStream@231
                      ; - java.util.jar.JarFile::getInputStream@21
                      ; - jdk.internal.loader.URLClassPath$JarLoader$2::getInputStream@11
                      ; - jdk.internal.loader.Resource::cachedInputStream@9
                      ; - jdk.internal.loader.Resource::getBytes@1
                      ; - jdk.internal.loader.URLClassPath$JarLoader$2::getBytes@1
                      ; - jdk.internal.loader.BuiltinClassLoader::defineClass@84
  0x000001fec7ec87e0: 1cbe 8cff 

  0x000001fec7ec87e4: ;   {other}
  0x000001fec7ec87e4: 0f1f 8400 | 5474 0091 | 498b cb48 | 8d94 2408 | 0100 004d | 8bc7 c5f8 | 7749 ba80 | 42b1 04fc 
  0x000001fec7ec8804: 7f00 0041 

  0x000001fec7ec8808: ;   {other}
  0x000001fec7ec8808: ffd2 0f1f | 8400 0000 | 0000 e989 | c0ff ff49 | 8bcb 488d | 9424 f800 | 0000 4d8b | c7c5 f877 
  0x000001fec7ec8828: 49ba 8042 | b104 fc7f | 0000 41ff 

  0x000001fec7ec8834: ;   {other}
  0x000001fec7ec8834: d20f 1f84 | 0000 0000 | 00e9 fcc0 | ffff bade | ffff ff4c | 8b4c 2448 | 498b e94c | 8b4c 2430 
  0x000001fec7ec8854: 4c89 4c24 | 208b 5c24 | 4089 5c24 | 304c 895c | 2468 4c89 | 5424 7889 | 8c24 8000 | 0000 4c89 
  0x000001fec7ec8874: 8424 8800 | 0000 4c89 | 8424 9000 | 0000 89bc | 2484 0000 | 0066 6690 

  0x000001fec7ec888c: ;   {runtime_call UncommonTrapBlob}
  0x000001fec7ec888c: c5f8 77e8 

  0x000001fec7ec8890: ; ImmutableOopMap {rbp=Oop [32]=Oop [40]=Oop [48]=NarrowOop [56]=NarrowOop [104]=Oop [120]=Oop [132]=NarrowOop [136]=Oop [144]=Oop }
                      ;*invokevirtual poll {reexecute=0 rethrow=0 return_oop=0}
                      ; - java.util.WeakHashMap::expungeStaleEntries@4
                      ; - java.util.WeakHashMap::getTable@1
                      ; - java.util.WeakHashMap::put@13
                      ; - java.util.Collections$SetFromMap::add@8
                      ; - java.util.zip.ZipFile::getInputStream@231
                      ; - java.util.jar.JarFile::getInputStream@21
                      ; - jdk.internal.loader.URLClassPath$JarLoader$2::getInputStream@11
                      ; - jdk.internal.loader.Resource::cachedInputStream@9
                      ; - jdk.internal.loader.Resource::getByteBuffer@1
                      ; - jdk.internal.loader.BuiltinClassLoader::defineClass@45
  0x000001fec7ec8890: 6cbd 8cff 

  0x000001fec7ec8894: ;   {other}
  0x000001fec7ec8894: 0f1f 8400 | 0475 0092 | bae4 ffff | ff48 8b6c | 2448 488b | 5c24 3048 | 895c 2420 | 8b74 2440 
  0x000001fec7ec88b4: 8974 2430 | 4c89 5c24 | 684c 8944 | 2470 4c89 | 5424 7889 | 8c24 8000 | 0000 89bc | 248c 0000 
  0x000001fec7ec88d4: 0044 898c | 2490 0000 | 0066 6690 

  0x000001fec7ec88e0: ;   {runtime_call UncommonTrapBlob}
  0x000001fec7ec88e0: c5f8 77e8 

  0x000001fec7ec88e4: ; ImmutableOopMap {rbp=Oop [32]=Oop [40]=Oop [48]=NarrowOop [56]=NarrowOop [104]=Oop [112]=Oop [120]=Oop [140]=NarrowOop }
                      ;*aaload {reexecute=0 rethrow=0 return_oop=0}
                      ; - java.util.WeakHashMap::put@32
                      ; - java.util.Collections$SetFromMap::add@8
                      ; - java.util.zip.ZipFile::getInputStream@231
                      ; - java.util.jar.JarFile::getInputStream@21
                      ; - jdk.internal.loader.URLClassPath$JarLoader$2::getInputStream@11
                      ; - jdk.internal.loader.Resource::cachedInputStream@9
                      ; - jdk.internal.loader.Resource::getByteBuffer@1
                      ; - jdk.internal.loader.BuiltinClassLoader::defineClass@45
  0x000001fec7ec88e4: 18bd 8cff 

  0x000001fec7ec88e8: ;   {other}
  0x000001fec7ec88e8: 0f1f 8400 | 5875 0093 | 498b cb48 | 8d94 2408 | 0100 004d | 8bc7 c5f8 | 7749 ba80 | 42b1 04fc 
  0x000001fec7ec8908: 7f00 0041 

  0x000001fec7ec890c: ;   {other}
  0x000001fec7ec890c: ffd2 0f1f | 8400 0000 | 0000 e911 | aeff ffba | 45ff ffff | 488b 6c24 | 4844 8b44 | 2440 4489 
  0x000001fec7ec892c: 4424 384c | 895c 2448 | 4489 4c24 | 3c66 6690 

  0x000001fec7ec893c: ;   {runtime_call UncommonTrapBlob}
  0x000001fec7ec893c: c5f8 77e8 

  0x000001fec7ec8940: ; ImmutableOopMap {rbp=Oop [32]=Oop [40]=NarrowOop [48]=Oop [56]=NarrowOop [72]=Oop }
                      ;*if_icmpne {reexecute=1 rethrow=0 return_oop=0}
                      ; - (reexecute) jdk.internal.loader.Resource::getBytes@36
                      ; - jdk.internal.loader.URLClassPath$JarLoader$2::getBytes@1
                      ; - jdk.internal.loader.BuiltinClassLoader::defineClass@84
  0x000001fec7ec8940: bcbc 8cff 

  0x000001fec7ec8944: ;   {other}
  0x000001fec7ec8944: 0f1f 8400 | b475 0094 | ba45 ffff | ff48 8b6c | 2448 4c8b | 5c24 304c | 895c 2428 | 448b 5c24 
  0x000001fec7ec8964: 4044 895c | 2430 4489 | 5424 3490 

  0x000001fec7ec8970: ;   {runtime_call UncommonTrapBlob}
  0x000001fec7ec8970: c5f8 77e8 

  0x000001fec7ec8974: ; ImmutableOopMap {rbp=Oop [32]=Oop [40]=Oop [48]=NarrowOop [88]=Oop }
                      ;*ifeq {reexecute=1 rethrow=0 return_oop=0}
                      ; - (reexecute) jdk.internal.loader.Resource::getBytes@199
                      ; - jdk.internal.loader.URLClassPath$JarLoader$2::getBytes@1
                      ; - jdk.internal.loader.BuiltinClassLoader::defineClass@84
  0x000001fec7ec8974: 88bc 8cff 

  0x000001fec7ec8978: ;   {other}
  0x000001fec7ec8978: 0f1f 8400 | e875 0095 | 493b c2bd | ffff ffff | 7c08 400f | 95c5 400f | b6ed ba45 | ffff ff4c 
  0x000001fec7ec8998: 8b54 2448 | 4c89 5424 | 204c 8b54 | 2430 4c89 | 5424 2844 | 8b5c 2440 | 4489 5c24 | 384c 8944 
  0x000001fec7ec89b8: 2440 6690 

  0x000001fec7ec89bc: ;   {runtime_call UncommonTrapBlob}
  0x000001fec7ec89bc: c5f8 77e8 

  0x000001fec7ec89c0: ; ImmutableOopMap {[32]=Oop [40]=Oop [56]=NarrowOop [64]=Oop [88]=Oop }
                      ;*ifeq {reexecute=1 rethrow=0 return_oop=0}
                      ; - (reexecute) jdk.internal.loader.URLClassPath$JarLoader$2::getBytes@30
                      ; - jdk.internal.loader.BuiltinClassLoader::defineClass@84
  0x000001fec7ec89c0: 3cbc 8cff 

  0x000001fec7ec89c4: ;   {other}
  0x000001fec7ec89c4: 0f1f 8400 | 3476 0096 | 4889 9424 | 9800 0000 | 4489 ac24 | 9000 0000 | 898c 2484 | 0000 0048 
  0x000001fec7ec89e4: 8984 2488 | 0000 0089 | bc24 8000 | 0000 895c | 247c 8974 | 2478 4489 | 5424 444c | 895c 2468 
  0x000001fec7ec8a04: 4c89 4c24 | 284c 8974 | 2450 4c89 | 4424 2041 | bb01 0000 | 0044 3b9c | 2480 0000 | 007d 534c 
  0x000001fec7ec8a24: 8b94 2498 | 0000 0047 | 0fbe 541a | 1041 83fa | 2e0f 842d | 1200 0041 | ffc3 443b | 9c24 8000 
  0x000001fec7ec8a44: 0000 7cdb | 4c8b 4424 | 204c 8b74 | 2450 4c8b | 4c24 284c | 8b5c 2468 | 448b 5424 | 448b 7424 
  0x000001fec7ec8a64: 788b 5c24 | 7c48 8b84 | 2488 0000 | 00e9 3ad2 | ffff 4c8b | 4424 204c | 8b74 2450 | 4c8b 4c24 
  0x000001fec7ec8a84: 284c 8b5c | 2468 448b | 5424 448b | 7424 788b | 5c24 7c48 | 8b84 2488 | 0000 00e9 | 0cd2 ffff 
  0x000001fec7ec8aa4: ba76 ffff | ff4c 8944 | 2420 448b | 5424 7c44 | 8954 2478 

  0x000001fec7ec8ab8: ;   {runtime_call UncommonTrapBlob}
  0x000001fec7ec8ab8: c5f8 77e8 

  0x000001fec7ec8abc: ; ImmutableOopMap {[32]=Oop [48]=Oop [56]=Oop [64]=NarrowOop [68]=NarrowOop [72]=Oop [80]=Oop [88]=Oop [104]=Oop [120]=NarrowOop }
                      ;*if_icmpge {reexecute=1 rethrow=0 return_oop=0}
                      ; - (reexecute) java.lang.StringLatin1::replace@61
                      ; - java.lang.String::replace@18
                      ; - jdk.internal.loader.BuiltinClassLoader::isSealed@9
                      ; - jdk.internal.loader.BuiltinClassLoader::getAndVerifyPackage@70
                      ; - jdk.internal.loader.BuiltinClassLoader::defineOrCheckPackage@4
                      ; - jdk.internal.loader.ClassLoaders$AppClassLoader::defineOrCheckPackage@4
                      ; - jdk.internal.loader.BuiltinClassLoader::defineClass@40
  0x000001fec7ec8abc: 40bb 8cff 

  0x000001fec7ec8ac0: ;   {other}
  0x000001fec7ec8ac0: 0f1f 8400 | 3077 0097 | bb01 0000 | 00e9 ccc3 | ffff 4c8b | 4c24 3845 | 8b59 2845 | 85db 0f84 
  0x000001fec7ec8ae0: 47de ffff | 4d8b 5728 | 498b cb48 | c1e1 034d | 85d2 0f84 | ae19 0000 | 4d8b 5f38 | 4b89 4c13 
  0x000001fec7ec8b00: f849 83c2 | f84d 8957 | 28e9 1dde | ffff 458b | 5810 4585 | db0f 84b8 | ddff ff4d | 8b57 2849 
  0x000001fec7ec8b20: 8bcb 48c1 | e103 4d85 | d20f 8451 | 1900 004d | 8b5f 384b | 894c 13f8 | 4983 c2f8 | 4d89 5728 
  0x000001fec7ec8b40: e98e ddff | ff4d 8b57 | 484d 8b5f | 58f0 8344 | 24c0 0080 | 3900 0f84 | b9dd ffff | 4488 214d 
  0x000001fec7ec8b60: 85d2 7526 | 498b d849 | 8bd7 c5f8 | 7749 ba40 | dd6f 04fc | 7f00 0041 

  0x000001fec7ec8b78: ;   {other}
  0x000001fec7ec8b78: ffd2 0f1f | 8400 0000 | 0000 4c8b | c3e9 8bdd | ffff 4b89 | 4c13 f849 | 83c2 f84d | 8957 48e9 
  0x000001fec7ec8b98: 79dd ffff | 4d8b 5748 | 4d8b 5f58 | f083 4424 | c000 8039 | 000f 84ba | ddff ff44 | 8821 4d85 
  0x000001fec7ec8bb8: d275 2049 | 8bd7 c5f8 | 7749 ba40 | dd6f 04fc | 7f00 0041 

  0x000001fec7ec8bcc: ;   {other}
  0x000001fec7ec8bcc: ffd2 0f1f | 8400 0000 | 0000 e992 | ddff ff4b | 894c 13f8 | 4983 c2f8 | 4d89 5748 | e980 ddff 
  0x000001fec7ec8bec: ;   {metadata('java/util/zip/Inflater')}
  0x000001fec7ec8bec: ff48 ba48 | a301 0008 | 0000 0048 | 8b6c 2448 

  0x000001fec7ec8bfc: ;   {runtime_call _new_instance_Java}
  0x000001fec7ec8bfc: c5f8 77e8 

  0x000001fec7ec8c00: ; ImmutableOopMap {rbp=Oop [40]=Oop [48]=Oop [56]=NarrowOop [60]=NarrowOop [64]=NarrowOop [68]=NarrowOop [72]=Oop [80]=Oop [88]=Oop [96]=Oop [104]=Oop [112]=Oop [120]=Oop [144]=Oop }
                      ;*new {reexecute=0 rethrow=0 return_oop=1}
                      ; - java.util.zip.ZipFile$CleanableResource::getInflater@38
                      ; - java.util.zip.ZipFile$ZipFileInflaterInputStream::<init>@5
                      ; - java.util.zip.ZipFile::getInputStream@216
                      ; - java.util.jar.JarFile::getInputStream@21
                      ; - jdk.internal.loader.URLClassPath$JarLoader$2::getInputStream@11
                      ; - jdk.internal.loader.Resource::cachedInputStream@9
                      ; - jdk.internal.loader.Resource::getByteBuffer@1
                      ; - jdk.internal.loader.BuiltinClassLoader::defineClass@45
  0x000001fec7ec8c00: 7cc7 98ff 

  0x000001fec7ec8c04: ;   {other}
  0x000001fec7ec8c04: 0f1f 8400 | 7478 0098 | e94f ceff | ff49 8beb 

  0x000001fec7ec8c14: ;   {metadata('java/util/zip/Inflater$InflaterZStreamRef')}
  0x000001fec7ec8c14: 48ba 10a6 | 0100 0800 | 0000 6690 

  0x000001fec7ec8c20: ;   {runtime_call _new_instance_Java}
  0x000001fec7ec8c20: c5f8 77e8 

  0x000001fec7ec8c24: ; ImmutableOopMap {rbp=Oop [40]=Oop [48]=Oop [56]=NarrowOop [60]=NarrowOop [64]=NarrowOop [68]=NarrowOop [72]=Oop [80]=Oop [88]=Oop [96]=Oop [104]=Oop [112]=Oop [120]=Oop [144]=Oop }
                      ;*new {reexecute=0 rethrow=0 return_oop=1}
                      ; - java.util.zip.Inflater::<init>@12
                      ; - java.util.zip.ZipFile$CleanableResource::getInflater@43
                      ; - java.util.zip.ZipFile$ZipFileInflaterInputStream::<init>@5
                      ; - java.util.zip.ZipFile::getInputStream@216
                      ; - java.util.jar.JarFile::getInputStream@21
                      ; - jdk.internal.loader.URLClassPath$JarLoader$2::getInputStream@11
                      ; - jdk.internal.loader.Resource::cachedInputStream@9
                      ; - jdk.internal.loader.Resource::getByteBuffer@1
                      ; - jdk.internal.loader.BuiltinClassLoader::defineClass@45
  0x000001fec7ec8c24: 58c7 98ff 

  0x000001fec7ec8c28: ;   {other}
  0x000001fec7ec8c28: 0f1f 8400 | 9878 0099 | e978 ceff | ffba 45ff | ffff 488b | 6c24 484c | 8b54 2430 | 4c89 5424 
  0x000001fec7ec8c48: 204c 8b54 | 2438 4c89 | 5424 2844 | 8b5c 2440 | 4c89 7424 | 4844 895c | 2434 6690 

  0x000001fec7ec8c64: ;   {runtime_call UncommonTrapBlob}
  0x000001fec7ec8c64: c5f8 77e8 

  0x000001fec7ec8c68: ; ImmutableOopMap {rbp=Oop [32]=Oop [40]=Oop [52]=NarrowOop [72]=Oop [88]=Oop }
                      ;*ifnull {reexecute=1 rethrow=0 return_oop=0}
                      ; - (reexecute) jdk.internal.loader.BuiltinClassLoader::defineOrCheckPackage@15
                      ; - jdk.internal.loader.ClassLoaders$AppClassLoader::defineOrCheckPackage@4
                      ; - jdk.internal.loader.BuiltinClassLoader::defineClass@40
  0x000001fec7ec8c68: 94b9 8cff 

  0x000001fec7ec8c6c: ;   {other}
  0x000001fec7ec8c6c: 0f1f 8400 | dc78 009a | bade ffff | ff48 894c | 2450 6690 

  0x000001fec7ec8c80: ;   {runtime_call UncommonTrapBlob}
  0x000001fec7ec8c80: c5f8 77e8 

  0x000001fec7ec8c84: ; ImmutableOopMap {rbp=NarrowOop [40]=Oop [48]=Oop [56]=Oop [64]=NarrowOop [72]=Oop [80]=Oop [104]=Oop }
                      ;*invokeinterface get {reexecute=0 rethrow=0 return_oop=0}
                      ; - java.util.jar.Attributes::get@5
                      ; - java.util.jar.Attributes::getValue@2
                      ; - jdk.internal.loader.BuiltinClassLoader::isSealed@57
                      ; - jdk.internal.loader.BuiltinClassLoader::getAndVerifyPackage@70
                      ; - jdk.internal.loader.BuiltinClassLoader::defineOrCheckPackage@4
                      ; - jdk.internal.loader.ClassLoaders$AppClassLoader::defineOrCheckPackage@4
                      ; - jdk.internal.loader.BuiltinClassLoader::defineClass@40
  0x000001fec7ec8c84: 78b9 8cff 

  0x000001fec7ec8c88: ;   {other}
  0x000001fec7ec8c88: 0f1f 8400 | f878 009b | ba45 ffff | ff48 8b6c | 2448 4c8b | 5424 304c | 8954 2420 | 4c8b 5424 
  0x000001fec7ec8ca8: 384c 8954 | 2428 448b | 4424 4044 | 8944 2434 | 4c89 7424 | 604c 8974 | 2478 4489 | 6c24 4444 
  0x000001fec7ec8cc8: 899c 2480 | 0000 0090 

  0x000001fec7ec8cd0: ;   {runtime_call UncommonTrapBlob}
  0x000001fec7ec8cd0: c5f8 77e8 

  0x000001fec7ec8cd4: ; ImmutableOopMap {rbp=Oop [32]=Oop [40]=Oop [52]=NarrowOop [64]=NarrowOop [68]=NarrowOop [88]=Oop [96]=Oop [120]=Oop }
                      ;*ifle {reexecute=1 rethrow=0 return_oop=0}
                      ; - (reexecute) java.util.concurrent.ConcurrentHashMap::get@23
                      ; - java.lang.ClassLoader::definePackage@47
                      ; - java.lang.ClassLoader::getDefinedPackage@32
                      ; - jdk.internal.loader.BuiltinClassLoader::getAndVerifyPackage@2
                      ; - jdk.internal.loader.BuiltinClassLoader::defineOrCheckPackage@4
                      ; - jdk.internal.loader.ClassLoaders$AppClassLoader::defineOrCheckPackage@4
                      ; - jdk.internal.loader.BuiltinClassLoader::defineClass@40
  0x000001fec7ec8cd4: 28b9 8cff 

  0x000001fec7ec8cd8: ;   {other}
  0x000001fec7ec8cd8: 0f1f 8400 | 4879 009c | 33ed 85c9 | 400f 95c5 | ba45 ffff | ff4c 8b54 | 2448 4c89 | 5424 204c 
  0x000001fec7ec8cf8: 8b54 2430 | 4c89 5424 | 284c 8b54 | 2438 4c89 | 5424 3044 | 8b54 2440 | 4489 5424 | 3c4c 8974 
  0x000001fec7ec8d18: 2468 4c89 | 5c24 7890 

  0x000001fec7ec8d20: ;   {runtime_call UncommonTrapBlob}
  0x000001fec7ec8d20: c5f8 77e8 

  0x000001fec7ec8d24: ; ImmutableOopMap {[32]=Oop [40]=Oop [48]=Oop [60]=NarrowOop [64]=NarrowOop [88]=Oop [104]=Oop [120]=Oop }
                      ;*ifne {reexecute=1 rethrow=0 return_oop=0}
                      ; - (reexecute) java.lang.Package::isSealed@7
                      ; - jdk.internal.loader.BuiltinClassLoader::getAndVerifyPackage@14
                      ; - jdk.internal.loader.BuiltinClassLoader::defineOrCheckPackage@4
                      ; - jdk.internal.loader.ClassLoaders$AppClassLoader::defineOrCheckPackage@4
                      ; - jdk.internal.loader.BuiltinClassLoader::defineClass@40
  0x000001fec7ec8d24: d8b8 8cff 

  0x000001fec7ec8d28: ;   {other}
  0x000001fec7ec8d28: 0f1f 8400 | 9879 009d | 33ed 85c9 | 400f 94c5 | ba45 ffff | ff4c 8b44 | 2430 4c89 | 4424 284c 
  0x000001fec7ec8d48: 8b44 2438 | 4c89 4424 | 3044 8b44 | 2440 4489 | 4424 3c4c | 8974 2440 | 4c89 5c24 | 6044 8954 
  0x000001fec7ec8d68: 2470 4c89 | b424 8000 | 0000 6690 

  0x000001fec7ec8d74: ;   {runtime_call UncommonTrapBlob}
  0x000001fec7ec8d74: c5f8 77e8 

  0x000001fec7ec8d78: ; ImmutableOopMap {[40]=Oop [48]=Oop [60]=NarrowOop [64]=Oop [72]=Oop [88]=Oop [96]=Oop [112]=NarrowOop [128]=Oop }
                      ;*ifeq {reexecute=1 rethrow=0 return_oop=0}
                      ; - (reexecute) java.lang.String::replace@9
                      ; - jdk.internal.loader.BuiltinClassLoader::isSealed@9
                      ; - jdk.internal.loader.BuiltinClassLoader::getAndVerifyPackage@70
                      ; - jdk.internal.loader.BuiltinClassLoader::defineOrCheckPackage@4
                      ; - jdk.internal.loader.ClassLoaders$AppClassLoader::defineOrCheckPackage@4
                      ; - jdk.internal.loader.BuiltinClassLoader::defineClass@40
  0x000001fec7ec8d78: 84b8 8cff 

  0x000001fec7ec8d7c: ;   {other}
  0x000001fec7ec8d7c: 0f1f 8400 | ec79 009e | ba45 ffff | ff4c 8b44 | 2430 4c89 | 4424 284c | 8b44 2438 | 4c89 4424 
  0x000001fec7ec8d9c: 3044 8b4c | 2440 4489 | 4c24 3c4c | 8974 2440 | 4c89 5c24 | 6844 8954 | 2470 894c | 2474 6690 
  0x000001fec7ec8dbc: ;   {runtime_call UncommonTrapBlob}
  0x000001fec7ec8dbc: c5f8 77e8 

  0x000001fec7ec8dc0: ; ImmutableOopMap {rbp=Oop [40]=Oop [48]=Oop [60]=NarrowOop [64]=Oop [72]=Oop [88]=Oop [104]=Oop [112]=NarrowOop }
                      ;*iflt {reexecute=1 rethrow=0 return_oop=0}
                      ; - (reexecute) java.lang.StringConcatHelper::checkOverflow@2
                      ; - java.lang.StringConcatHelper::mix@23
                      ; - java.lang.StringConcatHelper::simpleConcat@46
                      ; - java.lang.String::concat@11
                      ; - jdk.internal.loader.BuiltinClassLoader::isSealed@14
                      ; - jdk.internal.loader.BuiltinClassLoader::getAndVerifyPackage@70
                      ; - jdk.internal.loader.BuiltinClassLoader::defineOrCheckPackage@4
                      ; - jdk.internal.loader.ClassLoaders$AppClassLoader::defineOrCheckPackage@4
                      ; - jdk.internal.loader.BuiltinClassLoader::defineClass@40
  0x000001fec7ec8dc0: 3cb8 8cff 

  0x000001fec7ec8dc4: ;   {other}
  0x000001fec7ec8dc4: 0f1f 8400 | 347a 009f | ba45 ffff | ff66 6690 

  0x000001fec7ec8dd4: ;   {runtime_call UncommonTrapBlob}
  0x000001fec7ec8dd4: c5f8 77e8 

  0x000001fec7ec8dd8: ; ImmutableOopMap {[40]=Oop [48]=Oop [56]=Oop [64]=NarrowOop [68]=NarrowOop [72]=Oop [88]=Oop [104]=Oop [144]=Oop }
                      ;*iflt {reexecute=1 rethrow=0 return_oop=0}
                      ; - (reexecute) java.lang.StringConcatHelper::checkOverflow@2
                      ; - java.lang.StringConcatHelper::mix@23
                      ; - java.lang.StringConcatHelper::simpleConcat@54
                      ; - java.lang.String::concat@11
                      ; - jdk.internal.loader.BuiltinClassLoader::isSealed@14
                      ; - jdk.internal.loader.BuiltinClassLoader::getAndVerifyPackage@70
                      ; - jdk.internal.loader.BuiltinClassLoader::defineOrCheckPackage@4
                      ; - jdk.internal.loader.ClassLoaders$AppClassLoader::defineOrCheckPackage@4
                      ; - jdk.internal.loader.BuiltinClassLoader::defineClass@40
  0x000001fec7ec8dd8: 24b8 8cff 

  0x000001fec7ec8ddc: ;   {other}
  0x000001fec7ec8ddc: 0f1f 8400 | 4c7a 00a0 | ba45 ffff | ff48 8b6c | 2448 4c8b | 5424 304c | 8954 2420 | 4c8b 5424 
  0x000001fec7ec8dfc: 384c 8954 | 2430 448b | 4424 4044 | 8944 243c | 448b 5424 | 4444 8954 | 2440 4889 | 9c24 8800 
  0x000001fec7ec8e1c: 0000 6690 

  0x000001fec7ec8e20: ;   {runtime_call UncommonTrapBlob}
  0x000001fec7ec8e20: c5f8 77e8 

  0x000001fec7ec8e24: ; ImmutableOopMap {rbp=Oop [32]=Oop [40]=Oop [48]=Oop [60]=NarrowOop [64]=NarrowOop [88]=Oop [104]=Oop [136]=Oop [144]=Oop }
                      ;*if_icmpne {reexecute=1 rethrow=0 return_oop=0}
                      ; - (reexecute) java.lang.String::getBytes@5
                      ; - java.lang.StringConcatHelper::prepend@21
                      ; - java.lang.StringConcatHelper::simpleConcat@81
                      ; - java.lang.String::concat@11
                      ; - jdk.internal.loader.BuiltinClassLoader::isSealed@14
                      ; - jdk.internal.loader.BuiltinClassLoader::getAndVerifyPackage@70
                      ; - jdk.internal.loader.BuiltinClassLoader::defineOrCheckPackage@4
                      ; - jdk.internal.loader.ClassLoaders$AppClassLoader::defineOrCheckPackage@4
                      ; - jdk.internal.loader.BuiltinClassLoader::defineClass@40
  0x000001fec7ec8e24: d8b7 8cff 

  0x000001fec7ec8e28: ;   {other}
  0x000001fec7ec8e28: 0f1f 8400 | 987a 00a1 | ba45 ffff | ff4c 8b54 | 2448 4c89 | 5424 204c | 8b54 2430 | 4c89 5424 
  0x000001fec7ec8e48: 284c 8b54 | 2438 4c89 | 5424 3044 | 8b54 2440 | 4489 5424 | 3c4c 8974 | 2468 4c89 | 5c24 7890 
  0x000001fec7ec8e68: ;   {runtime_call UncommonTrapBlob}
  0x000001fec7ec8e68: c5f8 77e8 

  0x000001fec7ec8e6c: ; ImmutableOopMap {rbp=NarrowOop [32]=Oop [40]=Oop [48]=Oop [60]=NarrowOop [64]=NarrowOop [88]=Oop [104]=Oop [120]=Oop }
                      ;*ifnull {reexecute=1 rethrow=0 return_oop=0}
                      ; - (reexecute) java.lang.Package::isSealed@17
                      ; - jdk.internal.loader.BuiltinClassLoader::getAndVerifyPackage@14
                      ; - jdk.internal.loader.BuiltinClassLoader::defineOrCheckPackage@4
                      ; - jdk.internal.loader.ClassLoaders$AppClassLoader::defineOrCheckPackage@4
                      ; - jdk.internal.loader.BuiltinClassLoader::defineClass@40
  0x000001fec7ec8e6c: 90b7 8cff 

  0x000001fec7ec8e70: ;   {other}
  0x000001fec7ec8e70: 0f1f 8400 | e07a 00a2 | ba45 ffff | ff48 8b6c | 2448 4c8b | 5424 304c | 8954 2420 | 4c8b 5424 
  0x000001fec7ec8e90: 384c 8954 | 2428 448b | 4424 404c | 8974 2448 | 4489 4424 | 344c 895c | 2460 6690 

  0x000001fec7ec8eac: ;   {runtime_call UncommonTrapBlob}
  0x000001fec7ec8eac: c5f8 77e8 

  0x000001fec7ec8eb0: ; ImmutableOopMap {rbp=Oop [32]=Oop [40]=Oop [52]=NarrowOop [72]=Oop [88]=Oop [96]=Oop }
                      ;*ifnull {reexecute=1 rethrow=0 return_oop=0}
                      ; - (reexecute) jdk.internal.loader.BuiltinClassLoader::getAndVerifyPackage@64
                      ; - jdk.internal.loader.BuiltinClassLoader::defineOrCheckPackage@4
                      ; - jdk.internal.loader.ClassLoaders$AppClassLoader::defineOrCheckPackage@4
                      ; - jdk.internal.loader.BuiltinClassLoader::defineClass@40
  0x000001fec7ec8eb0: 4cb7 8cff 

  0x000001fec7ec8eb4: ;   {other}
  0x000001fec7ec8eb4: 0f1f 8400 | 247b 00a3 | ba45 ffff | ff4c 8b44 | 2430 4c89 | 4424 284c | 8b44 2438 | 4c89 4424 
  0x000001fec7ec8ed4: 3044 8b4c | 2440 4489 | 4c24 3c4c | 8974 2440 | 4c89 5c24 | 6044 8954 | 2470 4c89 | ac24 8000 
  0x000001fec7ec8ef4: 0000 895c | 2474 6690 

  0x000001fec7ec8efc: ;   {runtime_call UncommonTrapBlob}
  0x000001fec7ec8efc: c5f8 77e8 

  0x000001fec7ec8f00: ; ImmutableOopMap {rbp=Oop [40]=Oop [48]=Oop [60]=NarrowOop [64]=Oop [72]=Oop [88]=Oop [96]=Oop [112]=NarrowOop }
                      ;*if_icmpne {reexecute=1 rethrow=0 return_oop=0}
                      ; - (reexecute) java.lang.StringConcatHelper::mix@13
                      ; - java.lang.StringConcatHelper::simpleConcat@46
                      ; - java.lang.String::concat@11
                      ; - jdk.internal.loader.BuiltinClassLoader::isSealed@14
                      ; - jdk.internal.loader.BuiltinClassLoader::getAndVerifyPackage@70
                      ; - jdk.internal.loader.BuiltinClassLoader::defineOrCheckPackage@4
                      ; - jdk.internal.loader.ClassLoaders$AppClassLoader::defineOrCheckPackage@4
                      ; - jdk.internal.loader.BuiltinClassLoader::defineClass@40
  0x000001fec7ec8f00: fcb6 8cff 

  0x000001fec7ec8f04: ;   {other}
  0x000001fec7ec8f04: 0f1f 8400 | 747b 00a4 | ba45 ffff | ff4c 89ac | 2488 0000 | 0066 6690 

  0x000001fec7ec8f1c: ;   {runtime_call UncommonTrapBlob}
  0x000001fec7ec8f1c: c5f8 77e8 

  0x000001fec7ec8f20: ; ImmutableOopMap {[40]=Oop [48]=Oop [56]=Oop [64]=NarrowOop [68]=NarrowOop [72]=Oop [88]=Oop [104]=Oop [144]=Oop }
                      ;*ifge {reexecute=1 rethrow=0 return_oop=0}
                      ; - (reexecute) java.lang.StringConcatHelper::newArray@13
                      ; - java.lang.StringConcatHelper::simpleConcat@61
                      ; - java.lang.String::concat@11
                      ; - jdk.internal.loader.BuiltinClassLoader::isSealed@14
                      ; - jdk.internal.loader.BuiltinClassLoader::getAndVerifyPackage@70
                      ; - jdk.internal.loader.BuiltinClassLoader::defineOrCheckPackage@4
                      ; - jdk.internal.loader.ClassLoaders$AppClassLoader::defineOrCheckPackage@4
                      ; - jdk.internal.loader.BuiltinClassLoader::defineClass@40
  0x000001fec7ec8f20: dcb6 8cff 

  0x000001fec7ec8f24: ;   {other}
  0x000001fec7ec8f24: 0f1f 8400 | 947b 00a5 | bade ffff | ff48 894c | 2450 6690 

  0x000001fec7ec8f38: ;   {runtime_call UncommonTrapBlob}
  0x000001fec7ec8f38: c5f8 77e8 

  0x000001fec7ec8f3c: ; ImmutableOopMap {rbp=NarrowOop [40]=Oop [48]=Oop [56]=Oop [64]=NarrowOop [72]=Oop [80]=Oop }
                      ;*checkcast {reexecute=0 rethrow=0 return_oop=0}
                      ; - java.util.jar.Manifest::getAttributes@10
                      ; - java.util.jar.Manifest::getTrustedAttributes@2
                      ; - java.util.jar.JavaUtilJarAccessImpl::getTrustedAttributes@2
                      ; - jdk.internal.loader.BuiltinClassLoader::isSealed@17
                      ; - jdk.internal.loader.BuiltinClassLoader::getAndVerifyPackage@70
                      ; - jdk.internal.loader.BuiltinClassLoader::defineOrCheckPackage@4
                      ; - jdk.internal.loader.ClassLoaders$AppClassLoader::defineOrCheckPackage@4
                      ; - jdk.internal.loader.BuiltinClassLoader::defineClass@40
  0x000001fec7ec8f3c: c0b6 8cff 

  0x000001fec7ec8f40: ;   {other}
  0x000001fec7ec8f40: 0f1f 8400 | b07b 00a6 | 498b d7c5 | f877 49ba | 60dd 6f04 | fc7f 0000 

  0x000001fec7ec8f58: ;   {other}
  0x000001fec7ec8f58: 41ff d20f | 1f84 0000 | 0000 00e9 | 2ea8 ffff | 498b d7c5 | f877 49ba | 60dd 6f04 | fc7f 0000 
  0x000001fec7ec8f78: ;   {other}
  0x000001fec7ec8f78: 41ff d20f | 1f84 0000 | 0000 00e9 | d0cf ffff | 498b d7c5 | f877 49ba | 60dd 6f04 | fc7f 0000 
  0x000001fec7ec8f98: ;   {other}
  0x000001fec7ec8f98: 41ff d20f | 1f84 0000 | 0000 00e9 | eecf ffff | 498b d7c5 | f877 49ba | 60dd 6f04 | fc7f 0000 
  0x000001fec7ec8fb8: ;   {other}
  0x000001fec7ec8fb8: 41ff d20f | 1f84 0000 | 0000 00e9 | 8dd0 ffff | 418b fa49 | 8bd7 c5f8 | 7749 ba60 | dd6f 04fc 
  0x000001fec7ec8fd8: 7f00 0041 

  0x000001fec7ec8fdc: ;   {other}
  0x000001fec7ec8fdc: ffd2 0f1f | 8400 0000 | 0000 e926 | d0ff ffba | 45ff ffff | 4c8b 5424 | 484c 8954 | 2420 448b 
  0x000001fec7ec8ffc: 5424 4044 | 8954 243c | 4c8b 5424 | 684c 8954 | 2460 6690 

  0x000001fec7ec9010: ;   {runtime_call UncommonTrapBlob}
  0x000001fec7ec9010: c5f8 77e8 

  0x000001fec7ec9014: ; ImmutableOopMap {rbp=Oop [32]=Oop [40]=Oop [48]=Oop [56]=NarrowOop [60]=NarrowOop [96]=Oop [120]=Oop }
                      ;*ifnonnull {reexecute=1 rethrow=0 return_oop=0}
                      ; - (reexecute) java.util.Collections$SetFromMap::add@13
                      ; - java.util.zip.ZipFile::getInputStream@231
                      ; - java.util.jar.JarFile::getInputStream@21
                      ; - jdk.internal.loader.URLClassPath$JarLoader$2::getInputStream@11
                      ; - jdk.internal.loader.Resource::cachedInputStream@9
                      ; - jdk.internal.loader.Resource::getByteBuffer@1
                      ; - jdk.internal.loader.BuiltinClassLoader::defineClass@45
  0x000001fec7ec9014: e8b5 8cff 

  0x000001fec7ec9018: ;   {other}
  0x000001fec7ec9018: 0f1f 8400 | 887c 00a7 | 498b d949 | 8bd7 c5f8 | 7749 ba60 | dd6f 04fc | 7f00 0041 

  0x000001fec7ec9034: ;   {other}
  0x000001fec7ec9034: ffd2 0f1f | 8400 0000 | 0000 4c8b | cbe9 9eaa | ffff 498b | f149 8bfa | 498b d7c5 | f877 49ba 
  0x000001fec7ec9054: 60dd 6f04 | fc7f 0000 

  0x000001fec7ec905c: ;   {other}
  0x000001fec7ec905c: 41ff d20f | 1f84 0000 | 0000 004c | 8bd7 4c8b | cee9 c0aa | ffff 498b | d7c5 f877 | 49ba 60dd 
  0x000001fec7ec907c: 6f04 fc7f | 0000 41ff 

  0x000001fec7ec9084: ;   {other}
  0x000001fec7ec9084: d20f 1f84 | 0000 0000 | 00e9 88af | ffff 498b | d7c5 f877 | 49ba 60dd | 6f04 fc7f | 0000 41ff 
  0x000001fec7ec90a4: ;   {other}
  0x000001fec7ec90a4: d20f 1f84 | 0000 0000 | 00e9 9cb8 | ffff 498b | f049 8bd7 | c5f8 7749 | ba60 dd6f | 04fc 7f00 
  0x000001fec7ec90c4: 0041 ffd2 

  0x000001fec7ec90c8: ;   {other}
  0x000001fec7ec90c8: 0f1f 8400 | 0000 0000 | e9f4 d0ff | ff49 8bd7 | c5f8 7749 | ba60 dd6f | 04fc 7f00 | 0041 ffd2 
  0x000001fec7ec90e8: ;   {other}
  0x000001fec7ec90e8: 0f1f 8400 | 0000 0000 | e9d5 acff | ff49 8bd7 | c5f8 7749 | ba60 dd6f | 04fc 7f00 | 0041 ffd2 
  0x000001fec7ec9108: ;   {other}
  0x000001fec7ec9108: 0f1f 8400 | 0000 0000 | e962 acff | ff49 8bd7 | c5f8 7749 | ba60 dd6f | 04fc 7f00 | 0041 ffd2 
  0x000001fec7ec9128: ;   {other}
  0x000001fec7ec9128: 0f1f 8400 | 0000 0000 | e9da acff | ff49 8bd7 | c5f8 7749 | ba60 dd6f | 04fc 7f00 | 0041 ffd2 
  0x000001fec7ec9148: ;   {other}
  0x000001fec7ec9148: 0f1f 8400 | 0000 0000 | e90c a5ff | ffba 45ff | ffff 488b | 6c24 484c | 8b44 2430 | 4c89 4424 
  0x000001fec7ec9168: 2044 8b4c | 2440 4489 | 4c24 304c | 896c 2438 | 4c89 6c24 | 4044 8954 | 2454 4489 | 5c24 5844 
  0x000001fec7ec9188: 895c 245c 

  0x000001fec7ec918c: ;   {runtime_call UncommonTrapBlob}
  0x000001fec7ec918c: c5f8 77e8 

  0x000001fec7ec9190: ; ImmutableOopMap {rbp=Oop [32]=Oop [48]=NarrowOop [56]=Oop [64]=Oop [84]=NarrowOop [88]=NarrowOop [92]=NarrowOop }
                      ;*ifnonnull {reexecute=1 rethrow=0 return_oop=0}
                      ; - (reexecute) java.util.Objects::requireNonNull@1
                      ; - java.util.jar.JarFile::getInputStream@4
                      ; - jdk.internal.loader.URLClassPath$JarLoader$2::getInputStream@11
                      ; - jdk.internal.loader.Resource::cachedInputStream@9
                      ; - jdk.internal.loader.Resource::getByteBuffer@1
                      ; - jdk.internal.loader.BuiltinClassLoader::defineClass@45
  0x000001fec7ec9190: 6cb4 8cff 

  0x000001fec7ec9194: ;   {other}
  0x000001fec7ec9194: 0f1f 8400 | 047e 00a8 | ba45 ffff | ff4c 8b44 | 2448 4c89 | 4424 204c | 8b44 2430 | 4c89 4424 
  0x000001fec7ec91b4: 288b 4c24 | 4089 4c24 | 384c 896c | 2440 4c89 | 6c24 4844 | 8954 2458 | 4489 5c24 | 5c44 8974 
  0x000001fec7ec91d4: 2460 4489 | 4c24 6444 | 8954 2468 

  0x000001fec7ec91e0: ;   {runtime_call UncommonTrapBlob}
  0x000001fec7ec91e0: c5f8 77e8 

  0x000001fec7ec91e4: ; ImmutableOopMap {[32]=Oop [40]=Oop [56]=NarrowOop [64]=Oop [72]=Oop [88]=NarrowOop [92]=NarrowOop [96]=NarrowOop [100]=NarrowOop [104]=NarrowOop }
                      ;*ifeq {reexecute=1 rethrow=0 return_oop=0}
                      ; - (reexecute) java.util.zip.ZipFile::ensureOpen@4
                      ; - java.util.zip.ZipFile::getInputStream@31
                      ; - java.util.jar.JarFile::getInputStream@21
                      ; - jdk.internal.loader.URLClassPath$JarLoader$2::getInputStream@11
                      ; - jdk.internal.loader.Resource::cachedInputStream@9
                      ; - jdk.internal.loader.Resource::getByteBuffer@1
                      ; - jdk.internal.loader.BuiltinClassLoader::defineClass@45
  0x000001fec7ec91e4: 18b4 8cff 

  0x000001fec7ec91e8: ;   {other}
  0x000001fec7ec91e8: 0f1f 8400 | 587e 00a9 | ba45 ffff | ff4c 8b44 | 2448 4c89 | 4424 204c | 8b44 2430 | 4c89 4424 
  0x000001fec7ec9208: 288b 4c24 | 4089 4c24 | 384c 896c | 2440 4c89 | 6c24 4844 | 8954 2458 | 4489 5c24 | 5c44 8974 
  0x000001fec7ec9228: 2460 4489 | 4c24 6444 | 8954 2468 

  0x000001fec7ec9234: ;   {runtime_call UncommonTrapBlob}
  0x000001fec7ec9234: c5f8 77e8 

  0x000001fec7ec9238: ; ImmutableOopMap {rbp=NarrowOop [32]=Oop [40]=Oop [56]=NarrowOop [64]=Oop [72]=Oop [88]=NarrowOop [92]=NarrowOop [96]=NarrowOop [100]=NarrowOop [104]=NarrowOop }
                      ;*ifnonnull {reexecute=1 rethrow=0 return_oop=0}
                      ; - (reexecute) java.util.zip.ZipFile::ensureOpen@25
                      ; - java.util.zip.ZipFile::getInputStream@31
                      ; - java.util.jar.JarFile::getInputStream@21
                      ; - jdk.internal.loader.URLClassPath$JarLoader$2::getInputStream@11
                      ; - jdk.internal.loader.Resource::cachedInputStream@9
                      ; - jdk.internal.loader.Resource::getByteBuffer@1
                      ; - jdk.internal.loader.BuiltinClassLoader::defineClass@45
  0x000001fec7ec9238: c4b3 8cff 

  0x000001fec7ec923c: ;   {other}
  0x000001fec7ec923c: 0f1f 8400 | ac7e 00aa | ba45 ffff | ff48 8b6c | 2448 4c8b | 5c24 304c | 895c 2420 | 448b 4424 
  0x000001fec7ec925c: 4044 8944 | 2430 4c89 | 6c24 384c | 896c 2440 | 4489 5424 | 5089 4424 | 5444 8954 | 2458 6690 
  0x000001fec7ec927c: ;   {runtime_call UncommonTrapBlob}
  0x000001fec7ec927c: c5f8 77e8 

  0x000001fec7ec9280: ; ImmutableOopMap {rbp=Oop [32]=Oop [48]=NarrowOop [56]=Oop [64]=Oop [80]=NarrowOop [88]=NarrowOop }
                      ;*if_icmpne {reexecute=1 rethrow=0 return_oop=0}
                      ; - (reexecute) java.util.zip.ZipFile::getInputStream@69
                      ; - java.util.jar.JarFile::getInputStream@21
                      ; - jdk.internal.loader.URLClassPath$JarLoader$2::getInputStream@11
                      ; - jdk.internal.loader.Resource::cachedInputStream@9
                      ; - jdk.internal.loader.Resource::getByteBuffer@1
                      ; - jdk.internal.loader.BuiltinClassLoader::defineClass@45
  0x000001fec7ec9280: 7cb3 8cff 

  0x000001fec7ec9284: ;   {other}
  0x000001fec7ec9284: 0f1f 8400 | f47e 00ab | 4d3b dabd | ffff ffff | 7c08 400f | 95c5 400f | b6ed ba45 | ffff ff4c 
  0x000001fec7ec92a4: 8b54 2448 | 4c89 5424 | 20c5 fa11 | 8c24 8800 | 0000 6690 

  0x000001fec7ec92b8: ;   {runtime_call UncommonTrapBlob}
  0x000001fec7ec92b8: c5f8 77e8 

  0x000001fec7ec92bc: ; ImmutableOopMap {[32]=Oop [40]=Oop [48]=Oop [56]=NarrowOop [60]=NarrowOop [64]=NarrowOop [68]=NarrowOop [120]=Oop [136]=NarrowOop }
                      ;*ifeq {reexecute=1 rethrow=0 return_oop=0}
                      ; - (reexecute) java.util.zip.ZipFile$ZipFileInputStream::<init>@44
                      ; - java.util.zip.ZipFile::getInputStream@88
                      ; - java.util.jar.JarFile::getInputStream@21
                      ; - jdk.internal.loader.URLClassPath$JarLoader$2::getInputStream@11
                      ; - jdk.internal.loader.Resource::cachedInputStream@9
                      ; - jdk.internal.loader.Resource::getByteBuffer@1
                      ; - jdk.internal.loader.BuiltinClassLoader::defineClass@45
  0x000001fec7ec92bc: 40b3 8cff 

  0x000001fec7ec92c0: ;   {other}
  0x000001fec7ec92c0: 0f1f 8400 | 307f 00ac | 493b cabd | ffff ffff | 7c08 400f | 95c5 400f | b6ed ba45 | ffff ff4c 
  0x000001fec7ec92e0: 8b54 2448 | 4c89 5424 | 20c5 fa11 | 8c24 8800 | 0000 6690 

  0x000001fec7ec92f4: ;   {runtime_call UncommonTrapBlob}
  0x000001fec7ec92f4: c5f8 77e8 

  0x000001fec7ec92f8: ; ImmutableOopMap {[32]=Oop [40]=Oop [48]=Oop [56]=NarrowOop [60]=NarrowOop [64]=NarrowOop [68]=NarrowOop [120]=Oop [136]=NarrowOop }
                      ;*ifeq {reexecute=1 rethrow=0 return_oop=0}
                      ; - (reexecute) java.util.zip.ZipFile$ZipFileInputStream::<init>@55
                      ; - java.util.zip.ZipFile::getInputStream@88
                      ; - java.util.jar.JarFile::getInputStream@21
                      ; - jdk.internal.loader.URLClassPath$JarLoader$2::getInputStream@11
                      ; - jdk.internal.loader.Resource::cachedInputStream@9
                      ; - jdk.internal.loader.Resource::getByteBuffer@1
                      ; - jdk.internal.loader.BuiltinClassLoader::defineClass@45
  0x000001fec7ec92f8: 04b3 8cff 

  0x000001fec7ec92fc: ;   {other}
  0x000001fec7ec92fc: 0f1f 8400 | 6c7f 00ad | 4d3b c2bd | ffff ffff | 7c08 400f | 95c5 400f | b6ed ba45 | ffff ff4c 
  0x000001fec7ec931c: 8b54 2448 | 4c89 5424 | 20c5 fa11 | 8c24 8800 | 0000 6690 

  0x000001fec7ec9330: ;   {runtime_call UncommonTrapBlob}
  0x000001fec7ec9330: c5f8 77e8 

  0x000001fec7ec9334: ; ImmutableOopMap {[32]=Oop [40]=Oop [48]=Oop [56]=NarrowOop [60]=NarrowOop [64]=NarrowOop [68]=NarrowOop [120]=Oop [136]=NarrowOop }
                      ;*ifne {reexecute=1 rethrow=0 return_oop=0}
                      ; - (reexecute) java.util.zip.ZipFile$ZipFileInputStream::<init>@66
                      ; - java.util.zip.ZipFile::getInputStream@88
                      ; - java.util.jar.JarFile::getInputStream@21
                      ; - jdk.internal.loader.URLClassPath$JarLoader$2::getInputStream@11
                      ; - jdk.internal.loader.Resource::cachedInputStream@9
                      ; - jdk.internal.loader.Resource::getByteBuffer@1
                      ; - jdk.internal.loader.BuiltinClassLoader::defineClass@45
  0x000001fec7ec9334: c8b2 8cff 

  0x000001fec7ec9338: ;   {other}
  0x000001fec7ec9338: 0f1f 8400 | a87f 00ae | ba45 ffff | ff48 8b6c | 2448 4c8b | 5c24 304c | 895c 2420 | 448b 4424 
  0x000001fec7ec9358: 4044 8944 | 2430 4889 | 4424 f88b | 4424 4489 | 4424 4048 | 8b44 24f8 | 4889 5c24 | 6866 6690 
  0x000001fec7ec9378: ;   {runtime_call UncommonTrapBlob}
  0x000001fec7ec9378: c5f8 77e8 

  0x000001fec7ec937c: ; ImmutableOopMap {rbp=Oop [32]=Oop [40]=Oop [48]=NarrowOop [56]=NarrowOop [60]=NarrowOop [64]=NarrowOop [104]=Oop [184]=Oop }
                      ;*ifgt {reexecute=1 rethrow=0 return_oop=0}
                      ; - (reexecute) java.util.zip.InflaterInputStream::<init>@44
                      ; - java.util.zip.ZipFile$ZipFileInflaterInputStream::<init>@11
                      ; - java.util.zip.ZipFile$ZipFileInflaterInputStream::<init>@10
                      ; - java.util.zip.ZipFile::getInputStream@216
                      ; - java.util.jar.JarFile::getInputStream@21
                      ; - jdk.internal.loader.URLClassPath$JarLoader$2::getInputStream@11
                      ; - jdk.internal.loader.Resource::cachedInputStream@9
                      ; - jdk.internal.loader.Resource::getByteBuffer@1
                      ; - jdk.internal.loader.BuiltinClassLoader::defineClass@45
  0x000001fec7ec937c: 80b2 8cff 

  0x000001fec7ec9380: ;   {other}
  0x000001fec7ec9380: 0f1f 8400 | f07f 00af | ba45 ffff | ff48 8b6c | 2448 4c8b | 4424 304c | 8944 2420 | 448b 4424 
  0x000001fec7ec93a0: 4044 8944 | 2430 4c89 | 6c24 384c | 896c 2440 | 4489 5424 | 6444 895c | 2468 4489 | 5c24 6c90 
  0x000001fec7ec93c0: ;   {runtime_call UncommonTrapBlob}
  0x000001fec7ec93c0: c5f8 77e8 

  0x000001fec7ec93c4: ; ImmutableOopMap {rbp=Oop [32]=Oop [48]=NarrowOop [56]=Oop [64]=Oop [100]=NarrowOop [104]=NarrowOop [108]=NarrowOop }
                      ;*ifnonnull {reexecute=1 rethrow=0 return_oop=0}
                      ; - (reexecute) java.util.Objects::requireNonNull@1
                      ; - java.util.jar.JarFile::getInputStream@4
                      ; - jdk.internal.loader.URLClassPath$JarLoader$2::getInputStream@11
                      ; - jdk.internal.loader.Resource::cachedInputStream@9
                      ; - jdk.internal.loader.Resource::getBytes@1
                      ; - jdk.internal.loader.URLClassPath$JarLoader$2::getBytes@1
                      ; - jdk.internal.loader.BuiltinClassLoader::defineClass@84
  0x000001fec7ec93c4: 38b2 8cff 

  0x000001fec7ec93c8: ;   {other}
  0x000001fec7ec93c8: 0f1f 8400 | 3880 00b0 | ba45 ffff | ff4c 8b44 | 2448 4c89 | 4424 204c | 8b44 2430 | 4c89 4424 
  0x000001fec7ec93e8: 288b 4c24 | 4089 4c24 | 384c 896c | 2440 4c89 | 6c24 4844 | 8954 2468 | 4489 5c24 | 6c44 894c 
  0x000001fec7ec9408: 2470 4889 | 4424 f88b | 4424 7889 | 4424 7448 | 8b44 24f8 | 4489 5424 | 7866 6690 

  0x000001fec7ec9424: ;   {runtime_call UncommonTrapBlob}
  0x000001fec7ec9424: c5f8 77e8 

  0x000001fec7ec9428: ; ImmutableOopMap {[32]=Oop [40]=Oop [56]=NarrowOop [64]=Oop [72]=Oop [104]=NarrowOop [108]=NarrowOop [112]=NarrowOop [116]=NarrowOop [120]=NarrowOop }
                      ;*ifeq {reexecute=1 rethrow=0 return_oop=0}
                      ; - (reexecute) java.util.zip.ZipFile::ensureOpen@4
                      ; - java.util.zip.ZipFile::getInputStream@31
                      ; - java.util.jar.JarFile::getInputStream@21
                      ; - jdk.internal.loader.URLClassPath$JarLoader$2::getInputStream@11
                      ; - jdk.internal.loader.Resource::cachedInputStream@9
                      ; - jdk.internal.loader.Resource::getBytes@1
                      ; - jdk.internal.loader.URLClassPath$JarLoader$2::getBytes@1
                      ; - jdk.internal.loader.BuiltinClassLoader::defineClass@84
  0x000001fec7ec9428: d4b1 8cff 

  0x000001fec7ec942c: ;   {other}
  0x000001fec7ec942c: 0f1f 8400 | 9c80 00b1 | ba45 ffff | ff4c 8b44 | 2448 4c89 | 4424 204c | 8b44 2430 | 4c89 4424 
  0x000001fec7ec944c: 288b 4c24 | 4089 4c24 | 384c 896c | 2440 4c89 | 6c24 4844 | 8954 2468 | 4489 5c24 | 6c44 894c 
  0x000001fec7ec946c: 2470 4889 | 4424 f88b | 4424 7889 | 4424 7448 | 8b44 24f8 | 4489 5424 | 7866 6690 

  0x000001fec7ec9488: ;   {runtime_call UncommonTrapBlob}
  0x000001fec7ec9488: c5f8 77e8 

  0x000001fec7ec948c: ; ImmutableOopMap {rbp=NarrowOop [32]=Oop [40]=Oop [56]=NarrowOop [64]=Oop [72]=Oop [104]=NarrowOop [108]=NarrowOop [112]=NarrowOop [116]=NarrowOop [120]=NarrowOop }
                      ;*ifnonnull {reexecute=1 rethrow=0 return_oop=0}
                      ; - (reexecute) java.util.zip.ZipFile::ensureOpen@25
                      ; - java.util.zip.ZipFile::getInputStream@31
                      ; - java.util.jar.JarFile::getInputStream@21
                      ; - jdk.internal.loader.URLClassPath$JarLoader$2::getInputStream@11
                      ; - jdk.internal.loader.Resource::cachedInputStream@9
                      ; - jdk.internal.loader.Resource::getBytes@1
                      ; - jdk.internal.loader.URLClassPath$JarLoader$2::getBytes@1
                      ; - jdk.internal.loader.BuiltinClassLoader::defineClass@84
  0x000001fec7ec948c: 70b1 8cff 

  0x000001fec7ec9490: ;   {other}
  0x000001fec7ec9490: 0f1f 8400 | 0081 00b2 | ba45 ffff | ff48 8b6c | 2448 4c8b | 4424 304c | 8944 2420 | 448b 4c24 
  0x000001fec7ec94b0: 4044 894c | 2430 4c89 | 6c24 384c | 896c 2440 | 4489 5424 | 6089 4424 | 6444 8954 | 2468 6690 
  0x000001fec7ec94d0: ;   {runtime_call UncommonTrapBlob}
  0x000001fec7ec94d0: c5f8 77e8 

  0x000001fec7ec94d4: ; ImmutableOopMap {rbp=Oop [32]=Oop [48]=NarrowOop [56]=Oop [64]=Oop [96]=NarrowOop [104]=NarrowOop }
                      ;*if_icmpne {reexecute=1 rethrow=0 return_oop=0}
                      ; - (reexecute) java.util.zip.ZipFile::getInputStream@69
                      ; - java.util.jar.JarFile::getInputStream@21
                      ; - jdk.internal.loader.URLClassPath$JarLoader$2::getInputStream@11
                      ; - jdk.internal.loader.Resource::cachedInputStream@9
                      ; - jdk.internal.loader.Resource::getBytes@1
                      ; - jdk.internal.loader.URLClassPath$JarLoader$2::getBytes@1
                      ; - jdk.internal.loader.BuiltinClassLoader::defineClass@84
  0x000001fec7ec94d4: 28b1 8cff 

  0x000001fec7ec94d8: ;   {other}
  0x000001fec7ec94d8: 0f1f 8400 | 4881 00b3 | 4d3b d3bd | ffff ffff | 7c08 400f | 95c5 400f | b6ed ba45 | ffff ff4c 
  0x000001fec7ec94f8: 8b54 2448 | 4c89 5424 | 204c 8984 | 2490 0000 | 0066 6690 

  0x000001fec7ec950c: ;   {runtime_call UncommonTrapBlob}
  0x000001fec7ec950c: c5f8 77e8 

  0x000001fec7ec9510: ; ImmutableOopMap {[32]=Oop [40]=Oop [48]=Oop [56]=NarrowOop [60]=NarrowOop [64]=NarrowOop [104]=NarrowOop [120]=NarrowOop [144]=Oop }
                      ;*ifeq {reexecute=1 rethrow=0 return_oop=0}
                      ; - (reexecute) java.util.zip.ZipFile$ZipFileInputStream::<init>@44
                      ; - java.util.zip.ZipFile::getInputStream@88
                      ; - java.util.jar.JarFile::getInputStream@21
                      ; - jdk.internal.loader.URLClassPath$JarLoader$2::getInputStream@11
                      ; - jdk.internal.loader.Resource::cachedInputStream@9
                      ; - jdk.internal.loader.Resource::getBytes@1
                      ; - jdk.internal.loader.URLClassPath$JarLoader$2::getBytes@1
                      ; - jdk.internal.loader.BuiltinClassLoader::defineClass@84
  0x000001fec7ec9510: ecb0 8cff 

  0x000001fec7ec9514: ;   {other}
  0x000001fec7ec9514: 0f1f 8400 | 8481 00b4 | 4d3b d3bd | ffff ffff | 7c08 400f | 95c5 400f | b6ed ba45 | ffff ff4c 
  0x000001fec7ec9534: 8b54 2448 | 4c89 5424 | 204c 8984 | 2490 0000 | 0066 6690 

  0x000001fec7ec9548: ;   {runtime_call UncommonTrapBlob}
  0x000001fec7ec9548: c5f8 77e8 

  0x000001fec7ec954c: ; ImmutableOopMap {[32]=Oop [40]=Oop [48]=Oop [56]=NarrowOop [60]=NarrowOop [64]=NarrowOop [104]=NarrowOop [120]=NarrowOop [144]=Oop }
                      ;*ifeq {reexecute=1 rethrow=0 return_oop=0}
                      ; - (reexecute) java.util.zip.ZipFile$ZipFileInputStream::<init>@55
                      ; - java.util.zip.ZipFile::getInputStream@88
                      ; - java.util.jar.JarFile::getInputStream@21
                      ; - jdk.internal.loader.URLClassPath$JarLoader$2::getInputStream@11
                      ; - jdk.internal.loader.Resource::cachedInputStream@9
                      ; - jdk.internal.loader.Resource::getBytes@1
                      ; - jdk.internal.loader.URLClassPath$JarLoader$2::getBytes@1
                      ; - jdk.internal.loader.BuiltinClassLoader::defineClass@84
  0x000001fec7ec954c: b0b0 8cff 

  0x000001fec7ec9550: ;   {other}
  0x000001fec7ec9550: 0f1f 8400 | c081 00b5 | 493b c2bd | ffff ffff | 7c08 400f | 95c5 400f | b6ed ba45 | ffff ff4c 
  0x000001fec7ec9570: 8b54 2448 | 4c89 5424 | 204c 8984 | 2490 0000 | 0066 6690 

  0x000001fec7ec9584: ;   {runtime_call UncommonTrapBlob}
  0x000001fec7ec9584: c5f8 77e8 

  0x000001fec7ec9588: ; ImmutableOopMap {[32]=Oop [40]=Oop [48]=Oop [56]=NarrowOop [60]=NarrowOop [64]=NarrowOop [104]=NarrowOop [120]=NarrowOop [144]=Oop }
                      ;*ifne {reexecute=1 rethrow=0 return_oop=0}
                      ; - (reexecute) java.util.zip.ZipFile$ZipFileInputStream::<init>@66
                      ; - java.util.zip.ZipFile::getInputStream@88
                      ; - java.util.jar.JarFile::getInputStream@21
                      ; - jdk.internal.loader.URLClassPath$JarLoader$2::getInputStream@11
                      ; - jdk.internal.loader.Resource::cachedInputStream@9
                      ; - jdk.internal.loader.Resource::getBytes@1
                      ; - jdk.internal.loader.URLClassPath$JarLoader$2::getBytes@1
                      ; - jdk.internal.loader.BuiltinClassLoader::defineClass@84
  0x000001fec7ec9588: 74b0 8cff 

  0x000001fec7ec958c: ;   {other}
  0x000001fec7ec958c: 0f1f 8400 | fc81 00b6 | ba45 ffff | ff48 8b6c | 2448 4c8b | 5c24 304c | 895c 2420 | 448b 5c24 
  0x000001fec7ec95ac: 4044 895c | 2430 4c8b | 5c24 684c | 895c 2458 | 4c8b 5c24 | 784c 895c | 2460 4c89 | 4424 7044 
  0x000001fec7ec95cc: 894c 247c | 4489 9424 | 8000 0000 

  0x000001fec7ec95d8: ;   {runtime_call UncommonTrapBlob}
  0x000001fec7ec95d8: c5f8 77e8 

  0x000001fec7ec95dc: ; ImmutableOopMap {rbp=Oop [32]=Oop [40]=Oop [48]=NarrowOop [56]=NarrowOop [88]=Oop [96]=Oop [112]=Oop [136]=NarrowOop }
                      ;*if_icmple {reexecute=1 rethrow=0 return_oop=0}
                      ; - (reexecute) java.util.WeakHashMap::put@146
                      ; - java.util.Collections$SetFromMap::add@8
                      ; - java.util.zip.ZipFile::getInputStream@231
                      ; - java.util.jar.JarFile::getInputStream@21
                      ; - jdk.internal.loader.URLClassPath$JarLoader$2::getInputStream@11
                      ; - jdk.internal.loader.Resource::cachedInputStream@9
                      ; - jdk.internal.loader.Resource::getByteBuffer@1
                      ; - jdk.internal.loader.BuiltinClassLoader::defineClass@45
  0x000001fec7ec95dc: 20b0 8cff 

  0x000001fec7ec95e0: ;   {other}
  0x000001fec7ec95e0: 0f1f 8400 | 5082 00b7 | 4533 d249 | 3bea bdff | ffff ff7c | 0840 0f95 | c540 0fb6 | edba 45ff 
  0x000001fec7ec9600: ffff 4c8b | 5424 484c | 8954 2420 | 448b 5424 | 4044 8954 | 243c 4889 | 4424 f88b | 4424 7889 
  0x000001fec7ec9620: 4424 7448 | 8b44 24f8 

  0x000001fec7ec9628: ;   {runtime_call UncommonTrapBlob}
  0x000001fec7ec9628: c5f8 77e8 

  0x000001fec7ec962c: ; ImmutableOopMap {[32]=Oop [40]=Oop [48]=Oop [56]=NarrowOop [60]=NarrowOop [88]=Oop [116]=NarrowOop }
                      ;*ifgt {reexecute=1 rethrow=0 return_oop=0}
                      ; - (reexecute) java.util.zip.ZipFile::getInputStream@195
                      ; - java.util.jar.JarFile::getInputStream@21
                      ; - jdk.internal.loader.URLClassPath$JarLoader$2::getInputStream@11
                      ; - jdk.internal.loader.Resource::cachedInputStream@9
                      ; - jdk.internal.loader.Resource::getBytes@1
                      ; - jdk.internal.loader.URLClassPath$JarLoader$2::getBytes@1
                      ; - jdk.internal.loader.BuiltinClassLoader::defineClass@84
  0x000001fec7ec962c: d0af 8cff 

  0x000001fec7ec9630: ;   {other}
  0x000001fec7ec9630: 0f1f 8400 | a082 00b8 | 458b 1845 | 85db 0f84 | dfd4 ffff | 4d8b 5728 | 498b cb48 | c1e1 034d 
  0x000001fec7ec9650: 85d2 0f84 | 000f 0000 | 4d8b 5f38 | 4b89 4c13 | f849 83c2 | f84d 8957 | 28e9 b5d4 | ffff 33ed 
  0x000001fec7ec9670: 4585 d240 | 0f94 c5ba | 45ff ffff | 4c8b 5424 | 484c 8954 | 2420 4c8b | 5424 304c | 8954 2428 
  0x000001fec7ec9690: 4c8b 5424 | 384c 8954 | 2430 448b | 5c24 4044 | 895c 243c | 48ff 7424 | 7848 8f44 | 2468 4c89 
  0x000001fec7ec96b0: b424 8000 | 0000 4489 | 4424 4490 

  0x000001fec7ec96bc: ;   {runtime_call UncommonTrapBlob}
  0x000001fec7ec96bc: c5f8 77e8 

  0x000001fec7ec96c0: ; ImmutableOopMap {[32]=Oop [40]=Oop [48]=Oop [60]=NarrowOop [64]=NarrowOop [68]=NarrowOop [88]=Oop [104]=Oop [128]=Oop }
                      ;*ifeq {reexecute=1 rethrow=0 return_oop=0}
                      ; - (reexecute) java.lang.String::hashCode@20
                      ; - java.util.concurrent.ConcurrentHashMap::get@1
                      ; - java.lang.ClassLoader::getDefinedPackage@13
                      ; - jdk.internal.loader.BuiltinClassLoader::getAndVerifyPackage@2
                      ; - jdk.internal.loader.BuiltinClassLoader::defineOrCheckPackage@4
                      ; - jdk.internal.loader.ClassLoaders$AppClassLoader::defineOrCheckPackage@4
                      ; - jdk.internal.loader.BuiltinClassLoader::defineClass@40
  0x000001fec7ec96c0: 3caf 8cff 

  0x000001fec7ec96c4: ;   {other}
  0x000001fec7ec96c4: 0f1f 8400 | 3483 00b9 | ba45 ffff | ff48 8b6c | 2448 4c8b | 5c24 304c | 895c 2420 | 4c8b 5c24 
  0x000001fec7ec96e4: 384c 895c | 2430 448b | 4424 4044 | 8944 243c | 4c8b 5c24 | 684c 895c | 2440 4889 | 7424 7044 
  0x000001fec7ec9704: 8954 2478 

  0x000001fec7ec9708: ;   {runtime_call UncommonTrapBlob}
  0x000001fec7ec9708: c5f8 77e8 

  0x000001fec7ec970c: ; ImmutableOopMap {rbp=Oop [32]=Oop [40]=Oop [48]=Oop [60]=NarrowOop [64]=Oop [88]=Oop [112]=Oop }
                      ;*ifle {reexecute=1 rethrow=0 return_oop=0}
                      ; - (reexecute) java.util.HashMap::getNode@14
                      ; - java.util.HashMap::get@2
                      ; - java.util.jar.Manifest::getAttributes@5
                      ; - java.util.jar.Manifest::getTrustedAttributes@2
                      ; - java.util.jar.JavaUtilJarAccessImpl::getTrustedAttributes@2
                      ; - jdk.internal.loader.BuiltinClassLoader::isSealed@17
                      ; - jdk.internal.loader.BuiltinClassLoader::getAndVerifyPackage@70
                      ; - jdk.internal.loader.BuiltinClassLoader::defineOrCheckPackage@4
                      ; - jdk.internal.loader.ClassLoaders$AppClassLoader::defineOrCheckPackage@4
                      ; - jdk.internal.loader.BuiltinClassLoader::defineClass@40
  0x000001fec7ec970c: f0ae 8cff 

  0x000001fec7ec9710: ;   {other}
  0x000001fec7ec9710: 0f1f 8400 | 8083 00ba | baf6 ffff | ff48 8b6c | 2448 4c8b | 5c24 304c | 895c 2420 | 448b 5c24 
  0x000001fec7ec9730: 4044 895c | 2430 4c89 | 6c24 384c | 896c 2440 | 4489 5424 | 5044 894c | 2454 4489 | 5424 5889 
  0x000001fec7ec9750: 4424 5c90 

  0x000001fec7ec9754: ;   {runtime_call UncommonTrapBlob}
  0x000001fec7ec9754: c5f8 77e8 

  0x000001fec7ec9758: ; ImmutableOopMap {rbp=Oop [32]=Oop [48]=NarrowOop [56]=Oop [64]=Oop [80]=NarrowOop [84]=NarrowOop [88]=NarrowOop [92]=NarrowOop }
                      ;*invokevirtual getEntryPos {reexecute=0 rethrow=0 return_oop=0}
                      ; - java.util.zip.ZipFile::getInputStream@63
                      ; - java.util.jar.JarFile::getInputStream@21
                      ; - jdk.internal.loader.URLClassPath$JarLoader$2::getInputStream@11
                      ; - jdk.internal.loader.Resource::cachedInputStream@9
                      ; - jdk.internal.loader.Resource::getByteBuffer@1
                      ; - jdk.internal.loader.BuiltinClassLoader::defineClass@45
  0x000001fec7ec9758: a4ae 8cff 

  0x000001fec7ec975c: ;   {other}
  0x000001fec7ec975c: 0f1f 8400 | cc83 00bb | baf6 ffff | ff48 8b6c | 2448 4c8b | 5c24 304c | 895c 2420 | 448b 4c24 
  0x000001fec7ec977c: 4044 894c | 2430 4c89 | 6c24 384c | 896c 2440 | 4489 5424 | 6044 8954 | 2468 4489 | 4424 6c90 
  0x000001fec7ec979c: ;   {runtime_call UncommonTrapBlob}
  0x000001fec7ec979c: c5f8 77e8 

  0x000001fec7ec97a0: ; ImmutableOopMap {rbp=Oop [32]=Oop [48]=NarrowOop [56]=Oop [64]=Oop [96]=NarrowOop [104]=NarrowOop [108]=NarrowOop [120]=NarrowOop }
                      ;*invokevirtual getEntryPos {reexecute=0 rethrow=0 return_oop=0}
                      ; - java.util.zip.ZipFile::getInputStream@63
                      ; - java.util.jar.JarFile::getInputStream@21
                      ; - jdk.internal.loader.URLClassPath$JarLoader$2::getInputStream@11
                      ; - jdk.internal.loader.Resource::cachedInputStream@9
                      ; - jdk.internal.loader.Resource::getBytes@1
                      ; - jdk.internal.loader.URLClassPath$JarLoader$2::getBytes@1
                      ; - jdk.internal.loader.BuiltinClassLoader::defineClass@84
  0x000001fec7ec97a0: 5cae 8cff 

  0x000001fec7ec97a4: ;   {other}
  0x000001fec7ec97a4: 0f1f 8400 | 1484 00bc | ba45 ffff | ff4c 8b5c | 2448 4c89 | 5c24 204c | 8b5c 2430 | 4c89 5c24 
  0x000001fec7ec97c4: 284c 8b5c | 2438 4c89 | 5c24 3044 | 8b4c 2440 | 4489 4c24 | 3c48 ff74 | 2478 488f | 4424 684c 
  0x000001fec7ec97e4: 89b4 2480 | 0000 0044 | 8944 2444 | 4489 9424 | 9000 0000 | 898c 2494 | 0000 0090 

  0x000001fec7ec9800: ;   {runtime_call UncommonTrapBlob}
  0x000001fec7ec9800: c5f8 77e8 

  0x000001fec7ec9804: ; ImmutableOopMap {[32]=Oop [40]=Oop [48]=Oop [60]=NarrowOop [64]=NarrowOop [68]=NarrowOop [88]=Oop [104]=Oop [128]=Oop }
                      ;*if_icmpne {reexecute=1 rethrow=0 return_oop=0}
                      ; - (reexecute) java.lang.String::equals@33
                      ; - java.util.concurrent.ConcurrentHashMap::get@73
                      ; - java.lang.ClassLoader::getDefinedPackage@13
                      ; - jdk.internal.loader.BuiltinClassLoader::getAndVerifyPackage@2
                      ; - jdk.internal.loader.BuiltinClassLoader::defineOrCheckPackage@4
                      ; - jdk.internal.loader.ClassLoaders$AppClassLoader::defineOrCheckPackage@4
                      ; - jdk.internal.loader.BuiltinClassLoader::defineClass@40
  0x000001fec7ec9804: f8ad 8cff 

  0x000001fec7ec9808: ;   {other}
  0x000001fec7ec9808: 0f1f 8400 | 7884 00bd | 4c8b 9424 | 9000 0000 | 458b 1245 | 85d2 0f84 | 58d5 ffff | 4d8b 5f28 
  0x000001fec7ec9828: 498b ca48 | c1e1 034d | 85db 0f84 | 460d 0000 | 4d8b 5738 | 4b89 4c1a | f849 83c3 | f84d 895f 
  0x000001fec7ec9848: 28e9 2ed5 | ffff 4c8b | 8424 a000 | 0000 458b | 1045 85d2 | 0f84 8fd5 | ffff 4d8b | 5f28 498b 
  0x000001fec7ec9868: ca48 c1e1 | 034d 85db | 0f84 280d | 0000 4d8b | 5738 4b89 | 4c1a f849 | 83c3 f84d | 895f 28e9 
  0x000001fec7ec9888: 65d5 ffff | 4d8b 5748 | 4d8b 5f58 | f083 4424 | c000 8039 | 000f 8488 | d5ff ff44 | 8821 4d85 
  0x000001fec7ec98a8: d275 2049 | 8bd7 c5f8 | 7749 ba40 | dd6f 04fc | 7f00 0041 

  0x000001fec7ec98bc: ;   {other}
  0x000001fec7ec98bc: ffd2 0f1f | 8400 0000 | 0000 e960 | d5ff ff4b | 894c 13f8 | 4983 c2f8 | 4d89 5748 | e94e d5ff 
  0x000001fec7ec98dc: ff4d 8b57 | 584d 8b5f | 48f0 8344 | 24c0 0080 | 3900 0f84 | d4d4 ffff | 4488 214d | 85db 7520 
  0x000001fec7ec98fc: 498b d7c5 | f877 49ba | 40dd 6f04 | fc7f 0000 

  0x000001fec7ec990c: ;   {other}
  0x000001fec7ec990c: 41ff d20f | 1f84 0000 | 0000 00e9 | acd4 ffff | 4b89 4c1a | f849 83c3 | f84d 895f | 48e9 9ad4 
  0x000001fec7ec992c: ffff ba45 | ffff ff4c | 8b5c 2448 | 4c89 5c24 | 204c 8b5c | 2430 4c89 | 5c24 284c | 8b5c 2438 
  0x000001fec7ec994c: 4c89 5c24 | 3044 8b4c | 2440 458b | d944 895c | 243c 48ff | 7424 7848 | 8f44 2468 | 4c89 b424 
  0x000001fec7ec996c: 8000 0000 | 4489 4424 | 4444 8994 | 2490 0000 | 0066 6690 

  0x000001fec7ec9980: ;   {runtime_call UncommonTrapBlob}
  0x000001fec7ec9980: c5f8 77e8 

  0x000001fec7ec9984: ; ImmutableOopMap {[32]=Oop [40]=Oop [48]=Oop [60]=NarrowOop [64]=NarrowOop [68]=NarrowOop [88]=Oop [104]=Oop [128]=Oop }
                      ;*ifge {reexecute=1 rethrow=0 return_oop=0}
                      ; - (reexecute) java.util.concurrent.ConcurrentHashMap::get@86
                      ; - java.lang.ClassLoader::getDefinedPackage@13
                      ; - jdk.internal.loader.BuiltinClassLoader::getAndVerifyPackage@2
                      ; - jdk.internal.loader.BuiltinClassLoader::defineOrCheckPackage@4
                      ; - jdk.internal.loader.ClassLoaders$AppClassLoader::defineOrCheckPackage@4
                      ; - jdk.internal.loader.BuiltinClassLoader::defineClass@40
  0x000001fec7ec9984: 78ac 8cff 

  0x000001fec7ec9988: ;   {other}
  0x000001fec7ec9988: 0f1f 8400 | f885 00be | ba45 ffff | ff48 8b6c | 2448 4c8b | 5424 304c | 8954 2420 | 4c8b 5424 
  0x000001fec7ec99a8: 384c 8954 | 2430 448b | 5424 4044 | 8954 2438 | 4889 4c24 | 584c 8b54 | 2468 4c89 | 5424 404c 
  0x000001fec7ec99c8: 895c 2460 | 4489 4424 | 6866 6690 

  0x000001fec7ec99d4: ;   {runtime_call UncommonTrapBlob}
  0x000001fec7ec99d4: c5f8 77e8 

  0x000001fec7ec99d8: ; ImmutableOopMap {rbp=Oop [32]=Oop [40]=Oop [48]=Oop [56]=NarrowOop [64]=Oop [88]=Oop [96]=Oop }
                      ;*ifle {reexecute=1 rethrow=0 return_oop=0}
                      ; - (reexecute) java.util.HashMap::getNode@14
                      ; - java.util.LinkedHashMap::get@2
                      ; - java.util.jar.Attributes::get@5
                      ; - java.util.jar.Attributes::getValue@2
                      ; - jdk.internal.loader.BuiltinClassLoader::isSealed@57
                      ; - jdk.internal.loader.BuiltinClassLoader::getAndVerifyPackage@70
                      ; - jdk.internal.loader.BuiltinClassLoader::defineOrCheckPackage@4
                      ; - jdk.internal.loader.ClassLoaders$AppClassLoader::defineOrCheckPackage@4
                      ; - jdk.internal.loader.BuiltinClassLoader::defineClass@40
  0x000001fec7ec99d8: 24ac 8cff 

  0x000001fec7ec99dc: ;   {other}
  0x000001fec7ec99dc: 0f1f 8400 | 4c86 00bf | ba45 ffff | ff4c 8b5c | 2430 4c89 | 5c24 284c | 8b5c 2438 | 4c89 5c24 
  0x000001fec7ec99fc: 3044 8b44 | 2440 458b | d844 895c | 243c 4c89 | 7424 684c | 89b4 2480 | 0000 0044 | 896c 2444 
  0x000001fec7ec9a1c: 4889 b424 | 9000 0000 | 4489 9424 | 9800 0000 

  0x000001fec7ec9a2c: ;   {runtime_call UncommonTrapBlob}
  0x000001fec7ec9a2c: c5f8 77e8 

  0x000001fec7ec9a30: ; ImmutableOopMap {rbp=NarrowOop [40]=Oop [48]=Oop [60]=NarrowOop [64]=NarrowOop [68]=NarrowOop [72]=Oop [88]=Oop [104]=Oop [128]=Oop [144]=Oop }
                      ;*ifnull {reexecute=1 rethrow=0 return_oop=0}
                      ; - (reexecute) java.util.concurrent.ConcurrentHashMap::get@143
                      ; - java.lang.ClassLoader::definePackage@47
                      ; - java.lang.ClassLoader::getDefinedPackage@32
                      ; - jdk.internal.loader.BuiltinClassLoader::getAndVerifyPackage@2
                      ; - jdk.internal.loader.BuiltinClassLoader::defineOrCheckPackage@4
                      ; - jdk.internal.loader.ClassLoaders$AppClassLoader::defineOrCheckPackage@4
                      ; - jdk.internal.loader.BuiltinClassLoader::defineClass@40
  0x000001fec7ec9a30: ccab 8cff 

  0x000001fec7ec9a34: ;   {other}
  0x000001fec7ec9a34: 0f1f 8400 | a486 00c0 | ba45 ffff | ff48 8b6c | 2448 4c8b | 5424 304c | 8954 2420 | 4c8b 5424 
  0x000001fec7ec9a54: 384c 8954 | 2430 448b | 5c24 4044 | 895c 243c | 8944 246c 

  0x000001fec7ec9a68: ;   {runtime_call UncommonTrapBlob}
  0x000001fec7ec9a68: c5f8 77e8 

  0x000001fec7ec9a6c: ; ImmutableOopMap {rbp=Oop [32]=Oop [40]=Oop [48]=Oop [60]=NarrowOop [64]=NarrowOop [68]=NarrowOop [88]=Oop [120]=Oop }
                      ;*ifeq {reexecute=1 rethrow=0 return_oop=0}
                      ; - (reexecute) java.util.concurrent.ConcurrentHashMap::get@152
                      ; - java.lang.ClassLoader::definePackage@47
                      ; - java.lang.ClassLoader::getDefinedPackage@32
                      ; - jdk.internal.loader.BuiltinClassLoader::getAndVerifyPackage@2
                      ; - jdk.internal.loader.BuiltinClassLoader::defineOrCheckPackage@4
                      ; - jdk.internal.loader.ClassLoaders$AppClassLoader::defineOrCheckPackage@4
                      ; - jdk.internal.loader.BuiltinClassLoader::defineClass@40
  0x000001fec7ec9a6c: 90ab 8cff 

  0x000001fec7ec9a70: ;   {other}
  0x000001fec7ec9a70: 0f1f 8400 | e086 00c1 | 33ed 4585 | db40 0f94 | c5ba 45ff | ffff 4c8b | 5424 484c | 8954 2420 
  0x000001fec7ec9a90: 4c8b 5424 | 304c 8954 | 2428 4c8b | 5424 384c | 8954 2430 | 448b 5424 | 4045 8bda | 4489 5c24 
  0x000001fec7ec9ab0: 3c4c 8974 | 2468 4c89 | b424 8000 | 0000 4489 | 6c24 4489 | b424 8800 | 0000 6690 

  0x000001fec7ec9acc: ;   {runtime_call UncommonTrapBlob}
  0x000001fec7ec9acc: c5f8 77e8 

  0x000001fec7ec9ad0: ; ImmutableOopMap {[32]=Oop [40]=Oop [48]=Oop [60]=NarrowOop [64]=NarrowOop [68]=NarrowOop [88]=Oop [104]=Oop [128]=Oop [136]=NarrowOop }
                      ;*ifeq {reexecute=1 rethrow=0 return_oop=0}
                      ; - (reexecute) java.lang.String::hashCode@20
                      ; - java.util.concurrent.ConcurrentHashMap::get@1
                      ; - java.lang.ClassLoader::definePackage@47
                      ; - java.lang.ClassLoader::getDefinedPackage@32
                      ; - jdk.internal.loader.BuiltinClassLoader::getAndVerifyPackage@2
                      ; - jdk.internal.loader.BuiltinClassLoader::defineOrCheckPackage@4
                      ; - jdk.internal.loader.ClassLoaders$AppClassLoader::defineOrCheckPackage@4
                      ; - jdk.internal.loader.BuiltinClassLoader::defineClass@40
  0x000001fec7ec9ad0: 2cab 8cff 

  0x000001fec7ec9ad4: ;   {other}
  0x000001fec7ec9ad4: 0f1f 8400 | 4487 00c2 | ba45 ffff | ff4c 8b44 | 2448 4c89 | 4424 204c | 8b44 2430 | 4c89 4424 
  0x000001fec7ec9af4: 284c 8b44 | 2438 4c89 | 4424 3044 | 8b44 2440 | 4489 4424 | 3c4c 8974 | 2468 4c89 | b424 8000 
  0x000001fec7ec9b14: 0000 4489 | 6c24 4444 | 899c 2490 | 0000 0044 | 8994 2494 | 0000 0089 | 9c24 9800 | 0000 6690 
  0x000001fec7ec9b34: ;   {runtime_call UncommonTrapBlob}
  0x000001fec7ec9b34: c5f8 77e8 

  0x000001fec7ec9b38: ; ImmutableOopMap {[32]=Oop [40]=Oop [48]=Oop [60]=NarrowOop [64]=NarrowOop [68]=NarrowOop [88]=Oop [104]=Oop [128]=Oop [144]=NarrowOop }
                      ;*if_icmpne {reexecute=1 rethrow=0 return_oop=0}
                      ; - (reexecute) java.lang.String::equals@33
                      ; - java.util.concurrent.ConcurrentHashMap::get@73
                      ; - java.lang.ClassLoader::definePackage@47
                      ; - java.lang.ClassLoader::getDefinedPackage@32
                      ; - jdk.internal.loader.BuiltinClassLoader::getAndVerifyPackage@2
                      ; - jdk.internal.loader.BuiltinClassLoader::defineOrCheckPackage@4
                      ; - jdk.internal.loader.ClassLoaders$AppClassLoader::defineOrCheckPackage@4
                      ; - jdk.internal.loader.BuiltinClassLoader::defineClass@40
  0x000001fec7ec9b38: c4aa 8cff 

  0x000001fec7ec9b3c: ;   {other}
  0x000001fec7ec9b3c: 0f1f 8400 | ac87 00c3 | ba45 ffff | ff4c 8b5c | 2448 4c89 | 5c24 204c | 8b5c 2430 | 4c89 5c24 
  0x000001fec7ec9b5c: 2844 8b5c | 2440 4489 | 5c24 384c | 896c 2440 | 4c89 6c24 | 4844 8954 | 2458 4489 | 4424 5c44 
  0x000001fec7ec9b7c: 8974 2460 | c5fa 114c | 2464 4489 | 5424 6889 | 7c24 7090 

  0x000001fec7ec9b90: ;   {runtime_call UncommonTrapBlob}
  0x000001fec7ec9b90: c5f8 77e8 

  0x000001fec7ec9b94: ; ImmutableOopMap {[32]=Oop [40]=Oop [56]=NarrowOop [64]=Oop [72]=Oop [88]=NarrowOop [92]=NarrowOop [96]=NarrowOop [100]=NarrowOop [104]=NarrowOop }
                      ;*if_icmpne {reexecute=1 rethrow=0 return_oop=0}
                      ; - (reexecute) java.lang.String::equals@33
                      ; - java.util.Objects::equals@11
                      ; - java.util.zip.ZipFile::getInputStream@42
                      ; - java.util.jar.JarFile::getInputStream@21
                      ; - jdk.internal.loader.URLClassPath$JarLoader$2::getInputStream@11
                      ; - jdk.internal.loader.Resource::cachedInputStream@9
                      ; - jdk.internal.loader.Resource::getByteBuffer@1
                      ; - jdk.internal.loader.BuiltinClassLoader::defineClass@45
  0x000001fec7ec9b94: 68aa 8cff 

  0x000001fec7ec9b98: ;   {other}
  0x000001fec7ec9b98: 0f1f 8400 | 0888 00c4 | ba45 ffff | ff4c 8b44 | 2448 4c89 | 4424 204c | 8b44 2430 | 4c89 4424 
  0x000001fec7ec9bb8: 288b 4c24 | 4089 4c24 | 384c 896c | 2440 4c89 | 6c24 4844 | 8954 2468 | 4489 5c24 | 6c44 894c 
  0x000001fec7ec9bd8: 2470 4889 | 4424 f88b | 4424 7889 | 4424 7448 | 8b44 24f8 | 4489 5424 | 7889 bc24 | 8000 0000 
  0x000001fec7ec9bf8: ;   {runtime_call UncommonTrapBlob}
  0x000001fec7ec9bf8: c5f8 77e8 

  0x000001fec7ec9bfc: ; ImmutableOopMap {[32]=Oop [40]=Oop [56]=NarrowOop [64]=Oop [72]=Oop [104]=NarrowOop [108]=NarrowOop [112]=NarrowOop [116]=NarrowOop [120]=NarrowOop }
                      ;*if_icmpne {reexecute=1 rethrow=0 return_oop=0}
                      ; - (reexecute) java.lang.String::equals@33
                      ; - java.util.Objects::equals@11
                      ; - java.util.zip.ZipFile::getInputStream@42
                      ; - java.util.jar.JarFile::getInputStream@21
                      ; - jdk.internal.loader.URLClassPath$JarLoader$2::getInputStream@11
                      ; - jdk.internal.loader.Resource::cachedInputStream@9
                      ; - jdk.internal.loader.Resource::getBytes@1
                      ; - jdk.internal.loader.URLClassPath$JarLoader$2::getBytes@1
                      ; - jdk.internal.loader.BuiltinClassLoader::defineClass@84
  0x000001fec7ec9bfc: 00aa 8cff 

  0x000001fec7ec9c00: ;   {other}
  0x000001fec7ec9c00: 0f1f 8400 | 7088 00c5 | ba45 ffff | ff4c 8b44 | 2448 4c89 | 4424 204c | 8b44 2430 | 4c89 4424 
  0x000001fec7ec9c20: 284c 8b44 | 2438 4c89 | 4424 3044 | 8b4c 2440 | 4489 4c24 | 3c4c 8974 | 2468 4c89 | b424 8000 
  0x000001fec7ec9c40: 0000 4489 | 6c24 4444 | 899c 2490 | 0000 0044 | 8994 2494 | 0000 0090 

  0x000001fec7ec9c58: ;   {runtime_call UncommonTrapBlob}
  0x000001fec7ec9c58: c5f8 77e8 

  0x000001fec7ec9c5c: ; ImmutableOopMap {[32]=Oop [40]=Oop [48]=Oop [60]=NarrowOop [64]=NarrowOop [68]=NarrowOop [88]=Oop [104]=Oop [128]=Oop [144]=NarrowOop }
                      ;*ifge {reexecute=1 rethrow=0 return_oop=0}
                      ; - (reexecute) java.util.concurrent.ConcurrentHashMap::get@86
                      ; - java.lang.ClassLoader::definePackage@47
                      ; - java.lang.ClassLoader::getDefinedPackage@32
                      ; - jdk.internal.loader.BuiltinClassLoader::getAndVerifyPackage@2
                      ; - jdk.internal.loader.BuiltinClassLoader::defineOrCheckPackage@4
                      ; - jdk.internal.loader.ClassLoaders$AppClassLoader::defineOrCheckPackage@4
                      ; - jdk.internal.loader.BuiltinClassLoader::defineClass@40
  0x000001fec7ec9c5c: a0a9 8cff 

  0x000001fec7ec9c60: ;   {other}
  0x000001fec7ec9c60: 0f1f 8400 | d088 00c6 | 418b ebe9 | 02b1 ffff | ba45 ffff | ff4c 8b5c | 2430 4c89 | 5c24 284c 
  0x000001fec7ec9c80: 8b5c 2438 | 4c89 5c24 | 3044 8b44 | 2440 458b | d844 895c | 243c 4c89 | 7424 684c | 89b4 2480 
  0x000001fec7ec9ca0: 0000 0048 | 899c 2490 | 0000 0044 | 8954 2444 

  0x000001fec7ec9cb0: ;   {runtime_call UncommonTrapBlob}
  0x000001fec7ec9cb0: c5f8 77e8 

  0x000001fec7ec9cb4: ; ImmutableOopMap {rbp=NarrowOop [40]=Oop [48]=Oop [60]=NarrowOop [64]=NarrowOop [72]=Oop [88]=Oop [104]=Oop [128]=Oop [144]=Oop }
                      ;*ifnull {reexecute=1 rethrow=0 return_oop=0}
                      ; - (reexecute) java.util.concurrent.ConcurrentHashMap::get@143
                      ; - java.lang.ClassLoader::getDefinedPackage@13
                      ; - jdk.internal.loader.BuiltinClassLoader::getAndVerifyPackage@2
                      ; - jdk.internal.loader.BuiltinClassLoader::defineOrCheckPackage@4
                      ; - jdk.internal.loader.ClassLoaders$AppClassLoader::defineOrCheckPackage@4
                      ; - jdk.internal.loader.BuiltinClassLoader::defineClass@40
  0x000001fec7ec9cb4: 48a9 8cff 

  0x000001fec7ec9cb8: ;   {other}
  0x000001fec7ec9cb8: 0f1f 8400 | 2889 00c7 | ba45 ffff | ff48 8b6c | 2448 4c8b | 5424 304c | 8954 2420 | 4c8b 5424 
  0x000001fec7ec9cd8: 384c 8954 | 2430 448b | 5c24 4044 | 895c 243c | 8984 2490 | 0000 0090 

  0x000001fec7ec9cf0: ;   {runtime_call UncommonTrapBlob}
  0x000001fec7ec9cf0: c5f8 77e8 

  0x000001fec7ec9cf4: ; ImmutableOopMap {rbp=Oop [32]=Oop [40]=Oop [48]=Oop [60]=NarrowOop [64]=NarrowOop [88]=Oop [104]=Oop }
                      ;*ifeq {reexecute=1 rethrow=0 return_oop=0}
                      ; - (reexecute) java.util.concurrent.ConcurrentHashMap::get@152
                      ; - java.lang.ClassLoader::getDefinedPackage@13
                      ; - jdk.internal.loader.BuiltinClassLoader::getAndVerifyPackage@2
                      ; - jdk.internal.loader.BuiltinClassLoader::defineOrCheckPackage@4
                      ; - jdk.internal.loader.ClassLoaders$AppClassLoader::defineOrCheckPackage@4
                      ; - jdk.internal.loader.BuiltinClassLoader::defineClass@40
  0x000001fec7ec9cf4: 08a9 8cff 

  0x000001fec7ec9cf8: ;   {other}
  0x000001fec7ec9cf8: 0f1f 8400 | 6889 00c8 | 4c8b 8424 | 8000 0000 | e9d7 dfff | ffba 45ff | ffff 4889 | 4c24 504c 
  0x000001fec7ec9d18: 8b54 2468 | 4c89 5424 | 604c 895c | 2468 4889 | 7c24 7090 

  0x000001fec7ec9d2c: ;   {runtime_call UncommonTrapBlob}
  0x000001fec7ec9d2c: c5f8 77e8 

  0x000001fec7ec9d30: ; ImmutableOopMap {[40]=Oop [48]=Oop [56]=Oop [64]=NarrowOop [72]=Oop [80]=Oop [96]=Oop [104]=Oop [112]=Oop }
                      ;*ifeq {reexecute=1 rethrow=0 return_oop=0}
                      ; - (reexecute) java.util.LinkedHashMap::get@16
                      ; - java.util.jar.Attributes::get@5
                      ; - java.util.jar.Attributes::getValue@2
                      ; - jdk.internal.loader.BuiltinClassLoader::isSealed@57
                      ; - jdk.internal.loader.BuiltinClassLoader::getAndVerifyPackage@70
                      ; - jdk.internal.loader.BuiltinClassLoader::defineOrCheckPackage@4
                      ; - jdk.internal.loader.ClassLoaders$AppClassLoader::defineOrCheckPackage@4
                      ; - jdk.internal.loader.BuiltinClassLoader::defineClass@40
  0x000001fec7ec9d30: cca8 8cff 

  0x000001fec7ec9d34: ;   {other}
  0x000001fec7ec9d34: 0f1f 8400 | a489 00c9 | ba45 ffff | ff48 8b6c | 2448 4c8b | 5424 304c | 8954 2420 | 4c8b 5424 
  0x000001fec7ec9d54: 384c 8954 | 2430 448b | 5424 4044 | 8954 2438 | 448b 9424 | 8000 0000 | 4489 5424 | 4089 8424 
  0x000001fec7ec9d74: 8000 0000 

  0x000001fec7ec9d78: ;   {runtime_call UncommonTrapBlob}
  0x000001fec7ec9d78: c5f8 77e8 

  0x000001fec7ec9d7c: ; ImmutableOopMap {rbp=Oop [32]=Oop [40]=Oop [48]=Oop [56]=NarrowOop [64]=NarrowOop [88]=Oop [104]=Oop [120]=Oop }
                      ;*ifeq {reexecute=1 rethrow=0 return_oop=0}
                      ; - (reexecute) java.util.HashMap::getNode@66
                      ; - java.util.HashMap::get@2
                      ; - java.util.jar.Manifest::getAttributes@5
                      ; - java.util.jar.Manifest::getTrustedAttributes@2
                      ; - java.util.jar.JavaUtilJarAccessImpl::getTrustedAttributes@2
                      ; - jdk.internal.loader.BuiltinClassLoader::isSealed@17
                      ; - jdk.internal.loader.BuiltinClassLoader::getAndVerifyPackage@70
                      ; - jdk.internal.loader.BuiltinClassLoader::defineOrCheckPackage@4
                      ; - jdk.internal.loader.ClassLoaders$AppClassLoader::defineOrCheckPackage@4
                      ; - jdk.internal.loader.BuiltinClassLoader::defineClass@40
  0x000001fec7ec9d7c: 80a8 8cff 

  0x000001fec7ec9d80: ;   {other}
  0x000001fec7ec9d80: 0f1f 8400 | f089 00ca 

  0x000001fec7ec9d88: ;   {metadata('java/lang/ref/SoftReference')}
  0x000001fec7ec9d88: 48ba 786b | 0400 0800 | 0000 6690 

  0x000001fec7ec9d94: ;   {runtime_call _new_instance_Java}
  0x000001fec7ec9d94: c5f8 77e8 

  0x000001fec7ec9d98: ; ImmutableOopMap {rbp=Oop [32]=Oop [40]=Oop [48]=Oop [56]=Oop [64]=NarrowOop [112]=Oop [120]=Oop }
                      ;*new {reexecute=0 rethrow=0 return_oop=1}
                      ; - java.util.jar.JarFile::getManifestFromReference@184
                      ; - java.util.jar.JarFile::getManifest@1
                      ; - jdk.internal.loader.URLClassPath$JarLoader$2::getManifest@22
                      ; - jdk.internal.loader.BuiltinClassLoader::defineClass@29
  0x000001fec7ec9d98: e4b5 98ff 

  0x000001fec7ec9d9c: ;   {other}
  0x000001fec7ec9d9c: 0f1f 8400 | 0c8a 00cb | 4c8b c0e9 | 11cb ffff 

  0x000001fec7ec9dac: ;   {metadata('java/util/jar/Manifest')}
  0x000001fec7ec9dac: 48ba 2842 | 0500 0800 | 0000 6690 

  0x000001fec7ec9db8: ;   {runtime_call _new_instance_Java}
  0x000001fec7ec9db8: c5f8 77e8 

  0x000001fec7ec9dbc: ; ImmutableOopMap {rbp=Oop [32]=Oop [40]=Oop [48]=Oop [64]=NarrowOop [80]=Oop [112]=Oop [120]=Oop }
                      ;*new {reexecute=0 rethrow=0 return_oop=1}
                      ; - java.util.jar.JarFile::getManifestFromReference@101
                      ; - java.util.jar.JarFile::getManifest@1
                      ; - jdk.internal.loader.URLClassPath$JarLoader$2::getManifest@22
                      ; - jdk.internal.loader.BuiltinClassLoader::defineClass@29
  0x000001fec7ec9dbc: c0b5 98ff 

  0x000001fec7ec9dc0: ;   {other}
  0x000001fec7ec9dc0: 0f1f 8400 | 308a 00cc | 4889 6c24 | 58e9 eec9 | ffff 498b | eb4c 8b54 | 2458 4c89 

  0x000001fec7ec9ddc: ;   {metadata('java/io/ByteArrayInputStream')}
  0x000001fec7ec9ddc: 5424 3848 | ba90 3705 | 0008 0000 | 0066 6690 

  0x000001fec7ec9dec: ;   {runtime_call _new_instance_Java}
  0x000001fec7ec9dec: c5f8 77e8 

  0x000001fec7ec9df0: ; ImmutableOopMap {rbp=Oop [32]=Oop [40]=Oop [48]=Oop [56]=Oop [64]=NarrowOop [80]=Oop [112]=Oop [120]=Oop }
                      ;*new {reexecute=0 rethrow=0 return_oop=1}
                      ; - java.util.jar.JarFile::getManifestFromReference@109
                      ; - java.util.jar.JarFile::getManifest@1
                      ; - jdk.internal.loader.URLClassPath$JarLoader$2::getManifest@22
                      ; - jdk.internal.loader.BuiltinClassLoader::defineClass@29
  0x000001fec7ec9df0: 8cb5 98ff 

  0x000001fec7ec9df4: ;   {other}
  0x000001fec7ec9df4: 0f1f 8400 | 648a 00cd | e924 caff | ff41 807f | 4000 0f85 | 2408 0000 | 8937 4d8b | d64c 8bdf 
  0x000001fec7ec9e14: 4d33 d349 | c1ea 154d | 85d2 0f84 | 58de ffff | 85f6 0f84 | 50de ffff | 49c1 eb09 | 48b9 00d0 
  0x000001fec7ec9e34: 6bcc fe01 | 0000 4903 | cb80 3902 | 0f84 36de | ffff 4d8b | 5748 4d8b | 5f58 f083 | 4424 c000 
  0x000001fec7ec9e54: 8039 000f | 841f deff | ff44 8821 | 4d85 d275 | 2049 8bd7 | c5f8 7749 | ba40 dd6f | 04fc 7f00 
  0x000001fec7ec9e74: 0041 ffd2 

  0x000001fec7ec9e78: ;   {other}
  0x000001fec7ec9e78: 0f1f 8400 | 0000 0000 | e9f7 ddff | ff4b 894c | 13f8 4983 | c2f8 4d89 | 5748 e9e5 | ddff ffba 
  0x000001fec7ec9e98: 45ff ffff | 4c8b 5424 | 4849 8bea | 4c8b 5424 | 304c 8954 | 2420 4c8b | 5424 384c | 8954 2430 
  0x000001fec7ec9eb8: 448b 5424 | 4044 8954 | 2438 4c8b | 5424 584c | 8954 2450 | 4c8b 5424 | 684c 8954 | 2460 8944 
  0x000001fec7ec9ed8: 2470 6690 

  0x000001fec7ec9edc: ;   {runtime_call UncommonTrapBlob}
  0x000001fec7ec9edc: c5f8 77e8 

  0x000001fec7ec9ee0: ; ImmutableOopMap {rbp=Oop [32]=Oop [40]=Oop [48]=Oop [56]=NarrowOop [80]=Oop [96]=Oop [120]=Oop [128]=NarrowOop }
                      ;*ifeq {reexecute=1 rethrow=0 return_oop=0}
                      ; - (reexecute) java.util.HashMap::getNode@66
                      ; - java.util.LinkedHashMap::get@2
                      ; - java.util.jar.Attributes::get@5
                      ; - java.util.jar.Attributes::getValue@2
                      ; - jdk.internal.loader.BuiltinClassLoader::isSealed@57
                      ; - jdk.internal.loader.BuiltinClassLoader::getAndVerifyPackage@70
                      ; - jdk.internal.loader.BuiltinClassLoader::defineOrCheckPackage@4
                      ; - jdk.internal.loader.ClassLoaders$AppClassLoader::defineOrCheckPackage@4
                      ; - jdk.internal.loader.BuiltinClassLoader::defineClass@40
  0x000001fec7ec9ee0: 1ca7 8cff 

  0x000001fec7ec9ee4: ;   {other}
  0x000001fec7ec9ee4: 0f1f 8400 | 548b 00ce | ba45 ffff | ff48 8b6c | 2448 4c8b | 4424 304c | 8944 2420 | 4c8b 4424 
  0x000001fec7ec9f04: 384c 8944 | 2430 448b | 4424 4044 | 8944 2438 | 4c8b 4424 | 684c 8944 | 2440 4889 | 7424 7844 
  0x000001fec7ec9f24: 8994 2480 | 0000 0044 | 899c 2484 | 0000 0090 

  0x000001fec7ec9f34: ;   {runtime_call UncommonTrapBlob}
  0x000001fec7ec9f34: c5f8 77e8 

  0x000001fec7ec9f38: ; ImmutableOopMap {rbp=Oop [32]=Oop [40]=Oop [48]=Oop [56]=NarrowOop [64]=Oop [88]=Oop [120]=Oop [128]=NarrowOop }
                      ;*ifeq {reexecute=1 rethrow=0 return_oop=0}
                      ; - (reexecute) java.util.HashMap::getNode@85
                      ; - java.util.HashMap::get@2
                      ; - java.util.jar.Manifest::getAttributes@5
                      ; - java.util.jar.Manifest::getTrustedAttributes@2
                      ; - java.util.jar.JavaUtilJarAccessImpl::getTrustedAttributes@2
                      ; - jdk.internal.loader.BuiltinClassLoader::isSealed@17
                      ; - jdk.internal.loader.BuiltinClassLoader::getAndVerifyPackage@70
                      ; - jdk.internal.loader.BuiltinClassLoader::defineOrCheckPackage@4
                      ; - jdk.internal.loader.ClassLoaders$AppClassLoader::defineOrCheckPackage@4
                      ; - jdk.internal.loader.BuiltinClassLoader::defineClass@40
  0x000001fec7ec9f38: c4a6 8cff 

  0x000001fec7ec9f3c: ;   {other}
  0x000001fec7ec9f3c: 0f1f 8400 | ac8b 00cf | 458b 5820 | 4585 db0f | 84d6 d5ff | ff4d 8b57 | 2849 8bcb | 48c1 e103 
  0x000001fec7ec9f5c: 4d85 d20f | 8401 0700 | 004d 8b5f | 384b 894c | 13f8 4983 | c2f8 4d89 | 5728 e9ac | d5ff ffba 
  0x000001fec7ec9f7c: 45ff ffff | 488b 6c24 | 484c 8b44 | 2430 4c89 | 4424 204c | 8b44 2438 | 4c89 4424 | 3044 8b44 
  0x000001fec7ec9f9c: 2440 4489 | 4424 3848 | 894c 2458 | 4c8b 4424 | 684c 8944 | 2440 4c89 | 5c24 6089 | 5c24 6844 
  0x000001fec7ec9fbc: 8954 246c 

  0x000001fec7ec9fc0: ;   {runtime_call UncommonTrapBlob}
  0x000001fec7ec9fc0: c5f8 77e8 

  0x000001fec7ec9fc4: ; ImmutableOopMap {rbp=Oop [32]=Oop [40]=Oop [48]=Oop [56]=NarrowOop [64]=Oop [88]=Oop [96]=Oop [104]=NarrowOop }
                      ;*ifeq {reexecute=1 rethrow=0 return_oop=0}
                      ; - (reexecute) java.util.HashMap::getNode@85
                      ; - java.util.LinkedHashMap::get@2
                      ; - java.util.jar.Attributes::get@5
                      ; - java.util.jar.Attributes::getValue@2
                      ; - jdk.internal.loader.BuiltinClassLoader::isSealed@57
                      ; - jdk.internal.loader.BuiltinClassLoader::getAndVerifyPackage@70
                      ; - jdk.internal.loader.BuiltinClassLoader::defineOrCheckPackage@4
                      ; - jdk.internal.loader.ClassLoaders$AppClassLoader::defineOrCheckPackage@4
                      ; - jdk.internal.loader.BuiltinClassLoader::defineClass@40
  0x000001fec7ec9fc4: 38a6 8cff 

  0x000001fec7ec9fc8: ;   {other}
  0x000001fec7ec9fc8: 0f1f 8400 | 388c 00d0 | ba45 ffff | ff89 4424 | 6466 6690 

  0x000001fec7ec9fdc: ;   {runtime_call UncommonTrapBlob}
  0x000001fec7ec9fdc: c5f8 77e8 

  0x000001fec7ec9fe0: ; ImmutableOopMap {rbp=Oop [40]=Oop [48]=Oop [56]=Oop [64]=NarrowOop [72]=Oop [88]=Oop [104]=Oop [120]=Oop }
                      ;*ifeq {reexecute=1 rethrow=0 return_oop=0}
                      ; - (reexecute) java.util.HashMap::getNode@131
                      ; - java.util.HashMap::get@2
                      ; - java.util.jar.Manifest::getAttributes@5
                      ; - java.util.jar.Manifest::getTrustedAttributes@2
                      ; - java.util.jar.JavaUtilJarAccessImpl::getTrustedAttributes@2
                      ; - jdk.internal.loader.BuiltinClassLoader::isSealed@17
                      ; - jdk.internal.loader.BuiltinClassLoader::getAndVerifyPackage@70
                      ; - jdk.internal.loader.BuiltinClassLoader::defineOrCheckPackage@4
                      ; - jdk.internal.loader.ClassLoaders$AppClassLoader::defineOrCheckPackage@4
                      ; - jdk.internal.loader.BuiltinClassLoader::defineClass@40
  0x000001fec7ec9fe0: 1ca6 8cff 

  0x000001fec7ec9fe4: ;   {other}
  0x000001fec7ec9fe4: 0f1f 8400 | 548c 00d1 

  0x000001fec7ec9fec: ;   {metadata('java/util/jar/Manifest')}
  0x000001fec7ec9fec: 48ba 2842 | 0500 0800 | 0000 6690 

  0x000001fec7ec9ff8: ;   {runtime_call _new_instance_Java}
  0x000001fec7ec9ff8: c5f8 77e8 

  0x000001fec7ec9ffc: ; ImmutableOopMap {rbp=Oop [32]=Oop [40]=Oop [48]=Oop [56]=Oop [64]=NarrowOop [112]=Oop [120]=Oop }
                      ;*new {reexecute=0 rethrow=0 return_oop=1}
                      ; - java.util.jar.JarFile::getManifestFromReference@134
                      ; - java.util.jar.JarFile::getManifest@1
                      ; - jdk.internal.loader.URLClassPath$JarLoader$2::getManifest@22
                      ; - jdk.internal.loader.BuiltinClassLoader::defineClass@29
  0x000001fec7ec9ffc: 80b3 98ff 

  0x000001fec7eca000: ;   {other}
  0x000001fec7eca000: 0f1f 8400 | 708c 00d2 | e962 d3ff | ff49 8bcb | 488d 9424 | 0801 0000 | 4d8b c7c5 | f877 49ba 
  0x000001fec7eca020: 8042 b104 | fc7f 0000 

  0x000001fec7eca028: ;   {other}
  0x000001fec7eca028: 41ff d20f | 1f84 0000 | 0000 00e9 | d4b9 ffff | ba45 ffff | ff89 4424 | 5466 6690 

  0x000001fec7eca044: ;   {runtime_call UncommonTrapBlob}
  0x000001fec7eca044: c5f8 77e8 

  0x000001fec7eca048: ; ImmutableOopMap {rbp=Oop [40]=Oop [48]=Oop [56]=Oop [64]=NarrowOop [72]=Oop [88]=Oop [104]=Oop [120]=Oop }
                      ;*ifeq {reexecute=1 rethrow=0 return_oop=0}
                      ; - (reexecute) java.util.HashMap::getNode@131
                      ; - java.util.LinkedHashMap::get@2
                      ; - java.util.jar.Attributes::get@5
                      ; - java.util.jar.Attributes::getValue@2
                      ; - jdk.internal.loader.BuiltinClassLoader::isSealed@57
                      ; - jdk.internal.loader.BuiltinClassLoader::getAndVerifyPackage@70
                      ; - jdk.internal.loader.BuiltinClassLoader::defineOrCheckPackage@4
                      ; - jdk.internal.loader.ClassLoaders$AppClassLoader::defineOrCheckPackage@4
                      ; - jdk.internal.loader.BuiltinClassLoader::defineClass@40
  0x000001fec7eca048: b4a5 8cff 

  0x000001fec7eca04c: ;   {other}
  0x000001fec7eca04c: 0f1f 8400 | bc8c 00d3 | bae4 ffff | ff48 8b6c | 2448 4c8b | 5c24 304c | 895c 2420 | 448b 4424 
  0x000001fec7eca06c: 4044 8944 | 2430 4c8b | 5c24 684c | 895c 2460 | 4c8b 5c24 | 784c 895c | 2468 4c8b | 9c24 8000 
  0x000001fec7eca08c: 0000 4c89 | 5c24 7844 | 8994 2498 | 0000 0090 

  0x000001fec7eca09c: ;   {runtime_call UncommonTrapBlob}
  0x000001fec7eca09c: c5f8 77e8 

  0x000001fec7eca0a0: ; ImmutableOopMap {rbp=Oop [32]=Oop [40]=Oop [48]=NarrowOop [56]=NarrowOop [80]=Oop [96]=Oop [104]=Oop [120]=Oop [136]=Oop }
                      ;*aaload {reexecute=0 rethrow=0 return_oop=0}
                      ; - java.util.IdentityHashMap::put@28
                      ; - java.util.Collections$SetFromMap::add@8
                      ; - java.util.zip.ZipFile::getInputStream@231
                      ; - java.util.jar.JarFile::getInputStream@21
                      ; - jdk.internal.loader.URLClassPath$JarLoader$2::getInputStream@11
                      ; - jdk.internal.loader.Resource::cachedInputStream@9
                      ; - jdk.internal.loader.Resource::getByteBuffer@1
                      ; - jdk.internal.loader.BuiltinClassLoader::defineClass@45
  0x000001fec7eca0a0: 5ca5 8cff 

  0x000001fec7eca0a4: ;   {other}
  0x000001fec7eca0a4: 0f1f 8400 | 148d 00d4 | 498b d7c5 | f877 49ba | 60dd 6f04 | fc7f 0000 

  0x000001fec7eca0bc: ;   {other}
  0x000001fec7eca0bc: 41ff d20f | 1f84 0000 | 0000 00e9 | 7ad5 ffff | 498b d7c5 | f877 49ba | 60dd 6f04 | fc7f 0000 
  0x000001fec7eca0dc: ;   {other}
  0x000001fec7eca0dc: 41ff d20f | 1f84 0000 | 0000 00e9 | 15d5 ffff | bae4 ffff | ff4c 8b54 | 2448 4c89 | 5424 204c 
  0x000001fec7eca0fc: 8b54 2430 | 4c89 5424 | 284c 8b54 | 2438 4c89 | 5424 3044 | 8b5c 2440 | 4489 5c24 | 3c48 ff74 
  0x000001fec7eca11c: 2478 488f | 4424 684c | 89b4 2480 | 0000 0044 | 8944 2444 

  0x000001fec7eca130: ;   {runtime_call UncommonTrapBlob}
  0x000001fec7eca130: c5f8 77e8 

  0x000001fec7eca134: ; ImmutableOopMap {rbp=NarrowOop [32]=Oop [40]=Oop [48]=Oop [60]=NarrowOop [64]=NarrowOop [68]=NarrowOop [88]=Oop [104]=Oop [128]=Oop }
                      ;*baload {reexecute=0 rethrow=0 return_oop=0}
                      ; - java.lang.StringLatin1::hashCode@34
                      ; - java.lang.String::hashCode@27
                      ; - java.util.concurrent.ConcurrentHashMap::get@1
                      ; - java.lang.ClassLoader::getDefinedPackage@13
                      ; - jdk.internal.loader.BuiltinClassLoader::getAndVerifyPackage@2
                      ; - jdk.internal.loader.BuiltinClassLoader::defineOrCheckPackage@4
                      ; - jdk.internal.loader.ClassLoaders$AppClassLoader::defineOrCheckPackage@4
                      ; - jdk.internal.loader.BuiltinClassLoader::defineClass@40
  0x000001fec7eca134: c8a4 8cff 

  0x000001fec7eca138: ;   {other}
  0x000001fec7eca138: 0f1f 8400 | a88d 00d5 | bae4 ffff | ff48 8b6c | 2448 4c8b | 5c24 304c | 895c 2420 | 4c8b 5c24 
  0x000001fec7eca158: 384c 895c | 2430 8b5c | 2440 448b | db44 895c | 243c 4c8b | 5c24 684c | 895c 2440 | 4889 7424 
  0x000001fec7eca178: 7844 898c | 2480 0000 | 0044 8994 | 2484 0000 | 0048 89b4 | 2488 0000 | 0044 8984 | 2490 0000 
  0x000001fec7eca198: 0066 6690 

  0x000001fec7eca19c: ;   {runtime_call UncommonTrapBlob}
  0x000001fec7eca19c: c5f8 77e8 

  0x000001fec7eca1a0: ; ImmutableOopMap {rbp=Oop [32]=Oop [40]=Oop [48]=Oop [60]=NarrowOop [64]=Oop [88]=Oop [120]=Oop [128]=NarrowOop [136]=Oop [144]=NarrowOop }
                      ;*baload {reexecute=0 rethrow=0 return_oop=0}
                      ; - java.lang.StringLatin1::hashCode@34
                      ; - java.lang.String::hashCode@27
                      ; - java.util.HashMap::hash@9
                      ; - java.util.HashMap::getNode@23
                      ; - java.util.HashMap::get@2
                      ; - java.util.jar.Manifest::getAttributes@5
                      ; - java.util.jar.Manifest::getTrustedAttributes@2
                      ; - java.util.jar.JavaUtilJarAccessImpl::getTrustedAttributes@2
                      ; - jdk.internal.loader.BuiltinClassLoader::isSealed@17
                      ; - jdk.internal.loader.BuiltinClassLoader::getAndVerifyPackage@70
                      ; - jdk.internal.loader.BuiltinClassLoader::defineOrCheckPackage@4
                      ; - jdk.internal.loader.ClassLoaders$AppClassLoader::defineOrCheckPackage@4
                      ; - jdk.internal.loader.BuiltinClassLoader::defineClass@40
  0x000001fec7eca1a0: 5ca4 8cff 

  0x000001fec7eca1a4: ;   {other}
  0x000001fec7eca1a4: 0f1f 8400 | 148e 00d6 | 458b 5118 | 4585 d20f | 8453 0600 | 004c 898c | 2480 0000 | 0049 8be8 
  0x000001fec7eca1c4: 4b8d 14d4 

  0x000001fec7eca1c8: ;   {optimized virtual_call}
  0x000001fec7eca1c8: c5f8 77e8 

  0x000001fec7eca1cc: ; ImmutableOopMap {rbp=Oop [40]=Oop [48]=Oop [56]=NarrowOop [60]=NarrowOop [64]=NarrowOop [72]=Oop [80]=Oop [88]=Oop [96]=Oop [104]=Oop [112]=Oop [120]=Oop [128]=Oop }
                      ;*invokevirtual lock {reexecute=0 rethrow=0 return_oop=0}
                      ; - java.lang.ref.ReferenceQueue::poll@13
                      ; - java.util.WeakHashMap::expungeStaleEntries@4
                      ; - java.util.WeakHashMap::getTable@1
                      ; - java.util.WeakHashMap::put@13
                      ; - java.util.Collections$SetFromMap::add@8
                      ; - java.util.zip.ZipFile::getInputStream@231
                      ; - java.util.jar.JarFile::getInputStream@21
                      ; - jdk.internal.loader.URLClassPath$JarLoader$2::getInputStream@11
                      ; - jdk.internal.loader.Resource::cachedInputStream@9
                      ; - jdk.internal.loader.Resource::getByteBuffer@1
                      ; - jdk.internal.loader.BuiltinClassLoader::defineClass@45
  0x000001fec7eca1cc: b048 8cff 

  0x000001fec7eca1d0: ;   {other}
  0x000001fec7eca1d0: 0f1f 8400 | 408e 00d7 | 488b 9424 | 8000 0000 

  0x000001fec7eca1e0: ;   {optimized virtual_call}
  0x000001fec7eca1e0: c5f8 77e8 

  0x000001fec7eca1e4: ; ImmutableOopMap {rbp=Oop [40]=Oop [48]=Oop [56]=NarrowOop [60]=NarrowOop [64]=NarrowOop [72]=Oop [80]=Oop [88]=Oop [96]=Oop [104]=Oop [112]=Oop [120]=Oop [128]=Oop }
                      ;*invokevirtual poll0 {reexecute=0 rethrow=0 return_oop=1}
                      ; - java.lang.ref.ReferenceQueue::poll@17
                      ; - java.util.WeakHashMap::expungeStaleEntries@4
                      ; - java.util.WeakHashMap::getTable@1
                      ; - java.util.WeakHashMap::put@13
                      ; - java.util.Collections$SetFromMap::add@8
                      ; - java.util.zip.ZipFile::getInputStream@231
                      ; - java.util.jar.JarFile::getInputStream@21
                      ; - jdk.internal.loader.URLClassPath$JarLoader$2::getInputStream@11
                      ; - jdk.internal.loader.Resource::cachedInputStream@9
                      ; - jdk.internal.loader.Resource::getByteBuffer@1
                      ; - jdk.internal.loader.BuiltinClassLoader::defineClass@45
  0x000001fec7eca1e4: 9848 8cff 

  0x000001fec7eca1e8: ;   {other}
  0x000001fec7eca1e8: 0f1f 8400 | 588e 00d8 | 4889 8424 | 8800 0000 | 4c8b 9424 | 8000 0000 | 458b 5a18 | 4585 db0f 
  0x000001fec7eca208: 8447 0600 | 004b 8d14 | dc66 6690 

  0x000001fec7eca214: ;   {optimized virtual_call}
  0x000001fec7eca214: c5f8 77e8 

  0x000001fec7eca218: ; ImmutableOopMap {rbp=Oop [40]=Oop [48]=Oop [56]=NarrowOop [60]=NarrowOop [64]=NarrowOop [72]=Oop [80]=Oop [88]=Oop [96]=Oop [104]=Oop [112]=Oop [120]=Oop [136]=Oop }
                      ;*invokevirtual unlock {reexecute=0 rethrow=0 return_oop=0}
                      ; - java.lang.ref.ReferenceQueue::poll@25
                      ; - java.util.WeakHashMap::expungeStaleEntries@4
                      ; - java.util.WeakHashMap::getTable@1
                      ; - java.util.WeakHashMap::put@13
                      ; - java.util.Collections$SetFromMap::add@8
                      ; - java.util.zip.ZipFile::getInputStream@231
                      ; - java.util.jar.JarFile::getInputStream@21
                      ; - jdk.internal.loader.URLClassPath$JarLoader$2::getInputStream@11
                      ; - jdk.internal.loader.Resource::cachedInputStream@9
                      ; - jdk.internal.loader.Resource::getByteBuffer@1
                      ; - jdk.internal.loader.BuiltinClassLoader::defineClass@45
  0x000001fec7eca218: 6448 8cff 

  0x000001fec7eca21c: ;   {other}
  0x000001fec7eca21c: 0f1f 8400 | 8c8e 00d9 | 4c8b 9424 | 8800 0000 | 4d85 d20f | 8559 0400 | 004c 8bc5 | e971 dbff 
  0x000001fec7eca23c: ffba f6ff | ffff 488b | 6c24 484c | 8b4c 2430 | 4c89 4c24 | 208b 5c24 | 4089 5c24 | 304c 895c 
  0x000001fec7eca25c: 2468 4c89 | 5424 7889 | 8c24 8000 | 0000 4c89 | 8424 8800 | 0000 4c89 | 8424 9000 | 0000 4889 
  0x000001fec7eca27c: bc24 9800 | 0000 6690 

  0x000001fec7eca284: ;   {runtime_call UncommonTrapBlob}
  0x000001fec7eca284: c5f8 77e8 

  0x000001fec7eca288: ; ImmutableOopMap {rbp=Oop [32]=Oop [40]=Oop [48]=NarrowOop [56]=NarrowOop [104]=Oop [120]=Oop [136]=Oop [144]=Oop [152]=Oop }
                      ;*invokevirtual lock {reexecute=0 rethrow=0 return_oop=0}
                      ; - java.lang.ref.ReferenceQueue::poll@13
                      ; - java.util.WeakHashMap::expungeStaleEntries@4
                      ; - java.util.WeakHashMap::getTable@1
                      ; - java.util.WeakHashMap::put@13
                      ; - java.util.Collections$SetFromMap::add@8
                      ; - java.util.zip.ZipFile::getInputStream@231
                      ; - java.util.jar.JarFile::getInputStream@21
                      ; - jdk.internal.loader.URLClassPath$JarLoader$2::getInputStream@11
                      ; - jdk.internal.loader.Resource::cachedInputStream@9
                      ; - jdk.internal.loader.Resource::getByteBuffer@1
                      ; - jdk.internal.loader.BuiltinClassLoader::defineClass@45
  0x000001fec7eca288: 74a3 8cff 

  0x000001fec7eca28c: ;   {other}
  0x000001fec7eca28c: 0f1f 8400 | fc8e 00da | baf6 ffff | ff4c 8b54 | 2448 4c89 | 5424 2044 | 8b5c 2440 | 4489 5c24 
  0x000001fec7eca2ac: 3c66 6690 

  0x000001fec7eca2b0: ;   {runtime_call UncommonTrapBlob}
  0x000001fec7eca2b0: c5f8 77e8 

  0x000001fec7eca2b4: ; ImmutableOopMap {rbp=Oop [32]=Oop [40]=Oop [48]=Oop [56]=NarrowOop [60]=NarrowOop [104]=Oop [120]=Oop [136]=Oop }
                      ;*invokevirtual unlock {reexecute=0 rethrow=0 return_oop=0}
                      ; - java.lang.ref.ReferenceQueue::poll@25
                      ; - java.util.WeakHashMap::expungeStaleEntries@4
                      ; - java.util.WeakHashMap::getTable@1
                      ; - java.util.WeakHashMap::put@13
                      ; - java.util.Collections$SetFromMap::add@8
                      ; - java.util.zip.ZipFile::getInputStream@231
                      ; - java.util.jar.JarFile::getInputStream@21
                      ; - jdk.internal.loader.URLClassPath$JarLoader$2::getInputStream@11
                      ; - jdk.internal.loader.Resource::cachedInputStream@9
                      ; - jdk.internal.loader.Resource::getByteBuffer@1
                      ; - jdk.internal.loader.BuiltinClassLoader::defineClass@45
  0x000001fec7eca2b4: 48a3 8cff 

  0x000001fec7eca2b8: ;   {other}
  0x000001fec7eca2b8: 0f1f 8400 | 288f 00db | bac6 ffff | ff48 8b6c | 2448 4c8b | 4424 304c | 8944 2420 | 448b 4c24 
  0x000001fec7eca2d8: 4044 894c | 2430 4c89 | 5c24 6889 | 4c24 704c | 8954 2478 

  0x000001fec7eca2ec: ;   {runtime_call UncommonTrapBlob}
  0x000001fec7eca2ec: c5f8 77e8 

  0x000001fec7eca2f0: ; ImmutableOopMap {rbp=Oop [32]=Oop [40]=Oop [48]=NarrowOop [56]=NarrowOop [104]=Oop [112]=NarrowOop [120]=Oop }
                      ;*invokeinterface put {reexecute=0 rethrow=0 return_oop=0}
                      ; - java.util.Collections$SetFromMap::add@8
                      ; - java.util.zip.ZipFile::getInputStream@231
                      ; - java.util.jar.JarFile::getInputStream@21
                      ; - jdk.internal.loader.URLClassPath$JarLoader$2::getInputStream@11
                      ; - jdk.internal.loader.Resource::cachedInputStream@9
                      ; - jdk.internal.loader.Resource::getByteBuffer@1
                      ; - jdk.internal.loader.BuiltinClassLoader::defineClass@45
  0x000001fec7eca2f0: 0ca3 8cff 

  0x000001fec7eca2f4: ;   {other}
  0x000001fec7eca2f4: 0f1f 8400 | 648f 00dc | baec ffff | ff44 8b44 | 2440 4489 | 4424 384c | 8b54 2458 | 4c89 5424 
  0x000001fec7eca314: 484c 895c | 2460 6690 

  0x000001fec7eca31c: ;   {runtime_call UncommonTrapBlob}
  0x000001fec7eca31c: c5f8 77e8 

  0x000001fec7eca320: ; ImmutableOopMap {rbp=NarrowOop [32]=Oop [40]=Oop [48]=Oop [56]=NarrowOop [72]=Oop [80]=Oop [96]=Oop [120]=Oop }
                      ;*new {reexecute=0 rethrow=0 return_oop=0}
                      ; - java.util.jar.JarFile::getManifestFromReference@109
                      ; - java.util.jar.JarFile::getManifest@1
                      ; - jdk.internal.loader.URLClassPath$JarLoader$2::getManifest@22
                      ; - jdk.internal.loader.BuiltinClassLoader::defineClass@29
  0x000001fec7eca320: dca2 8cff 

  0x000001fec7eca324: ;   {other}
  0x000001fec7eca324: 0f1f 8400 | 948f 00dd | 4c8b c345 | 8b50 2045 | 85d2 0f84 | 4ed9 ffff | 4d8b 5f28 | 498b ca48 
  0x000001fec7eca344: c1e1 034d | 85db 0f84 | 5c04 0000 | 4d8b 5738 | 4b89 4c1a | f849 83c3 | f84d 895f | 284c 8bc3 
  0x000001fec7eca364: e921 d9ff | ff45 8b55 | 2445 85d2 | 0f84 d2d8 | ffff 4d8b | 5f28 498b | ca48 c1e1 | 034d 85db 
  0x000001fec7eca384: 0f84 4204 | 0000 4d8b | 5738 4b89 | 4c1a f849 | 83c3 f84d | 895f 28e9 | a8d8 ffff | 4d8b 5748 
  0x000001fec7eca3a4: 4d8b 5f58 | f083 4424 | c000 8039 | 000f 84c5 | d8ff ff44 | 8821 4d85 | d275 2049 | 8bd7 c5f8 
  0x000001fec7eca3c4: 7749 ba40 | dd6f 04fc | 7f00 0041 

  0x000001fec7eca3d0: ;   {other}
  0x000001fec7eca3d0: ffd2 0f1f | 8400 0000 | 0000 e99d | d8ff ff4b | 894c 13f8 | 4983 c2f8 | 4d89 5748 | e98b d8ff 
  0x000001fec7eca3f0: ffba e4ff | ffff 488b | 6c24 484c | 8b54 2430 | 4c89 5424 | 2044 8b54 | 2440 4489 | 5424 304c 
  0x000001fec7eca410: 8b54 2468 | 4c89 5424 | 604c 8b54 | 2478 4c89 | 5424 6844 | 8b54 2444 | 4489 5424 | 4066 6690 
  0x000001fec7eca430: ;   {runtime_call UncommonTrapBlob}
  0x000001fec7eca430: c5f8 77e8 

  0x000001fec7eca434: ; ImmutableOopMap {rbp=Oop [32]=Oop [40]=Oop [48]=NarrowOop [56]=NarrowOop [96]=Oop [104]=Oop [136]=Oop }
                      ;*aaload {reexecute=0 rethrow=0 return_oop=0}
                      ; - java.util.IdentityHashMap::put@47
                      ; - java.util.Collections$SetFromMap::add@8
                      ; - java.util.zip.ZipFile::getInputStream@231
                      ; - java.util.jar.JarFile::getInputStream@21
                      ; - jdk.internal.loader.URLClassPath$JarLoader$2::getInputStream@11
                      ; - jdk.internal.loader.Resource::cachedInputStream@9
                      ; - jdk.internal.loader.Resource::getByteBuffer@1
                      ; - jdk.internal.loader.BuiltinClassLoader::defineClass@45
  0x000001fec7eca434: c8a1 8cff 

  0x000001fec7eca438: ;   {other}
  0x000001fec7eca438: 0f1f 8400 | a890 00de | bad6 ffff | ff4c 8b54 | 2448 4c89 | 5424 2044 | 8b5c 2440 | 4489 5c24 
  0x000001fec7eca458: 3c4c 8b54 | 2468 4c89 | 5424 604c | 8b54 2478 | 4c89 5424 | 7066 6690 

  0x000001fec7eca470: ;   {runtime_call UncommonTrapBlob}
  0x000001fec7eca470: c5f8 77e8 

  0x000001fec7eca474: ; ImmutableOopMap {rbp=NarrowOop [32]=Oop [40]=Oop [48]=Oop [56]=NarrowOop [60]=NarrowOop [96]=Oop [112]=Oop [136]=Oop }
                      ;*aastore {reexecute=1 rethrow=0 return_oop=0}
                      ; - (reexecute) java.util.IdentityHashMap::put@57
                      ; - java.util.Collections$SetFromMap::add@8
                      ; - java.util.zip.ZipFile::getInputStream@231
                      ; - java.util.jar.JarFile::getInputStream@21
                      ; - jdk.internal.loader.URLClassPath$JarLoader$2::getInputStream@11
                      ; - jdk.internal.loader.Resource::cachedInputStream@9
                      ; - jdk.internal.loader.Resource::getByteBuffer@1
                      ; - jdk.internal.loader.BuiltinClassLoader::defineClass@45
  0x000001fec7eca474: 88a1 8cff 

  0x000001fec7eca478: ;   {other}
  0x000001fec7eca478: 0f1f 8400 | e890 00df | 498b d849 | 8bd7 c5f8 | 7749 ba60 | dd6f 04fc | 7f00 0041 

  0x000001fec7eca494: ;   {other}
  0x000001fec7eca494: ffd2 0f1f | 8400 0000 | 0000 4c8b | c3e9 2dc4 | ffff 498b | f049 8bd7 | c5f8 7749 | ba60 dd6f 
  0x000001fec7eca4b4: 04fc 7f00 | 0041 ffd2 

  0x000001fec7eca4bc: ;   {other}
  0x000001fec7eca4bc: 0f1f 8400 | 0000 0000 | 4c8b 4c24 | 384c 8bc6 | e95a c4ff | ffba e4ff | ffff 4c8b | 5c24 484c 
  0x000001fec7eca4dc: 895c 2420 | 448b 4424 | 4044 8944 | 243c 4c8b | 5c24 684c | 895c 2460 | 4c8b 5c24 | 784c 895c 
  0x000001fec7eca4fc: 2470 4c8b | 9c24 8000 | 0000 4c89 | 5c24 784c | 8b9c 2488 | 0000 004c | 899c 2480 | 0000 0090 
  0x000001fec7eca51c: ;   {runtime_call UncommonTrapBlob}
  0x000001fec7eca51c: c5f8 77e8 

  0x000001fec7eca520: ; ImmutableOopMap {[32]=Oop [40]=Oop [48]=Oop [56]=NarrowOop [60]=NarrowOop [96]=Oop [112]=Oop [120]=Oop [128]=Oop }
                      ;*aastore {reexecute=1 rethrow=0 return_oop=0}
                      ; - (reexecute) java.util.IdentityHashMap::put@128
                      ; - java.util.Collections$SetFromMap::add@8
                      ; - java.util.zip.ZipFile::getInputStream@231
                      ; - java.util.jar.JarFile::getInputStream@21
                      ; - jdk.internal.loader.URLClassPath$JarLoader$2::getInputStream@11
                      ; - jdk.internal.loader.Resource::cachedInputStream@9
                      ; - jdk.internal.loader.Resource::getByteBuffer@1
                      ; - jdk.internal.loader.BuiltinClassLoader::defineClass@45
  0x000001fec7eca520: dca0 8cff 

  0x000001fec7eca524: ;   {other}
  0x000001fec7eca524: 0f1f 8400 | 9491 00e0 | bad6 ffff | ff4c 8b54 | 2448 4c89 | 5424 2044 | 8b54 2440 | 4489 5424 
  0x000001fec7eca544: 3c66 6690 

  0x000001fec7eca548: ;   {runtime_call UncommonTrapBlob}
  0x000001fec7eca548: c5f8 77e8 

  0x000001fec7eca54c: ; ImmutableOopMap {[32]=Oop [40]=Oop [48]=Oop [56]=NarrowOop [60]=NarrowOop [80]=Oop [104]=Oop [120]=Oop [128]=Oop [136]=Oop }
                      ;*aastore {reexecute=1 rethrow=0 return_oop=0}
                      ; - (reexecute) java.util.IdentityHashMap::put@120
                      ; - java.util.Collections$SetFromMap::add@8
                      ; - java.util.zip.ZipFile::getInputStream@231
                      ; - java.util.jar.JarFile::getInputStream@21
                      ; - jdk.internal.loader.URLClassPath$JarLoader$2::getInputStream@11
                      ; - jdk.internal.loader.Resource::cachedInputStream@9
                      ; - jdk.internal.loader.Resource::getByteBuffer@1
                      ; - jdk.internal.loader.BuiltinClassLoader::defineClass@45
  0x000001fec7eca54c: b0a0 8cff 

  0x000001fec7eca550: ;   {other}
  0x000001fec7eca550: 0f1f 8400 | c091 00e1 | 498b d849 | 8bd7 c5f8 | 7749 ba60 | dd6f 04fc | 7f00 0041 

  0x000001fec7eca56c: ;   {other}
  0x000001fec7eca56c: ffd2 0f1f | 8400 0000 | 0000 4c8b | c3e9 a5c5 | ffff 498b | d7c5 f877 | 49ba 60dd | 6f04 fc7f 
  0x000001fec7eca58c: 0000 41ff 

  0x000001fec7eca590: ;   {other}
  0x000001fec7eca590: d20f 1f84 | 0000 0000 | 00e9 dec7 | ffff 498b | d849 8bd7 | c5f8 7749 | ba60 dd6f | 04fc 7f00 
  0x000001fec7eca5b0: 0041 ffd2 

  0x000001fec7eca5b4: ;   {other}
  0x000001fec7eca5b4: 0f1f 8400 | 0000 0000 | 4c8b c3e9 | 2dc8 ffff | ba76 0000 | 004c 8b54 | 2430 4c89 | 5424 2844 
  0x000001fec7eca5d4: 8b5c 2440 | 4489 5c24 | 3066 6690 

  0x000001fec7eca5e0: ;   {runtime_call UncommonTrapBlob}
  0x000001fec7eca5e0: c5f8 77e8 

  0x000001fec7eca5e4: ; ImmutableOopMap {rbp=Oop [32]=Oop [40]=Oop [48]=NarrowOop [56]=Oop [80]=Oop [88]=Oop [120]=Oop }
                      ;*new {reexecute=0 rethrow=0 return_oop=0}
                      ; - java.util.jar.JarFile::getManifestFromReference@69
                      ; - java.util.jar.JarFile::getManifest@1
                      ; - jdk.internal.loader.URLClassPath$JarLoader$2::getManifest@22
                      ; - jdk.internal.loader.BuiltinClassLoader::defineClass@29
  0x000001fec7eca5e4: 18a0 8cff 

  0x000001fec7eca5e8: ;   {other}
  0x000001fec7eca5e8: 0f1f 8400 | 5892 00e2 | bade ffff | ff48 8b6c | 2428 4c8b | 5424 304c | 8954 2428 | 448b 5c24 
  0x000001fec7eca608: 4044 895c | 2430 4c8b | 5424 504c | 8954 2448 | 4c89 4424 | 5066 6690 

  0x000001fec7eca620: ;   {runtime_call UncommonTrapBlob}
  0x000001fec7eca620: c5f8 77e8 

  0x000001fec7eca624: ; ImmutableOopMap {rbp=Oop [32]=Oop [40]=Oop [48]=NarrowOop [56]=Oop [72]=Oop [80]=Oop [120]=Oop }
                      ;*invokevirtual close {reexecute=0 rethrow=0 return_oop=0}
                      ; - java.util.jar.JarFile::getManifestFromReference@152
                      ; - java.util.jar.JarFile::getManifest@1
                      ; - jdk.internal.loader.URLClassPath$JarLoader$2::getManifest@22
                      ; - jdk.internal.loader.BuiltinClassLoader::defineClass@29
  0x000001fec7eca624: d89f 8cff 

  0x000001fec7eca628: ;   {other}
  0x000001fec7eca628: 0f1f 8400 | 9892 00e3 | 448b 1f45 | 85db 0f84 | d0f7 ffff | 4d8b 5728 | 498b cb48 | c1e1 034d 
  0x000001fec7eca648: 85d2 0f84 | 9c01 0000 | 4d8b 5f38 | 4b89 4c13 | f849 83c2 | f84d 8957 | 28e9 a6f7 | ffff 498b 
  0x000001fec7eca668: d7c5 f877 | 49ba 60dd | 6f04 fc7f | 0000 41ff 

  0x000001fec7eca678: ;   {other}
  0x000001fec7eca678: d20f 1f84 | 0000 0000 | 004c 8b84 | 24d8 0000 | 00e9 99ce | ffff 4c89 | 9424 e000 | 0000 e95d 
  0x000001fec7eca698: d4ff ffba | f6ff ffff | 488b 6c24 | 484c 8b54 | 2430 4c89 | 5424 2044 | 8b54 2440 | 4489 5424 
  0x000001fec7eca6b8: 304c 8984 | 2488 0000 | 004c 8984 | 2490 0000 | 0066 6690 

  0x000001fec7eca6cc: ;   {runtime_call UncommonTrapBlob}
  0x000001fec7eca6cc: c5f8 77e8 

  0x000001fec7eca6d0: ; ImmutableOopMap {rbp=Oop [32]=Oop [40]=Oop [48]=NarrowOop [56]=NarrowOop [104]=Oop [120]=Oop [136]=Oop [144]=Oop [224]=Oop }
                      ;*monitorenter {reexecute=0 rethrow=0 return_oop=0}
                      ; - java.util.WeakHashMap::expungeStaleEntries@18
                      ; - java.util.WeakHashMap::getTable@1
                      ; - java.util.WeakHashMap::put@13
                      ; - java.util.Collections$SetFromMap::add@8
                      ; - java.util.zip.ZipFile::getInputStream@231
                      ; - java.util.jar.JarFile::getInputStream@21
                      ; - jdk.internal.loader.URLClassPath$JarLoader$2::getInputStream@11
                      ; - jdk.internal.loader.Resource::cachedInputStream@9
                      ; - jdk.internal.loader.Resource::getByteBuffer@1
                      ; - jdk.internal.loader.BuiltinClassLoader::defineClass@45
  0x000001fec7eca6d0: 2c9f 8cff 

  0x000001fec7eca6d4: ;   {other}
  0x000001fec7eca6d4: 0f1f 8400 | 4493 00e4 | 498b d34c | 8d84 2410 | 0100 0048 | 8b6c 2448 

  0x000001fec7eca6ec: ;   {runtime_call _complete_monitor_locking_Java}
  0x000001fec7eca6ec: c5f8 77e8 

  0x000001fec7eca6f0: ; ImmutableOopMap {rbp=Oop [40]=Oop [48]=Oop [56]=NarrowOop [60]=NarrowOop [64]=NarrowOop [72]=Oop [80]=Oop [88]=Oop [96]=Oop [104]=Oop [112]=Oop [120]=Oop [128]=Oop [136]=NarrowOop [144]=Oop [224]=Oop }
                      ;*monitorenter {reexecute=0 rethrow=0 return_oop=0}
                      ; - java.util.WeakHashMap::expungeStaleEntries@18
                      ; - java.util.WeakHashMap::getTable@1
                      ; - java.util.WeakHashMap::put@13
                      ; - java.util.Collections$SetFromMap::add@8
                      ; - java.util.zip.ZipFile::getInputStream@231
                      ; - java.util.jar.JarFile::getInputStream@21
                      ; - jdk.internal.loader.URLClassPath$JarLoader$2::getInputStream@11
                      ; - jdk.internal.loader.Resource::cachedInputStream@9
                      ; - jdk.internal.loader.Resource::getByteBuffer@1
                      ; - jdk.internal.loader.BuiltinClassLoader::defineClass@45
  0x000001fec7eca6f0: 8cef 98ff 

  0x000001fec7eca6f4: ;   {other}
  0x000001fec7eca6f4: 0f1f 8400 | 6493 00e5 | e996 d4ff | ffba e4ff | ffff 4c8b | 5424 484c | 8954 2420 | 448b 5c24 
  0x000001fec7eca714: 4044 895c | 243c 4889 | 9c24 a000 | 0000 4489 | 8424 a800 | 0000 6690 

  0x000001fec7eca72c: ;   {runtime_call UncommonTrapBlob}
  0x000001fec7eca72c: c5f8 77e8 

  0x000001fec7eca730: ; ImmutableOopMap {[32]=Oop [40]=Oop [48]=Oop [56]=NarrowOop [60]=NarrowOop [104]=Oop [120]=Oop [128]=Oop [136]=NarrowOop [160]=Oop [168]=NarrowOop }
                      ;*aaload {reexecute=0 rethrow=0 return_oop=0}
                      ; - java.util.WeakHashMap::expungeStaleEntries@44
                      ; - java.util.WeakHashMap::getTable@1
                      ; - java.util.WeakHashMap::put@13
                      ; - java.util.Collections$SetFromMap::add@8
                      ; - java.util.zip.ZipFile::getInputStream@231
                      ; - java.util.jar.JarFile::getInputStream@21
                      ; - jdk.internal.loader.URLClassPath$JarLoader$2::getInputStream@11
                      ; - jdk.internal.loader.Resource::cachedInputStream@9
                      ; - jdk.internal.loader.Resource::getByteBuffer@1
                      ; - jdk.internal.loader.BuiltinClassLoader::defineClass@45
  0x000001fec7eca730: cc9e 8cff 

  0x000001fec7eca734: ;   {other}
  0x000001fec7eca734: 0f1f 8400 | a493 00e6 | 4d8b d349 | 8bd8 498b | ca48 8d94 | 2410 0100 | 004d 8bc7 | c5f8 7749 
  0x000001fec7eca754: ba80 42b1 | 04fc 7f00 | 0041 ffd2 

  0x000001fec7eca760: ;   {other}
  0x000001fec7eca760: 0f1f 8400 | 0000 0000 | 4c8b c3e9 | 17d6 ffff | bade ffff | ff4c 8b54 | 2448 4c89 | 5424 2044 
  0x000001fec7eca780: 8b5c 2440 | 4489 5c24 | 3c4c 8984 | 2490 0000 | 004c 8984 | 2498 0000 | 0066 6690 

  0x000001fec7eca79c: ;   {runtime_call UncommonTrapBlob}
  0x000001fec7eca79c: c5f8 77e8 

  0x000001fec7eca7a0: ; ImmutableOopMap {rbp=NarrowOop [32]=Oop [40]=Oop [48]=Oop [56]=NarrowOop [60]=NarrowOop [104]=Oop [120]=Oop [144]=Oop [152]=Oop }
                      ;*invokevirtual poll {reexecute=0 rethrow=0 return_oop=0}
                      ; - java.util.WeakHashMap::expungeStaleEntries@4
                      ; - java.util.WeakHashMap::getTable@1
                      ; - java.util.WeakHashMap::put@13
                      ; - java.util.Collections$SetFromMap::add@8
                      ; - java.util.zip.ZipFile::getInputStream@231
                      ; - java.util.jar.JarFile::getInputStream@21
                      ; - jdk.internal.loader.URLClassPath$JarLoader$2::getInputStream@11
                      ; - jdk.internal.loader.Resource::cachedInputStream@9
                      ; - jdk.internal.loader.Resource::getByteBuffer@1
                      ; - jdk.internal.loader.BuiltinClassLoader::defineClass@45
  0x000001fec7eca7a0: 5c9e 8cff 

  0x000001fec7eca7a4: ;   {other}
  0x000001fec7eca7a4: 0f1f 8400 | 1494 00e7 | 498b d7c5 | f877 49ba | 60dd 6f04 | fc7f 0000 

  0x000001fec7eca7bc: ;   {other}
  0x000001fec7eca7bc: 41ff d20f | 1f84 0000 | 0000 00e9 | 95fb ffff | 498b d7c5 | f877 49ba | 60dd 6f04 | fc7f 0000 
  0x000001fec7eca7dc: ;   {other}
  0x000001fec7eca7dc: 41ff d20f | 1f84 0000 | 0000 00e9 | 5cd4 ffff | 498b d7c5 | f877 49ba | 60dd 6f04 | fc7f 0000 
  0x000001fec7eca7fc: ;   {other}
  0x000001fec7eca7fc: 41ff d20f | 1f84 0000 | 0000 00e9 | 00f6 ffff | baf6 ffff | ff48 8b6c | 2448 4c8b | 5424 304c 
  0x000001fec7eca81c: 8954 2420 | 448b 5424 | 4044 8954 | 2430 4c89 | 8424 8800 | 0000 4c89 | 8424 9000 | 0000 4c89 
  0x000001fec7eca83c: 8c24 9800 | 0000 6690 

  0x000001fec7eca844: ;   {runtime_call UncommonTrapBlob}
  0x000001fec7eca844: c5f8 77e8 

  0x000001fec7eca848: ; ImmutableOopMap {rbp=Oop [32]=Oop [40]=Oop [48]=NarrowOop [56]=NarrowOop [104]=Oop [120]=Oop [136]=Oop [144]=Oop [152]=Oop }
                      ;*invokevirtual lock {reexecute=0 rethrow=0 return_oop=0}
                      ; - java.lang.ref.ReferenceQueue::poll@13
                      ; - java.util.WeakHashMap::expungeStaleEntries@4
                      ; - java.util.WeakHashMap::getTable@1
                      ; - java.util.WeakHashMap::put@13
                      ; - java.util.Collections$SetFromMap::add@8
                      ; - java.util.zip.ZipFile::getInputStream@231
                      ; - java.util.jar.JarFile::getInputStream@21
                      ; - jdk.internal.loader.URLClassPath$JarLoader$2::getInputStream@11
                      ; - jdk.internal.loader.Resource::cachedInputStream@9
                      ; - jdk.internal.loader.Resource::getByteBuffer@1
                      ; - jdk.internal.loader.BuiltinClassLoader::defineClass@45
  0x000001fec7eca848: b49d 8cff 

  0x000001fec7eca84c: ;   {other}
  0x000001fec7eca84c: 0f1f 8400 | bc94 00e8 | baf6 ffff | ff4c 8b54 | 2448 4c89 | 5424 2044 | 8b54 2440 | 4489 5424 
  0x000001fec7eca86c: 3c66 6690 

  0x000001fec7eca870: ;   {runtime_call UncommonTrapBlob}
  0x000001fec7eca870: c5f8 77e8 

  0x000001fec7eca874: ; ImmutableOopMap {rbp=Oop [32]=Oop [40]=Oop [48]=Oop [56]=NarrowOop [60]=NarrowOop [104]=Oop [120]=Oop [136]=Oop }
                      ;*invokevirtual unlock {reexecute=0 rethrow=0 return_oop=0}
                      ; - java.lang.ref.ReferenceQueue::poll@25
                      ; - java.util.WeakHashMap::expungeStaleEntries@4
                      ; - java.util.WeakHashMap::getTable@1
                      ; - java.util.WeakHashMap::put@13
                      ; - java.util.Collections$SetFromMap::add@8
                      ; - java.util.zip.ZipFile::getInputStream@231
                      ; - java.util.jar.JarFile::getInputStream@21
                      ; - jdk.internal.loader.URLClassPath$JarLoader$2::getInputStream@11
                      ; - jdk.internal.loader.Resource::cachedInputStream@9
                      ; - jdk.internal.loader.Resource::getByteBuffer@1
                      ; - jdk.internal.loader.BuiltinClassLoader::defineClass@45
  0x000001fec7eca874: 889d 8cff 

  0x000001fec7eca878: ;   {other}
  0x000001fec7eca878: 0f1f 8400 | e894 00e9 | bade ffff | ff4c 8b54 | 2448 4c89 | 5424 204c | 8b54 2430 | 4c89 5424 
  0x000001fec7eca898: 284c 8b54 | 2438 4c89 | 5424 3044 | 8b54 2440 | 4489 5424 | 3c4c 8974 | 2468 4c89 | b424 8000 
  0x000001fec7eca8b8: 0000 6690 

  0x000001fec7eca8bc: ;   {runtime_call UncommonTrapBlob}
  0x000001fec7eca8bc: c5f8 77e8 

  0x000001fec7eca8c0: ; ImmutableOopMap {rbp=NarrowOop [32]=Oop [40]=Oop [48]=Oop [60]=NarrowOop [64]=NarrowOop [88]=Oop [104]=Oop [128]=Oop }
                      ;*checkcast {reexecute=0 rethrow=0 return_oop=0}
                      ; - java.lang.ClassLoader::getDefinedPackage@16
                      ; - jdk.internal.loader.BuiltinClassLoader::getAndVerifyPackage@2
                      ; - jdk.internal.loader.BuiltinClassLoader::defineOrCheckPackage@4
                      ; - jdk.internal.loader.ClassLoaders$AppClassLoader::defineOrCheckPackage@4
                      ; - jdk.internal.loader.BuiltinClassLoader::defineClass@40
  0x000001fec7eca8c0: 3c9d 8cff 

  0x000001fec7eca8c4: ;   {other}
  0x000001fec7eca8c4: 0f1f 8400 | 3495 00ea | bade ffff | ff4c 8b54 | 2448 4c89 | 5424 204c | 8b54 2430 | 4c89 5424 
  0x000001fec7eca8e4: 284c 8b54 | 2438 4c89 | 5424 3044 | 8b54 2440 | 458b da44 | 895c 243c | 4c89 7424 | 684c 89b4 
  0x000001fec7eca904: 2480 0000 | 0044 896c | 2444 6690 

  0x000001fec7eca910: ;   {runtime_call UncommonTrapBlob}
  0x000001fec7eca910: c5f8 77e8 

  0x000001fec7eca914: ; ImmutableOopMap {rbp=NarrowOop [32]=Oop [40]=Oop [48]=Oop [60]=NarrowOop [64]=NarrowOop [68]=NarrowOop [88]=Oop [104]=Oop [128]=Oop }
                      ;*checkcast {reexecute=0 rethrow=0 return_oop=0}
                      ; - java.lang.ClassLoader::definePackage@50
                      ; - java.lang.ClassLoader::getDefinedPackage@32
                      ; - jdk.internal.loader.BuiltinClassLoader::getAndVerifyPackage@2
                      ; - jdk.internal.loader.BuiltinClassLoader::defineOrCheckPackage@4
                      ; - jdk.internal.loader.ClassLoaders$AppClassLoader::defineOrCheckPackage@4
                      ; - jdk.internal.loader.BuiltinClassLoader::defineClass@40
  0x000001fec7eca914: e89c 8cff 

  0x000001fec7eca918: ;   {other}
  0x000001fec7eca918: 0f1f 8400 | 8895 00eb | bade ffff | ff48 8b6c | 2448 4c8b | 5424 304c | 8954 2420 | 448b 4424 
  0x000001fec7eca938: 4044 8944 | 2430 448b | 4424 4444 | 8944 2440 

  0x000001fec7eca948: ;   {runtime_call UncommonTrapBlob}
  0x000001fec7eca948: c5f8 77e8 

  0x000001fec7eca94c: ; ImmutableOopMap {rbp=Oop [32]=Oop [40]=Oop [48]=NarrowOop [56]=NarrowOop [104]=Oop [120]=Oop [128]=Oop [136]=NarrowOop [224]=Oop }
                      ;*checkcast {reexecute=0 rethrow=0 return_oop=0}
                      ; - java.util.WeakHashMap::expungeStaleEntries@20
                      ; - java.util.WeakHashMap::getTable@1
                      ; - java.util.WeakHashMap::put@13
                      ; - java.util.Collections$SetFromMap::add@8
                      ; - java.util.zip.ZipFile::getInputStream@231
                      ; - java.util.jar.JarFile::getInputStream@21
                      ; - jdk.internal.loader.URLClassPath$JarLoader$2::getInputStream@11
                      ; - jdk.internal.loader.Resource::cachedInputStream@9
                      ; - jdk.internal.loader.Resource::getByteBuffer@1
                      ; - jdk.internal.loader.BuiltinClassLoader::defineClass@45
  0x000001fec7eca94c: b09c 8cff 

  0x000001fec7eca950: ;   {other}
  0x000001fec7eca950: 0f1f 8400 | c095 00ec | bade ffff | ff48 894c | 2450 6690 

  0x000001fec7eca964: ;   {runtime_call UncommonTrapBlob}
  0x000001fec7eca964: c5f8 77e8 

  0x000001fec7eca968: ; ImmutableOopMap {rbp=NarrowOop [40]=Oop [48]=Oop [56]=Oop [64]=NarrowOop [72]=Oop [80]=Oop [104]=Oop }
                      ;*checkcast {reexecute=0 rethrow=0 return_oop=0}
                      ; - java.util.jar.Attributes::getValue@5
                      ; - jdk.internal.loader.BuiltinClassLoader::isSealed@57
                      ; - jdk.internal.loader.BuiltinClassLoader::getAndVerifyPackage@70
                      ; - jdk.internal.loader.BuiltinClassLoader::defineOrCheckPackage@4
                      ; - jdk.internal.loader.ClassLoaders$AppClassLoader::defineOrCheckPackage@4
                      ; - jdk.internal.loader.BuiltinClassLoader::defineClass@40
  0x000001fec7eca968: 949c 8cff 

  0x000001fec7eca96c: ;   {other}
  0x000001fec7eca96c: 0f1f 8400 | dc95 00ed | bade ffff | ff4c 8b54 | 2448 4c89 | 5424 2090 

  0x000001fec7eca984: ;   {runtime_call UncommonTrapBlob}
  0x000001fec7eca984: c5f8 77e8 

  0x000001fec7eca988: ; ImmutableOopMap {rbp=NarrowOop [32]=Oop [40]=Oop [48]=Oop [56]=NarrowOop [60]=NarrowOop [64]=NarrowOop [68]=NarrowOop [104]=Oop [120]=Oop [128]=NarrowOop }
                      ;*checkcast {reexecute=0 rethrow=0 return_oop=0}
                      ; - java.util.zip.ZipFile$CleanableResource::getInflater@16
                      ; - java.util.zip.ZipFile$ZipFileInflaterInputStream::<init>@5
                      ; - java.util.zip.ZipFile::getInputStream@216
                      ; - java.util.jar.JarFile::getInputStream@21
                      ; - jdk.internal.loader.URLClassPath$JarLoader$2::getInputStream@11
                      ; - jdk.internal.loader.Resource::cachedInputStream@9
                      ; - jdk.internal.loader.Resource::getByteBuffer@1
                      ; - jdk.internal.loader.BuiltinClassLoader::defineClass@45
  0x000001fec7eca988: 749c 8cff 

  0x000001fec7eca98c: ;   {other}
  0x000001fec7eca98c: 0f1f 8400 | fc95 00ee | bade ffff | ff4c 8b54 | 2428 4c89 | 5424 204c | 8b54 2430 | 4c89 5424 
  0x000001fec7eca9ac: 284c 8b54 | 2438 4c89 | 5424 3044 | 8b5c 2440 | 4489 5c24 | 384c 894c | 2448 6690 

  0x000001fec7eca9c8: ;   {runtime_call UncommonTrapBlob}
  0x000001fec7eca9c8: c5f8 77e8 

  0x000001fec7eca9cc: ; ImmutableOopMap {rbp=NarrowOop [32]=Oop [40]=Oop [48]=Oop [56]=NarrowOop [72]=Oop [120]=Oop }
                      ;*checkcast {reexecute=0 rethrow=0 return_oop=0}
                      ; - java.util.jar.JarFile::getManifestFromReference@14
                      ; - java.util.jar.JarFile::getManifest@1
                      ; - jdk.internal.loader.URLClassPath$JarLoader$2::getManifest@22
                      ; - jdk.internal.loader.BuiltinClassLoader::defineClass@29
  0x000001fec7eca9cc: 309c 8cff 

  0x000001fec7eca9d0: ;   {other}
  0x000001fec7eca9d0: 0f1f 8400 | 4096 00ef | 488b d04c | 8b54 2448 | 498b ea90 

  0x000001fec7eca9e4: ;   {runtime_call _rethrow_Java}
  0x000001fec7eca9e4: c5f8 77e8 

  0x000001fec7eca9e8: ; ImmutableOopMap {rbp=Oop [32]=Oop [40]=NarrowOop [48]=Oop [64]=NarrowOop [72]=Oop [80]=Oop [88]=Oop [112]=Oop }
                      ;*invokevirtual read {reexecute=0 rethrow=0 return_oop=1}
                      ; - jdk.internal.loader.Resource::getBytes@117
                      ; - jdk.internal.loader.URLClassPath$JarLoader$2::getBytes@1
                      ; - jdk.internal.loader.BuiltinClassLoader::defineClass@84
  0x000001fec7eca9e8: 140e 99ff 

  0x000001fec7eca9ec: ;   {other}
  0x000001fec7eca9ec: 0f1f 8400 | 5c96 00f0 | 488b d048 | 8b6c 2448 

  0x000001fec7eca9fc: ;   {runtime_call _rethrow_Java}
  0x000001fec7eca9fc: c5f8 77e8 

  0x000001fec7ecaa00: ; ImmutableOopMap {rbp=Oop [32]=Oop [40]=NarrowOop [48]=Oop [64]=NarrowOop }
                      ;*invokevirtual getContentLength {reexecute=0 rethrow=0 return_oop=1}
                      ; - jdk.internal.loader.Resource::getBytes@10
                      ; - jdk.internal.loader.URLClassPath$JarLoader$2::getBytes@1
                      ; - jdk.internal.loader.BuiltinClassLoader::defineClass@84
  0x000001fec7ecaa00: fc0d 99ff 

  0x000001fec7ecaa04: ;   {other}
  0x000001fec7ecaa04: 0f1f 8400 | 7496 00f1 | 488b d048 | 8b6c 2448 

  0x000001fec7ecaa14: ;   {runtime_call _rethrow_Java}
  0x000001fec7ecaa14: c5f8 77e8 

  0x000001fec7ecaa18: ; ImmutableOopMap {rbp=Oop [32]=Oop [48]=Oop [64]=NarrowOop [72]=Oop [88]=Oop [96]=Oop }
                      ;*invokevirtual close {reexecute=0 rethrow=0 return_oop=1}
                      ; - jdk.internal.loader.Resource::getBytes@183
                      ; - jdk.internal.loader.URLClassPath$JarLoader$2::getBytes@1
                      ; - jdk.internal.loader.BuiltinClassLoader::defineClass@84
  0x000001fec7ecaa18: e40d 99ff 

  0x000001fec7ecaa1c: ;   {other}
  0x000001fec7ecaa1c: 0f1f 8400 | 8c96 00f2 | baf6 ffff | ff48 8b6c | 2448 448b | 4424 4044 | 8944 2428 | 895c 2440 
  0x000001fec7ecaa3c: 4489 4c24 | 4444 8954 | 244c 6690 

  0x000001fec7ecaa48: ;   {runtime_call UncommonTrapBlob}
  0x000001fec7ecaa48: c5f8 77e8 

  0x000001fec7ecaa4c: ; ImmutableOopMap {rbp=Oop [32]=Oop [40]=NarrowOop [48]=Oop [64]=NarrowOop }
                      ;*arraylength {reexecute=0 rethrow=0 return_oop=0}
                      ; - jdk.internal.loader.Resource::getBytes@56
                      ; - jdk.internal.loader.URLClassPath$JarLoader$2::getBytes@1
                      ; - jdk.internal.loader.BuiltinClassLoader::defineClass@84
  0x000001fec7ecaa4c: b09b 8cff 

  0x000001fec7ecaa50: ;   {other}
  0x000001fec7ecaa50: 0f1f 8400 | c096 00f3 | baf6 ffff | ff66 6690 

  0x000001fec7ecaa60: ;   {runtime_call UncommonTrapBlob}
  0x000001fec7ecaa60: c5f8 77e8 

  0x000001fec7ecaa64: ; ImmutableOopMap {}
                      ;*invokevirtual getCodeSourceURL {reexecute=0 rethrow=0 return_oop=0}
                      ; - jdk.internal.loader.BuiltinClassLoader::defineClass@1
  0x000001fec7ecaa64: 989b 8cff 

  0x000001fec7ecaa68: ;   {other}
  0x000001fec7ecaa68: 0f1f 8400 | d896 00f4 | baf6 ffff | ff66 6690 

  0x000001fec7ecaa78: ;   {runtime_call UncommonTrapBlob}
  0x000001fec7ecaa78: c5f8 77e8 

  0x000001fec7ecaa7c: ; ImmutableOopMap {}
                      ;*getfield csu {reexecute=1 rethrow=0 return_oop=0}
                      ; - (reexecute) jdk.internal.loader.URLClassPath$JarLoader$2::getCodeSourceURL@4
                      ; - jdk.internal.loader.BuiltinClassLoader::defineClass@1
  0x000001fec7ecaa7c: 809b 8cff 

  0x000001fec7ecaa80: ;   {other}
  0x000001fec7ecaa80: 0f1f 8400 | f096 00f5 | baf6 ffff | ff66 6690 

  0x000001fec7ecaa90: ;   {runtime_call UncommonTrapBlob}
  0x000001fec7ecaa90: c5f8 77e8 

  0x000001fec7ecaa94: ; ImmutableOopMap {}
                      ;*invokevirtual lastIndexOf {reexecute=0 rethrow=0 return_oop=0}
                      ; - jdk.internal.loader.BuiltinClassLoader::defineClass@8
  0x000001fec7ecaa94: 689b 8cff 

  0x000001fec7ecaa98: ;   {other}
  0x000001fec7ecaa98: 0f1f 8400 | 0897 00f6 | baf6 ffff | ff66 6690 

  0x000001fec7ecaaa8: ;   {runtime_call UncommonTrapBlob}
  0x000001fec7ecaaa8: c5f8 77e8 

  0x000001fec7ecaaac: ; ImmutableOopMap {}
                      ;*arraylength {reexecute=0 rethrow=0 return_oop=0}
                      ; - java.lang.String::length@4
                      ; - java.lang.String::lastIndexOf@3
                      ; - jdk.internal.loader.BuiltinClassLoader::defineClass@8
  0x000001fec7ecaaac: 509b 8cff 

  0x000001fec7ecaab0: ;   {other}
  0x000001fec7ecaab0: 0f1f 8400 | 2097 00f7 | baf6 ffff | ff66 6690 

  0x000001fec7ecaac0: ;   {runtime_call UncommonTrapBlob}
  0x000001fec7ecaac0: c5f8 77e8 

  0x000001fec7ecaac4: ; ImmutableOopMap {}
                      ;*getfield jar {reexecute=1 rethrow=0 return_oop=0}
                      ; - (reexecute) jdk.internal.loader.URLClassPath$JarLoader$2::getManifest@7
                      ; - jdk.internal.loader.BuiltinClassLoader::defineClass@29
  0x000001fec7ecaac4: 389b 8cff 

  0x000001fec7ecaac8: ;   {other}
  0x000001fec7ecaac8: 0f1f 8400 | 3897 00f8 | baf6 ffff | ff66 6690 

  0x000001fec7ecaad8: ;   {runtime_call UncommonTrapBlob}
  0x000001fec7ecaad8: c5f8 77e8 

  0x000001fec7ecaadc: ; ImmutableOopMap {}
                      ;*getfield jar {reexecute=1 rethrow=0 return_oop=0}
                      ; - (reexecute) jdk.internal.loader.URLClassPath$JarLoader$2::getManifest@19
                      ; - jdk.internal.loader.BuiltinClassLoader::defineClass@29
  0x000001fec7ecaadc: 209b 8cff 

  0x000001fec7ecaae0: ;   {other}
  0x000001fec7ecaae0: 0f1f 8400 | 5097 00f9 | baf6 ffff | ff66 6690 

  0x000001fec7ecaaf0: ;   {runtime_call UncommonTrapBlob}
  0x000001fec7ecaaf0: c5f8 77e8 

  0x000001fec7ecaaf4: ; ImmutableOopMap {}
                      ;*invokevirtual getManifest {reexecute=0 rethrow=0 return_oop=0}
                      ; - jdk.internal.loader.URLClassPath$JarLoader$2::getManifest@22
                      ; - jdk.internal.loader.BuiltinClassLoader::defineClass@29
  0x000001fec7ecaaf4: 089b 8cff 

  0x000001fec7ecaaf8: ;   {other}
  0x000001fec7ecaaf8: 0f1f 8400 | 6897 00fa | baf6 ffff | ff49 8bea | 4c8b 5424 | 304c 8954 | 2420 4c8b | 5424 384c 
  0x000001fec7ecab18: 8954 2428 | 448b 5424 | 4044 8954 | 2430 6690 

  0x000001fec7ecab28: ;   {runtime_call UncommonTrapBlob}
  0x000001fec7ecab28: c5f8 77e8 

  0x000001fec7ecab2c: ; ImmutableOopMap {rbp=Oop [32]=Oop [40]=Oop [48]=NarrowOop [88]=Oop [120]=Oop }
                      ;*invokevirtual get {reexecute=0 rethrow=0 return_oop=0}
                      ; - java.lang.ClassLoader::getDefinedPackage@13
                      ; - jdk.internal.loader.BuiltinClassLoader::getAndVerifyPackage@2
                      ; - jdk.internal.loader.BuiltinClassLoader::defineOrCheckPackage@4
                      ; - jdk.internal.loader.ClassLoaders$AppClassLoader::defineOrCheckPackage@4
                      ; - jdk.internal.loader.BuiltinClassLoader::defineClass@40
  0x000001fec7ecab2c: d09a 8cff 

  0x000001fec7ecab30: ;   {other}
  0x000001fec7ecab30: 0f1f 8400 | a097 00fb | baf4 ffff | ff48 8b6c | 2448 4c8b | 5424 304c | 8954 2420 | 4c89 6c24 
  0x000001fec7ecab50: 2866 6690 

  0x000001fec7ecab54: ;   {runtime_call UncommonTrapBlob}
  0x000001fec7ecab54: c5f8 77e8 

  0x000001fec7ecab58: ; ImmutableOopMap {rbp=Oop [32]=Oop [40]=Oop [64]=NarrowOop }
                      ;*instanceof {reexecute=0 rethrow=0 return_oop=0}
                      ; - jdk.internal.loader.Resource::getByteBuffer@6
                      ; - jdk.internal.loader.BuiltinClassLoader::defineClass@45
  0x000001fec7ecab58: a49a 8cff 

  0x000001fec7ecab5c: ;   {other}
  0x000001fec7ecab5c: 0f1f 8400 | cc97 00fc | baf6 ffff | ff48 8b6c | 2448 448b | 5424 4044 | 8954 2428 

  0x000001fec7ecab78: ;   {runtime_call UncommonTrapBlob}
  0x000001fec7ecab78: c5f8 77e8 

  0x000001fec7ecab7c: ; ImmutableOopMap {rbp=Oop [32]=Oop [40]=NarrowOop [48]=Oop [88]=Oop }
                      ;*invokevirtual close {reexecute=0 rethrow=0 return_oop=0}
                      ; - jdk.internal.loader.Resource::getBytes@183
                      ; - jdk.internal.loader.URLClassPath$JarLoader$2::getBytes@1
                      ; - jdk.internal.loader.BuiltinClassLoader::defineClass@84
  0x000001fec7ecab7c: 809a 8cff 

  0x000001fec7ecab80: ;   {other}
  0x000001fec7ecab80: 0f1f 8400 | f097 00fd | baf6 ffff | ff66 6690 

  0x000001fec7ecab90: ;   {runtime_call UncommonTrapBlob}
  0x000001fec7ecab90: c5f8 77e8 

  0x000001fec7ecab94: ; ImmutableOopMap {}
                      ;*invokevirtual getCrc {reexecute=0 rethrow=0 return_oop=0}
                      ; - jdk.internal.loader.URLClassPath$JarLoader$2::getBytes@26
                      ; - jdk.internal.loader.BuiltinClassLoader::defineClass@84
  0x000001fec7ecab94: 689a 8cff 

  0x000001fec7ecab98: ;   {other}
  0x000001fec7ecab98: 0f1f 8400 | 0898 00fe | baf6 ffff | ff66 6690 

  0x000001fec7ecaba8: ;   {runtime_call UncommonTrapBlob}
  0x000001fec7ecaba8: c5f8 77e8 

  0x000001fec7ecabac: ; ImmutableOopMap {}
                      ;*arraylength {reexecute=0 rethrow=0 return_oop=0}
                      ; - jdk.internal.loader.BuiltinClassLoader::defineClass@114
  0x000001fec7ecabac: 509a 8cff 

  0x000001fec7ecabb0: ;   {other}
  0x000001fec7ecabb0: 0f1f 8400 | 2098 00ff | ba45 ffff | ff48 8b6c | 2428 4c8b | 5c24 304c | 895c 2420 | 448b 4424 
  0x000001fec7ecabd0: 4044 8944 | 2430 4489 | 5424 4890 

  0x000001fec7ecabdc: ;   {runtime_call UncommonTrapBlob}
  0x000001fec7ecabdc: c5f8 77e8 

  0x000001fec7ecabe0: ; ImmutableOopMap {rbp=Oop [32]=Oop [48]=NarrowOop [56]=Oop [72]=NarrowOop [120]=Oop }
                      ;*ifnonnull {reexecute=1 rethrow=0 return_oop=0}
                      ; - (reexecute) jdk.internal.access.SharedSecrets::javaUtilJarAccess@5
                      ; - jdk.internal.loader.URLClassPath$JarLoader$2::getManifest@0
                      ; - jdk.internal.loader.BuiltinClassLoader::defineClass@29
  0x000001fec7ecabe0: 1c9a 8cff 

  0x000001fec7ecabe4: ;   {other}
  0x000001fec7ecabe4: 0f1f 8400 | 0000 0000 | ba45 ffff | ff4c 8b54 | 2428 4c89 | 5424 204c | 8b54 2430 | 4c89 5424 
  0x000001fec7ecac04: 284c 8b54 | 2438 4c89 | 5424 3044 | 8b54 2440 | 4489 5424 | 384c 894c | 2448 6690 

  0x000001fec7ecac20: ;   {runtime_call UncommonTrapBlob}
  0x000001fec7ecac20: c5f8 77e8 

  0x000001fec7ecac24: ; ImmutableOopMap {rbp=NarrowOop [32]=Oop [40]=Oop [48]=Oop [56]=NarrowOop [72]=Oop [120]=Oop }
                      ;*ifnull {reexecute=1 rethrow=0 return_oop=0}
                      ; - (reexecute) java.lang.ref.SoftReference::get@6
                      ; - java.util.jar.JarFile::getManifestFromReference@11
                      ; - java.util.jar.JarFile::getManifest@1
                      ; - jdk.internal.loader.URLClassPath$JarLoader$2::getManifest@22
                      ; - jdk.internal.loader.BuiltinClassLoader::defineClass@29
  0x000001fec7ecac24: d899 8cff 

  0x000001fec7ecac28: ;   {other}
  0x000001fec7ecac28: 0f1f 8400 | 0000 0000 | baf6 ffff | ff48 8b6c | 2448 4c8b | 5424 304c | 8954 2420 | 4c8b 5424 
  0x000001fec7ecac48: 384c 8954 | 2428 448b | 5c24 404c | 8974 2448 | 4489 5c24 | 3466 6690 

  0x000001fec7ecac60: ;   {runtime_call UncommonTrapBlob}
  0x000001fec7ecac60: c5f8 77e8 

  0x000001fec7ecac64: ; ImmutableOopMap {rbp=Oop [32]=Oop [40]=Oop [52]=NarrowOop [64]=NarrowOop [72]=Oop [88]=Oop }
                      ;*arraylength {reexecute=0 rethrow=0 return_oop=0}
                      ; - java.lang.String::isEmpty@4
                      ; - java.lang.ClassLoader::definePackage@1
                      ; - java.lang.ClassLoader::getDefinedPackage@32
                      ; - jdk.internal.loader.BuiltinClassLoader::getAndVerifyPackage@2
                      ; - jdk.internal.loader.BuiltinClassLoader::defineOrCheckPackage@4
                      ; - jdk.internal.loader.ClassLoaders$AppClassLoader::defineOrCheckPackage@4
                      ; - jdk.internal.loader.BuiltinClassLoader::defineClass@40
  0x000001fec7ecac64: 9899 8cff 

  0x000001fec7ecac68: ;   {other}
  0x000001fec7ecac68: 0f1f 8400 | 0000 0000 | baf6 ffff | ff48 8b6c | 2448 4c8b | 5424 304c | 8954 2420 | 4c8b 5424 
  0x000001fec7ecac88: 384c 8954 | 2428 448b | 5c24 4044 | 895c 2434 | 4c89 7424 | 4066 6690 

  0x000001fec7ecaca0: ;   {runtime_call UncommonTrapBlob}
  0x000001fec7ecaca0: c5f8 77e8 

  0x000001fec7ecaca4: ; ImmutableOopMap {rbp=Oop [32]=Oop [40]=Oop [52]=NarrowOop [64]=Oop [88]=Oop }
                      ;*invokevirtual get {reexecute=0 rethrow=0 return_oop=0}
                      ; - java.lang.ClassLoader::definePackage@47
                      ; - java.lang.ClassLoader::getDefinedPackage@32
                      ; - jdk.internal.loader.BuiltinClassLoader::getAndVerifyPackage@2
                      ; - jdk.internal.loader.BuiltinClassLoader::defineOrCheckPackage@4
                      ; - jdk.internal.loader.ClassLoaders$AppClassLoader::defineOrCheckPackage@4
                      ; - jdk.internal.loader.BuiltinClassLoader::defineClass@40
  0x000001fec7ecaca4: 5899 8cff 

  0x000001fec7ecaca8: ;   {other}
  0x000001fec7ecaca8: 0f1f 8400 | 0000 0000 | baf6 ffff | ff48 8b6c | 2448 4c8b | 5424 304c | 8954 2420 | 4c8b 5424 
  0x000001fec7ecacc8: 384c 8954 | 2428 448b | 5c24 404c | 8974 2448 | 4489 5c24 | 3466 6690 

  0x000001fec7ecace0: ;   {runtime_call UncommonTrapBlob}
  0x000001fec7ecace0: c5f8 77e8 

  0x000001fec7ecace4: ; ImmutableOopMap {rbp=Oop [32]=Oop [40]=Oop [52]=NarrowOop [64]=NarrowOop [72]=Oop [88]=Oop }
                      ;*invokevirtual isNamed {reexecute=0 rethrow=0 return_oop=0}
                      ; - java.lang.Package::isSealed@4
                      ; - jdk.internal.loader.BuiltinClassLoader::getAndVerifyPackage@14
                      ; - jdk.internal.loader.BuiltinClassLoader::defineOrCheckPackage@4
                      ; - jdk.internal.loader.ClassLoaders$AppClassLoader::defineOrCheckPackage@4
                      ; - jdk.internal.loader.BuiltinClassLoader::defineClass@40
  0x000001fec7ecace4: 1899 8cff 

  0x000001fec7ecace8: ;   {other}
  0x000001fec7ecace8: 0f1f 8400 | 0000 0000 | baf6 ffff | ff48 8b6c | 2448 4c8b | 5424 304c | 8954 2420 | 4c8b 5424 
  0x000001fec7ecad08: 384c 8954 | 2428 448b | 5c24 404c | 8974 2448 | 4489 5c24 | 3466 6690 

  0x000001fec7ecad20: ;   {runtime_call UncommonTrapBlob}
  0x000001fec7ecad20: c5f8 77e8 

  0x000001fec7ecad24: ; ImmutableOopMap {rbp=Oop [32]=Oop [40]=Oop [52]=NarrowOop [64]=NarrowOop [72]=Oop [88]=Oop }
                      ;*getfield sealBase {reexecute=1 rethrow=0 return_oop=0}
                      ; - (reexecute) java.lang.Package::isSealed@14
                      ; - jdk.internal.loader.BuiltinClassLoader::getAndVerifyPackage@14
                      ; - jdk.internal.loader.BuiltinClassLoader::defineOrCheckPackage@4
                      ; - jdk.internal.loader.ClassLoaders$AppClassLoader::defineOrCheckPackage@4
                      ; - jdk.internal.loader.BuiltinClassLoader::defineClass@40
  0x000001fec7ecad24: d898 8cff 

  0x000001fec7ecad28: ;   {other}
  0x000001fec7ecad28: 0f1f 8400 | 0000 0000 | baf6 ffff | ff48 8b6c | 2448 4c8b | 5424 304c | 8954 2420 | 4c8b 5424 
  0x000001fec7ecad48: 384c 8954 | 2428 448b | 5c24 404c | 8974 2448 | 4489 5c24 | 3466 6690 

  0x000001fec7ecad60: ;   {runtime_call UncommonTrapBlob}
  0x000001fec7ecad60: c5f8 77e8 

  0x000001fec7ecad64: ; ImmutableOopMap {rbp=Oop [32]=Oop [40]=Oop [52]=NarrowOop [64]=NarrowOop [72]=Oop [88]=Oop }
                      ;*arraylength {reexecute=0 rethrow=0 return_oop=0}
                      ; - java.lang.StringLatin1::replace@8
                      ; - java.lang.String::replace@18
                      ; - jdk.internal.loader.BuiltinClassLoader::isSealed@9
                      ; - jdk.internal.loader.BuiltinClassLoader::getAndVerifyPackage@70
                      ; - jdk.internal.loader.BuiltinClassLoader::defineOrCheckPackage@4
                      ; - jdk.internal.loader.ClassLoaders$AppClassLoader::defineOrCheckPackage@4
                      ; - jdk.internal.loader.BuiltinClassLoader::defineClass@40
  0x000001fec7ecad64: 9898 8cff 

  0x000001fec7ecad68: ;   {other}
  0x000001fec7ecad68: 0f1f 8400 | 0000 0000 | baf6 ffff | ff48 8b6c | 2448 4c8b | 5424 304c | 8954 2420 | 4c8b 5424 
  0x000001fec7ecad88: 384c 8954 | 2430 448b | 5c24 4044 | 895c 243c | 4889 7424 | 4066 6690 

  0x000001fec7ecada0: ;   {runtime_call UncommonTrapBlob}
  0x000001fec7ecada0: c5f8 77e8 

  0x000001fec7ecada4: ; ImmutableOopMap {rbp=Oop [32]=Oop [40]=Oop [48]=Oop [60]=NarrowOop [64]=Oop [88]=Oop }
                      ;*invokeinterface get {reexecute=0 rethrow=0 return_oop=0}
                      ; - java.util.jar.Manifest::getAttributes@5
                      ; - java.util.jar.Manifest::getTrustedAttributes@2
                      ; - java.util.jar.JavaUtilJarAccessImpl::getTrustedAttributes@2
                      ; - jdk.internal.loader.BuiltinClassLoader::isSealed@17
                      ; - jdk.internal.loader.BuiltinClassLoader::getAndVerifyPackage@70
                      ; - jdk.internal.loader.BuiltinClassLoader::defineOrCheckPackage@4
                      ; - jdk.internal.loader.ClassLoaders$AppClassLoader::defineOrCheckPackage@4
                      ; - jdk.internal.loader.BuiltinClassLoader::defineClass@40
  0x000001fec7ecada4: 5898 8cff 

  0x000001fec7ecada8: ;   {other}
  0x000001fec7ecada8: 0f1f 8400 | 0000 0000 | baf6 ffff | ff49 8bed 

  0x000001fec7ecadb8: ;   {runtime_call UncommonTrapBlob}
  0x000001fec7ecadb8: c5f8 77e8 

  0x000001fec7ecadbc: ; ImmutableOopMap {rbp=Oop }
                      ;*getfield jar {reexecute=1 rethrow=0 return_oop=0}
                      ; - (reexecute) jdk.internal.loader.URLClassPath$JarLoader$2::getInputStream@4
                      ; - jdk.internal.loader.Resource::cachedInputStream@9
                      ; - jdk.internal.loader.Resource::getByteBuffer@1
                      ; - jdk.internal.loader.BuiltinClassLoader::defineClass@45
  0x000001fec7ecadbc: 4098 8cff 

  0x000001fec7ecadc0: ;   {other}
  0x000001fec7ecadc0: 0f1f 8400 | 0000 0000 | baf6 ffff | ff48 8b6c | 2448 4c8b | 4424 304c | 8944 2420 | 448b 4424 
  0x000001fec7ecade0: 4044 8944 | 2430 4c89 | 6c24 384c | 896c 2440 | 4489 5424 | 5044 895c | 2454 6690 

  0x000001fec7ecadfc: ;   {runtime_call UncommonTrapBlob}
  0x000001fec7ecadfc: c5f8 77e8 

  0x000001fec7ecae00: ; ImmutableOopMap {rbp=Oop [32]=Oop [48]=NarrowOop [56]=Oop [64]=Oop [80]=NarrowOop [84]=NarrowOop }
                      ;*getfield zsrc {reexecute=1 rethrow=0 return_oop=0}
                      ; - (reexecute) java.util.zip.ZipFile::getInputStream@11
                      ; - java.util.jar.JarFile::getInputStream@21
                      ; - jdk.internal.loader.URLClassPath$JarLoader$2::getInputStream@11
                      ; - jdk.internal.loader.Resource::cachedInputStream@9
                      ; - jdk.internal.loader.Resource::getByteBuffer@1
                      ; - jdk.internal.loader.BuiltinClassLoader::defineClass@45
  0x000001fec7ecae00: fc97 8cff 

  0x000001fec7ecae04: ;   {other}
  0x000001fec7ecae04: 0f1f 8400 | 0000 0000 | baf6 ffff | ff48 8b6c | 2448 4c8b | 4424 304c | 8944 2420 | 8b4c 2440 
  0x000001fec7ecae24: 894c 2430 | 4c89 6c24 | 384c 896c | 2440 4489 | 5424 5044 | 895c 2454 | 4489 7424 | 5844 894c 
  0x000001fec7ecae44: 245c 4489 | 5424 6090 

  0x000001fec7ecae4c: ;   {runtime_call UncommonTrapBlob}
  0x000001fec7ecae4c: c5f8 77e8 

  0x000001fec7ecae50: ; ImmutableOopMap {rbp=Oop [32]=Oop [48]=NarrowOop [56]=Oop [64]=Oop [80]=NarrowOop [84]=NarrowOop [88]=NarrowOop [92]=NarrowOop [96]=NarrowOop }
                      ;*getfield zsrc {reexecute=1 rethrow=0 return_oop=0}
                      ; - (reexecute) java.util.zip.ZipFile::ensureOpen@22
                      ; - java.util.zip.ZipFile::getInputStream@31
                      ; - java.util.jar.JarFile::getInputStream@21
                      ; - jdk.internal.loader.URLClassPath$JarLoader$2::getInputStream@11
                      ; - jdk.internal.loader.Resource::cachedInputStream@9
                      ; - jdk.internal.loader.Resource::getByteBuffer@1
                      ; - jdk.internal.loader.BuiltinClassLoader::defineClass@45
  0x000001fec7ecae50: ac97 8cff 

  0x000001fec7ecae54: ;   {other}
  0x000001fec7ecae54: 0f1f 8400 | 0000 0000 | baf6 ffff | ff48 8b6c | 2448 4c8b | 4424 304c | 8944 2420 | 8b4c 2440 
  0x000001fec7ecae74: 894c 2430 | 4c89 6c24 | 384c 896c | 2440 4489 | 5424 5089 | 4424 5444 | 894c 2458 | 4489 5424 
  0x000001fec7ecae94: 5c4c 895c | 2468 6690 

  0x000001fec7ecae9c: ;   {runtime_call UncommonTrapBlob}
  0x000001fec7ecae9c: c5f8 77e8 

  0x000001fec7ecaea0: ; ImmutableOopMap {rbp=Oop [32]=Oop [48]=NarrowOop [56]=Oop [64]=Oop [80]=NarrowOop [88]=NarrowOop [92]=NarrowOop [104]=Oop }
                      ;*getfield cen {reexecute=1 rethrow=0 return_oop=0}
                      ; - (reexecute) java.util.zip.ZipFile::getInputStream@84
                      ; - java.util.jar.JarFile::getInputStream@21
                      ; - jdk.internal.loader.URLClassPath$JarLoader$2::getInputStream@11
                      ; - jdk.internal.loader.Resource::cachedInputStream@9
                      ; - jdk.internal.loader.Resource::getByteBuffer@1
                      ; - jdk.internal.loader.BuiltinClassLoader::defineClass@45
  0x000001fec7ecaea0: 5c97 8cff 

  0x000001fec7ecaea4: ;   {other}
  0x000001fec7ecaea4: 0f1f 8400 | 0000 0000 | baf6 ffff | ff48 8b6c | 2448 4c8b | 5424 304c | 8954 2420 | 448b 5424 
  0x000001fec7ecaec4: 4044 8954 | 2430 4889 | 4424 f88b | 4424 3889 | 4424 3448 | 8b44 24f8 | 4889 4424 | f88b 4424 
  0x000001fec7ecaee4: 6889 4424 | 4048 8b44 | 24f8 897c | 2470 6690 

  0x000001fec7ecaef4: ;   {runtime_call UncommonTrapBlob}
  0x000001fec7ecaef4: c5f8 77e8 

  0x000001fec7ecaef8: ; ImmutableOopMap {rbp=Oop [32]=Oop [40]=Oop [48]=NarrowOop [52]=NarrowOop [60]=NarrowOop [68]=NarrowOop [120]=Oop }
                      ;*baload {reexecute=0 rethrow=0 return_oop=0}
                      ; - java.util.zip.ZipUtils::SH@2
                      ; - java.util.zip.ZipUtils::LG@2
                      ; - java.util.zip.ZipUtils::CENSIZ@5
                      ; - java.util.zip.ZipFile$ZipFileInputStream::<init>@12
                      ; - java.util.zip.ZipFile::getInputStream@88
                      ; - java.util.jar.JarFile::getInputStream@21
                      ; - jdk.internal.loader.URLClassPath$JarLoader$2::getInputStream@11
                      ; - jdk.internal.loader.Resource::cachedInputStream@9
                      ; - jdk.internal.loader.Resource::getByteBuffer@1
                      ; - jdk.internal.loader.BuiltinClassLoader::defineClass@45
  0x000001fec7ecaef8: 0497 8cff 

  0x000001fec7ecaefc: ;   {other}
  0x000001fec7ecaefc: 0f1f 8400 | 0000 0000 | baf6 ffff | ff48 8b6c | 2448 4c8b | 5424 304c | 8954 2420 | 448b 5424 
  0x000001fec7ecaf1c: 4044 8954 | 2430 4889 | 4424 f88b | 4424 6889 | 4424 4048 | 8b44 24f8 

  0x000001fec7ecaf34: ;   {runtime_call UncommonTrapBlob}
  0x000001fec7ecaf34: c5f8 77e8 

  0x000001fec7ecaf38: ; ImmutableOopMap {rbp=Oop [32]=Oop [40]=Oop [48]=NarrowOop [56]=NarrowOop [60]=NarrowOop [68]=NarrowOop [120]=Oop }
                      ;*getfield zsrc {reexecute=1 rethrow=0 return_oop=0}
                      ; - (reexecute) java.util.zip.ZipFile$ZipFileInputStream::<init>@84
                      ; - java.util.zip.ZipFile::getInputStream@88
                      ; - java.util.jar.JarFile::getInputStream@21
                      ; - jdk.internal.loader.URLClassPath$JarLoader$2::getInputStream@11
                      ; - jdk.internal.loader.Resource::cachedInputStream@9
                      ; - jdk.internal.loader.Resource::getByteBuffer@1
                      ; - jdk.internal.loader.BuiltinClassLoader::defineClass@45
  0x000001fec7ecaf38: c496 8cff 

  0x000001fec7ecaf3c: ;   {other}
  0x000001fec7ecaf3c: 0f1f 8400 | 0000 0000 | baf6 ffff | ff48 8b6c | 2448 4c8b | 5424 304c | 8954 2420 | 448b 5c24 
  0x000001fec7ecaf5c: 4044 895c | 2430 4889 | 4424 f88b | 4424 6889 | 4424 4048 | 8b44 24f8 

  0x000001fec7ecaf74: ;   {runtime_call UncommonTrapBlob}
  0x000001fec7ecaf74: c5f8 77e8 

  0x000001fec7ecaf78: ; ImmutableOopMap {rbp=Oop [32]=Oop [40]=Oop [48]=NarrowOop [56]=NarrowOop [60]=NarrowOop [68]=NarrowOop [120]=Oop }
                      ;*getfield locpos {reexecute=1 rethrow=0 return_oop=0}
                      ; - (reexecute) java.util.zip.ZipFile$ZipFileInputStream::<init>@87
                      ; - java.util.zip.ZipFile::getInputStream@88
                      ; - java.util.jar.JarFile::getInputStream@21
                      ; - jdk.internal.loader.URLClassPath$JarLoader$2::getInputStream@11
                      ; - jdk.internal.loader.Resource::cachedInputStream@9
                      ; - jdk.internal.loader.Resource::getByteBuffer@1
                      ; - jdk.internal.loader.BuiltinClassLoader::defineClass@45
  0x000001fec7ecaf78: 8496 8cff 

  0x000001fec7ecaf7c: ;   {other}
  0x000001fec7ecaf7c: 0f1f 8400 | 0000 0000 | baf6 ffff | ff48 8b6c | 2448 4c8b | 5424 304c | 8954 2420 | 448b 5424 
  0x000001fec7ecaf9c: 4044 8954 | 2430 4889 | 4424 f88b | 4424 6889 | 4424 6048 | 8b44 24f8 | 4489 4424 | 7066 6690 
  0x000001fec7ecafbc: ;   {runtime_call UncommonTrapBlob}
  0x000001fec7ecafbc: c5f8 77e8 

  0x000001fec7ecafc0: ; ImmutableOopMap {rbp=Oop [32]=Oop [40]=Oop [48]=NarrowOop [56]=NarrowOop [60]=NarrowOop [68]=NarrowOop [120]=Oop }
                      ;*baload {reexecute=0 rethrow=0 return_oop=0}
                      ; - java.util.zip.ZipUtils::SH@2
                      ; - java.util.zip.ZipUtils::CENHOW@5
                      ; - java.util.zip.ZipFile::getInputStream@98
                      ; - java.util.jar.JarFile::getInputStream@21
                      ; - jdk.internal.loader.URLClassPath$JarLoader$2::getInputStream@11
                      ; - jdk.internal.loader.Resource::cachedInputStream@9
                      ; - jdk.internal.loader.Resource::getByteBuffer@1
                      ; - jdk.internal.loader.BuiltinClassLoader::defineClass@45
  0x000001fec7ecafc0: 3c96 8cff 

  0x000001fec7ecafc4: ;   {other}
  0x000001fec7ecafc4: 0f1f 8400 | 0000 0000 | baf6 ffff | ff48 8b6c | 2448 4c8b | 5424 304c | 8954 2420 | 448b 5424 
  0x000001fec7ecafe4: 4044 8954 | 2430 448b | 5424 4444 | 8954 2440 | 4489 5c24 | 4448 8944 | 2458 4489 | 5c24 6090 
  0x000001fec7ecb004: ;   {runtime_call UncommonTrapBlob}
  0x000001fec7ecb004: c5f8 77e8 

  0x000001fec7ecb008: ; ImmutableOopMap {rbp=Oop [32]=Oop [40]=Oop [48]=NarrowOop [64]=NarrowOop [68]=NarrowOop [88]=Oop [96]=NarrowOop }
                      ;*invokevirtual getInflater {reexecute=0 rethrow=0 return_oop=0}
                      ; - java.util.zip.ZipFile$ZipFileInflaterInputStream::<init>@5
                      ; - java.util.zip.ZipFile::getInputStream@216
                      ; - java.util.jar.JarFile::getInputStream@21
                      ; - jdk.internal.loader.URLClassPath$JarLoader$2::getInputStream@11
                      ; - jdk.internal.loader.Resource::cachedInputStream@9
                      ; - jdk.internal.loader.Resource::getByteBuffer@1
                      ; - jdk.internal.loader.BuiltinClassLoader::defineClass@45
  0x000001fec7ecb008: f495 8cff 

  0x000001fec7ecb00c: ;   {other}
  0x000001fec7ecb00c: 0f1f 8400 | 0000 0000 | baf6 ffff | ff48 8b6c | 2448 4c8b | 5424 304c | 8954 2420 | 448b 5424 
  0x000001fec7ecb02c: 4044 8954 | 2430 448b | 5424 3844 | 8954 2434 | 4889 4424 | f88b 4424 | 4489 4424 | 4048 8b44 
  0x000001fec7ecb04c: 24f8 448b | 9c24 8400 | 0000 4489 | 5c24 7490 

  0x000001fec7ecb05c: ;   {runtime_call UncommonTrapBlob}
  0x000001fec7ecb05c: c5f8 77e8 

  0x000001fec7ecb060: ; ImmutableOopMap {rbp=Oop [32]=Oop [40]=Oop [48]=NarrowOop [52]=NarrowOop [60]=NarrowOop [64]=NarrowOop [104]=Oop [120]=Oop [128]=NarrowOop }
                      ;*invokeinterface poll {reexecute=0 rethrow=0 return_oop=0}
                      ; - java.util.zip.ZipFile$CleanableResource::getInflater@11
                      ; - java.util.zip.ZipFile$ZipFileInflaterInputStream::<init>@5
                      ; - java.util.zip.ZipFile::getInputStream@216
                      ; - java.util.jar.JarFile::getInputStream@21
                      ; - jdk.internal.loader.URLClassPath$JarLoader$2::getInputStream@11
                      ; - jdk.internal.loader.Resource::cachedInputStream@9
                      ; - jdk.internal.loader.Resource::getByteBuffer@1
                      ; - jdk.internal.loader.BuiltinClassLoader::defineClass@45
  0x000001fec7ecb060: 9c95 8cff 

  0x000001fec7ecb064: ;   {other}
  0x000001fec7ecb064: 0f1f 8400 | 0000 0000 | baf6 ffff | ff48 8b6c | 2448 4c8b | 5424 304c | 8954 2420 | 448b 5c24 
  0x000001fec7ecb084: 4044 895c | 2430 448b | 5424 3844 | 8954 2434 | 4889 4424 | f88b 4424 | 4489 4424 | 4048 8b44 
  0x000001fec7ecb0a4: 24f8 448b | 9c24 8400 | 0000 4489 | 5c24 7489 | bc24 8800 | 0000 6690 

  0x000001fec7ecb0bc: ;   {runtime_call UncommonTrapBlob}
  0x000001fec7ecb0bc: c5f8 77e8 

  0x000001fec7ecb0c0: ; ImmutableOopMap {rbp=Oop [32]=Oop [40]=Oop [48]=NarrowOop [52]=NarrowOop [60]=NarrowOop [64]=NarrowOop [104]=Oop [120]=Oop [128]=NarrowOop }
                      ;*aaload {reexecute=0 rethrow=0 return_oop=0}
                      ; - java.util.ArrayDeque::elementAt@2
                      ; - java.util.ArrayDeque::pollFirst@12
                      ; - java.util.ArrayDeque::poll@1
                      ; - java.util.zip.ZipFile$CleanableResource::getInflater@11
                      ; - java.util.zip.ZipFile$ZipFileInflaterInputStream::<init>@5
                      ; - java.util.zip.ZipFile::getInputStream@216
                      ; - java.util.jar.JarFile::getInputStream@21
                      ; - jdk.internal.loader.URLClassPath$JarLoader$2::getInputStream@11
                      ; - jdk.internal.loader.Resource::cachedInputStream@9
                      ; - jdk.internal.loader.Resource::getByteBuffer@1
                      ; - jdk.internal.loader.BuiltinClassLoader::defineClass@45
  0x000001fec7ecb0c0: 3c95 8cff 

  0x000001fec7ecb0c4: ;   {other}
  0x000001fec7ecb0c4: 0f1f 8400 | 0000 0000 | baf6 ffff | ff48 8b6c | 2448 4c8b | 5424 304c | 8954 2420 | 448b 5424 
  0x000001fec7ecb0e4: 4044 8954 | 2430 4c89 | 6c24 384c | 896c 2440 

  0x000001fec7ecb0f4: ;   {runtime_call UncommonTrapBlob}
  0x000001fec7ecb0f4: c5f8 77e8 

  0x000001fec7ecb0f8: ; ImmutableOopMap {rbp=Oop [32]=Oop [48]=NarrowOop [56]=Oop [64]=Oop }
                      ;*getfield jar {reexecute=1 rethrow=0 return_oop=0}
                      ; - (reexecute) jdk.internal.loader.URLClassPath$JarLoader$2::getInputStream@4
                      ; - jdk.internal.loader.Resource::cachedInputStream@9
                      ; - jdk.internal.loader.Resource::getBytes@1
                      ; - jdk.internal.loader.URLClassPath$JarLoader$2::getBytes@1
                      ; - jdk.internal.loader.BuiltinClassLoader::defineClass@84
  0x000001fec7ecb0f8: 0495 8cff 

  0x000001fec7ecb0fc: ;   {other}
  0x000001fec7ecb0fc: 0f1f 8400 | 0000 0000 | baf6 ffff | ff48 8b6c | 2448 4c8b | 4424 304c | 8944 2420 | 448b 4c24 
  0x000001fec7ecb11c: 4044 894c | 2430 4c89 | 6c24 384c | 896c 2440 | 4489 5424 | 6044 895c | 2464 6690 

  0x000001fec7ecb138: ;   {runtime_call UncommonTrapBlob}
  0x000001fec7ecb138: c5f8 77e8 

  0x000001fec7ecb13c: ; ImmutableOopMap {rbp=Oop [32]=Oop [48]=NarrowOop [56]=Oop [64]=Oop [96]=NarrowOop [100]=NarrowOop }
                      ;*getfield zsrc {reexecute=1 rethrow=0 return_oop=0}
                      ; - (reexecute) java.util.zip.ZipFile::getInputStream@11
                      ; - java.util.jar.JarFile::getInputStream@21
                      ; - jdk.internal.loader.URLClassPath$JarLoader$2::getInputStream@11
                      ; - jdk.internal.loader.Resource::cachedInputStream@9
                      ; - jdk.internal.loader.Resource::getBytes@1
                      ; - jdk.internal.loader.URLClassPath$JarLoader$2::getBytes@1
                      ; - jdk.internal.loader.BuiltinClassLoader::defineClass@84
  0x000001fec7ecb13c: c094 8cff 

  0x000001fec7ecb140: ;   {other}
  0x000001fec7ecb140: 0f1f 8400 | 0000 0000 | baf6 ffff | ff48 8b6c | 2448 4c8b | 4424 304c | 8944 2420 | 448b 4424 
  0x000001fec7ecb160: 4044 8944 | 2430 4c89 | 6c24 384c | 896c 2440 | 4489 5424 | 6044 895c | 2464 4489 | 4c24 6844 
  0x000001fec7ecb180: 8954 2470 

  0x000001fec7ecb184: ;   {runtime_call UncommonTrapBlob}
  0x000001fec7ecb184: c5f8 77e8 

  0x000001fec7ecb188: ; ImmutableOopMap {rbp=Oop [32]=Oop [48]=NarrowOop [56]=Oop [64]=Oop [96]=NarrowOop [100]=NarrowOop [104]=NarrowOop [112]=NarrowOop [120]=NarrowOop }
                      ;*getfield zsrc {reexecute=1 rethrow=0 return_oop=0}
                      ; - (reexecute) java.util.zip.ZipFile::ensureOpen@22
                      ; - java.util.zip.ZipFile::getInputStream@31
                      ; - java.util.jar.JarFile::getInputStream@21
                      ; - jdk.internal.loader.URLClassPath$JarLoader$2::getInputStream@11
                      ; - jdk.internal.loader.Resource::cachedInputStream@9
                      ; - jdk.internal.loader.Resource::getBytes@1
                      ; - jdk.internal.loader.URLClassPath$JarLoader$2::getBytes@1
                      ; - jdk.internal.loader.BuiltinClassLoader::defineClass@84
  0x000001fec7ecb188: 7494 8cff 

  0x000001fec7ecb18c: ;   {other}
  0x000001fec7ecb18c: 0f1f 8400 | 0000 0000 | baf6 ffff | ff48 8b6c | 2448 4c8b | 4424 304c | 8944 2420 | 448b 4c24 
  0x000001fec7ecb1ac: 4044 894c | 2430 4c89 | 6c24 384c | 896c 2440 | 4489 5424 | 6044 895c | 2464 4889 | 4424 f88b 
  0x000001fec7ecb1cc: 4424 7889 | 4424 6848 | 8b44 24f8 | 4489 5424 | 6c48 897c | 2478 6690 

  0x000001fec7ecb1e4: ;   {runtime_call UncommonTrapBlob}
  0x000001fec7ecb1e4: c5f8 77e8 

  0x000001fec7ecb1e8: ; ImmutableOopMap {rbp=Oop [32]=Oop [48]=NarrowOop [56]=Oop [64]=Oop [96]=NarrowOop [104]=NarrowOop [108]=NarrowOop [120]=Oop }
                      ;*getfield cen {reexecute=1 rethrow=0 return_oop=0}
                      ; - (reexecute) java.util.zip.ZipFile::getInputStream@84
                      ; - java.util.jar.JarFile::getInputStream@21
                      ; - jdk.internal.loader.URLClassPath$JarLoader$2::getInputStream@11
                      ; - jdk.internal.loader.Resource::cachedInputStream@9
                      ; - jdk.internal.loader.Resource::getBytes@1
                      ; - jdk.internal.loader.URLClassPath$JarLoader$2::getBytes@1
                      ; - jdk.internal.loader.BuiltinClassLoader::defineClass@84
  0x000001fec7ecb1e8: 1494 8cff 

  0x000001fec7ecb1ec: ;   {other}
  0x000001fec7ecb1ec: 0f1f 8400 | 0000 0000 | baf6 ffff | ff48 8b6c | 2448 4c8b | 4424 304c | 8944 2420 | 448b 4424 
  0x000001fec7ecb20c: 4044 8944 | 2430 4c89 | 6c24 384c | 896c 2440 | 4489 5424 | 6044 895c | 2464 4489 | 4c24 6848 
  0x000001fec7ecb22c: 8944 24f8 | 8b44 2478 | 8944 246c | 488b 4424 | f844 8954 | 2470 4889 | 7c24 7889 | 9c24 8000 
  0x000001fec7ecb24c: 0000 6690 

  0x000001fec7ecb250: ;   {runtime_call UncommonTrapBlob}
  0x000001fec7ecb250: c5f8 77e8 

  0x000001fec7ecb254: ; ImmutableOopMap {rbp=Oop [32]=Oop [48]=NarrowOop [56]=Oop [64]=Oop [96]=NarrowOop [104]=NarrowOop [108]=NarrowOop [112]=NarrowOop [120]=Oop }
                      ;*baload {reexecute=0 rethrow=0 return_oop=0}
                      ; - java.util.zip.ZipUtils::SH@2
                      ; - java.util.zip.ZipUtils::LG@2
                      ; - java.util.zip.ZipUtils::CENSIZ@5
                      ; - java.util.zip.ZipFile$ZipFileInputStream::<init>@12
                      ; - java.util.zip.ZipFile::getInputStream@88
                      ; - java.util.jar.JarFile::getInputStream@21
                      ; - jdk.internal.loader.URLClassPath$JarLoader$2::getInputStream@11
                      ; - jdk.internal.loader.Resource::cachedInputStream@9
                      ; - jdk.internal.loader.Resource::getBytes@1
                      ; - jdk.internal.loader.URLClassPath$JarLoader$2::getBytes@1
                      ; - jdk.internal.loader.BuiltinClassLoader::defineClass@84
  0x000001fec7ecb254: a893 8cff 

  0x000001fec7ecb258: ;   {other}
  0x000001fec7ecb258: 0f1f 8400 | 0000 0000 | baf6 ffff | ff48 8b6c | 2448 4c8b | 5c24 304c | 895c 2420 | 448b 5c24 
  0x000001fec7ecb278: 4044 895c | 2430 4c89 | 5424 5890 

  0x000001fec7ecb284: ;   {runtime_call UncommonTrapBlob}
  0x000001fec7ecb284: c5f8 77e8 

  0x000001fec7ecb288: ; ImmutableOopMap {rbp=Oop [32]=Oop [40]=Oop [48]=NarrowOop [56]=NarrowOop [88]=Oop }
                      ;*monitorenter {reexecute=0 rethrow=0 return_oop=0}
                      ; - java.util.zip.ZipFile::getInputStream@226
                      ; - java.util.jar.JarFile::getInputStream@21
                      ; - jdk.internal.loader.URLClassPath$JarLoader$2::getInputStream@11
                      ; - jdk.internal.loader.Resource::cachedInputStream@9
                      ; - jdk.internal.loader.Resource::getByteBuffer@1
                      ; - jdk.internal.loader.BuiltinClassLoader::defineClass@45
  0x000001fec7ecb288: 7493 8cff 

  0x000001fec7ecb28c: ;   {other}
  0x000001fec7ecb28c: 0f1f 8400 | 0000 0000 | baf6 ffff | ff48 8b6c | 2448 4c8b | 4424 304c | 8944 2420 | 448b 4424 
  0x000001fec7ecb2ac: 4044 8944 | 2430 4c89 | 5c24 684c | 8954 2470 

  0x000001fec7ecb2bc: ;   {runtime_call UncommonTrapBlob}
  0x000001fec7ecb2bc: c5f8 77e8 

  0x000001fec7ecb2c0: ; ImmutableOopMap {rbp=Oop [32]=Oop [40]=Oop [48]=NarrowOop [56]=NarrowOop [104]=Oop [112]=Oop }
                      ;*invokeinterface put {reexecute=0 rethrow=0 return_oop=0}
                      ; - java.util.Collections$SetFromMap::add@8
                      ; - java.util.zip.ZipFile::getInputStream@231
                      ; - java.util.jar.JarFile::getInputStream@21
                      ; - jdk.internal.loader.URLClassPath$JarLoader$2::getInputStream@11
                      ; - jdk.internal.loader.Resource::cachedInputStream@9
                      ; - jdk.internal.loader.Resource::getByteBuffer@1
                      ; - jdk.internal.loader.BuiltinClassLoader::defineClass@45
  0x000001fec7ecb2c0: 3c93 8cff 

  0x000001fec7ecb2c4: ;   {other}
  0x000001fec7ecb2c4: 0f1f 8400 | 0000 0000 | baf6 ffff | ff48 8b6c | 2448 4c8b | 5424 304c | 8954 2420 | 448b 5424 
  0x000001fec7ecb2e4: 4044 8954 | 2430 448b | 5c24 4444 | 895c 2440 | 4889 4424 | f88b 4424 | 7889 4424 | 4448 8b44 
  0x000001fec7ecb304: 24f8 4c89 | 4424 7890 

  0x000001fec7ecb30c: ;   {runtime_call UncommonTrapBlob}
  0x000001fec7ecb30c: c5f8 77e8 

  0x000001fec7ecb310: ; ImmutableOopMap {rbp=Oop [32]=Oop [40]=Oop [48]=NarrowOop [56]=NarrowOop [60]=NarrowOop [68]=NarrowOop [120]=Oop }
                      ;*getfield zsrc {reexecute=1 rethrow=0 return_oop=0}
                      ; - (reexecute) java.util.zip.ZipFile$ZipFileInputStream::<init>@84
                      ; - java.util.zip.ZipFile::getInputStream@88
                      ; - java.util.jar.JarFile::getInputStream@21
                      ; - jdk.internal.loader.URLClassPath$JarLoader$2::getInputStream@11
                      ; - jdk.internal.loader.Resource::cachedInputStream@9
                      ; - jdk.internal.loader.Resource::getBytes@1
                      ; - jdk.internal.loader.URLClassPath$JarLoader$2::getBytes@1
                      ; - jdk.internal.loader.BuiltinClassLoader::defineClass@84
  0x000001fec7ecb310: ec92 8cff 

  0x000001fec7ecb314: ;   {other}
  0x000001fec7ecb314: 0f1f 8400 | 0000 0000 | baf6 ffff | ff48 8b6c | 2448 4c8b | 5424 304c | 8954 2420 | 448b 5c24 
  0x000001fec7ecb334: 4044 895c | 2430 448b | 5424 4444 | 8954 2440 | 4889 4424 | f88b 4424 | 7889 4424 | 4448 8b44 
  0x000001fec7ecb354: 24f8 4c89 | 4424 7890 

  0x000001fec7ecb35c: ;   {runtime_call UncommonTrapBlob}
  0x000001fec7ecb35c: c5f8 77e8 

  0x000001fec7ecb360: ; ImmutableOopMap {rbp=Oop [32]=Oop [40]=Oop [48]=NarrowOop [56]=NarrowOop [60]=NarrowOop [68]=NarrowOop [120]=Oop }
                      ;*getfield locpos {reexecute=1 rethrow=0 return_oop=0}
                      ; - (reexecute) java.util.zip.ZipFile$ZipFileInputStream::<init>@87
                      ; - java.util.zip.ZipFile::getInputStream@88
                      ; - java.util.jar.JarFile::getInputStream@21
                      ; - jdk.internal.loader.URLClassPath$JarLoader$2::getInputStream@11
                      ; - jdk.internal.loader.Resource::cachedInputStream@9
                      ; - jdk.internal.loader.Resource::getBytes@1
                      ; - jdk.internal.loader.URLClassPath$JarLoader$2::getBytes@1
                      ; - jdk.internal.loader.BuiltinClassLoader::defineClass@84
  0x000001fec7ecb360: 9c92 8cff 

  0x000001fec7ecb364: ;   {other}
  0x000001fec7ecb364: 0f1f 8400 | 0000 0000 | baf6 ffff | ff48 8b6c | 2448 4c8b | 5424 304c | 8954 2420 | 448b 5c24 
  0x000001fec7ecb384: 4044 895c | 2430 6690 

  0x000001fec7ecb38c: ;   {runtime_call UncommonTrapBlob}
  0x000001fec7ecb38c: c5f8 77e8 

  0x000001fec7ecb390: ; ImmutableOopMap {rbp=Oop [32]=Oop [40]=Oop [48]=NarrowOop [56]=NarrowOop [104]=Oop }
                      ;*monitorenter {reexecute=0 rethrow=0 return_oop=0}
                      ; - java.util.zip.ZipFile::getInputStream@226
                      ; - java.util.jar.JarFile::getInputStream@21
                      ; - jdk.internal.loader.URLClassPath$JarLoader$2::getInputStream@11
                      ; - jdk.internal.loader.Resource::cachedInputStream@9
                      ; - jdk.internal.loader.Resource::getBytes@1
                      ; - jdk.internal.loader.URLClassPath$JarLoader$2::getBytes@1
                      ; - jdk.internal.loader.BuiltinClassLoader::defineClass@84
  0x000001fec7ecb390: 6c92 8cff 

  0x000001fec7ecb394: ;   {other}
  0x000001fec7ecb394: 0f1f 8400 | 0000 0000 | baf6 ffff | ff48 8b6c | 2448 4c8b | 4c24 304c | 894c 2420 | 448b 4c24 
  0x000001fec7ecb3b4: 4044 894c | 2430 4c89 | 5c24 684c | 8954 2478 | 898c 2480 | 0000 004c | 8984 2488 | 0000 004c 
  0x000001fec7ecb3d4: 8984 2490 | 0000 0090 

  0x000001fec7ecb3dc: ;   {runtime_call UncommonTrapBlob}
  0x000001fec7ecb3dc: c5f8 77e8 

  0x000001fec7ecb3e0: ; ImmutableOopMap {rbp=Oop [32]=Oop [40]=Oop [48]=NarrowOop [56]=NarrowOop [104]=Oop [120]=Oop [136]=Oop [144]=Oop }
                      ;*invokevirtual poll {reexecute=0 rethrow=0 return_oop=0}
                      ; - java.util.WeakHashMap::expungeStaleEntries@4
                      ; - java.util.WeakHashMap::getTable@1
                      ; - java.util.WeakHashMap::put@13
                      ; - java.util.Collections$SetFromMap::add@8
                      ; - java.util.zip.ZipFile::getInputStream@231
                      ; - java.util.jar.JarFile::getInputStream@21
                      ; - jdk.internal.loader.URLClassPath$JarLoader$2::getInputStream@11
                      ; - jdk.internal.loader.Resource::cachedInputStream@9
                      ; - jdk.internal.loader.Resource::getByteBuffer@1
                      ; - jdk.internal.loader.BuiltinClassLoader::defineClass@45
  0x000001fec7ecb3e0: 1c92 8cff 

  0x000001fec7ecb3e4: ;   {other}
  0x000001fec7ecb3e4: 0f1f 8400 | 0000 0000 | baf6 ffff | ff48 8b6c | 2448 4c8b | 4424 304c | 8944 2420 | 448b 4c24 
  0x000001fec7ecb404: 4044 894c | 2430 4c89 | 5424 584c | 895c 2468 

  0x000001fec7ecb414: ;   {runtime_call UncommonTrapBlob}
  0x000001fec7ecb414: c5f8 77e8 

  0x000001fec7ecb418: ; ImmutableOopMap {rbp=Oop [32]=Oop [40]=Oop [48]=NarrowOop [56]=NarrowOop [88]=Oop [104]=Oop }
                      ;*arraylength {reexecute=0 rethrow=0 return_oop=0}
                      ; - java.util.WeakHashMap::put@22
                      ; - java.util.Collections$SetFromMap::add@8
                      ; - java.util.zip.ZipFile::getInputStream@231
                      ; - java.util.jar.JarFile::getInputStream@21
                      ; - jdk.internal.loader.URLClassPath$JarLoader$2::getInputStream@11
                      ; - jdk.internal.loader.Resource::cachedInputStream@9
                      ; - jdk.internal.loader.Resource::getByteBuffer@1
                      ; - jdk.internal.loader.BuiltinClassLoader::defineClass@45
  0x000001fec7ecb418: e491 8cff 

  0x000001fec7ecb41c: ;   {other}
  0x000001fec7ecb41c: 0f1f 8400 | 0000 0000 | baf6 ffff | ff48 8b6c | 2448 4c8b | 5424 304c | 8954 2420 | 4c8b 5424 
  0x000001fec7ecb43c: 384c 8954 | 2428 448b | 5424 4044 | 8954 2430 

  0x000001fec7ecb44c: ;   {runtime_call UncommonTrapBlob}
  0x000001fec7ecb44c: c5f8 77e8 

  0x000001fec7ecb450: ; ImmutableOopMap {rbp=Oop [32]=Oop [40]=Oop [48]=NarrowOop [88]=Oop [120]=Oop }
                      ;*arraylength {reexecute=0 rethrow=0 return_oop=0}
                      ; - java.lang.StringLatin1::hashCode@1
                      ; - java.lang.String::hashCode@27
                      ; - java.util.concurrent.ConcurrentHashMap::get@1
                      ; - java.lang.ClassLoader::getDefinedPackage@13
                      ; - jdk.internal.loader.BuiltinClassLoader::getAndVerifyPackage@2
                      ; - jdk.internal.loader.BuiltinClassLoader::defineOrCheckPackage@4
                      ; - jdk.internal.loader.ClassLoaders$AppClassLoader::defineOrCheckPackage@4
                      ; - jdk.internal.loader.BuiltinClassLoader::defineClass@40
  0x000001fec7ecb450: ac91 8cff 

  0x000001fec7ecb454: ;   {other}
  0x000001fec7ecb454: 0f1f 8400 | 0000 0000 | baf6 ffff | ff48 8b6c | 2448 4c8b | 5424 304c | 8954 2420 | 4c8b 5424 
  0x000001fec7ecb474: 384c 8954 | 2430 448b | 5424 4044 | 8954 2438 

  0x000001fec7ecb484: ;   {runtime_call UncommonTrapBlob}
  0x000001fec7ecb484: c5f8 77e8 

  0x000001fec7ecb488: ; ImmutableOopMap {rbp=Oop [32]=Oop [40]=Oop [48]=Oop [56]=NarrowOop [88]=Oop }
                      ;*arraylength {reexecute=0 rethrow=0 return_oop=0}
                      ; - java.lang.StringLatin1::hashCode@1
                      ; - java.lang.String::hashCode@27
                      ; - java.util.HashMap::hash@9
                      ; - java.util.HashMap::getNode@23
                      ; - java.util.HashMap::get@2
                      ; - java.util.jar.Manifest::getAttributes@5
                      ; - java.util.jar.Manifest::getTrustedAttributes@2
                      ; - java.util.jar.JavaUtilJarAccessImpl::getTrustedAttributes@2
                      ; - jdk.internal.loader.BuiltinClassLoader::isSealed@17
                      ; - jdk.internal.loader.BuiltinClassLoader::getAndVerifyPackage@70
                      ; - jdk.internal.loader.BuiltinClassLoader::defineOrCheckPackage@4
                      ; - jdk.internal.loader.ClassLoaders$AppClassLoader::defineOrCheckPackage@4
                      ; - jdk.internal.loader.BuiltinClassLoader::defineClass@40
  0x000001fec7ecb488: 7491 8cff 

  0x000001fec7ecb48c: ;   {other}
  0x000001fec7ecb48c: 0f1f 8400 | 0000 0000 | baf6 ffff | ff48 8b6c | 2448 4c8b | 5424 304c | 8954 2420 | 4c8b 5424 
  0x000001fec7ecb4ac: 384c 8954 | 2430 448b | 5c24 4048 | 894c 2450 | 4489 5c24 | 3c66 6690 

  0x000001fec7ecb4c4: ;   {runtime_call UncommonTrapBlob}
  0x000001fec7ecb4c4: c5f8 77e8 

  0x000001fec7ecb4c8: ; ImmutableOopMap {rbp=Oop [32]=Oop [40]=Oop [48]=Oop [60]=NarrowOop [64]=NarrowOop [80]=Oop }
                      ;*invokeinterface get {reexecute=0 rethrow=0 return_oop=0}
                      ; - java.util.jar.Attributes::get@5
                      ; - java.util.jar.Attributes::getValue@2
                      ; - jdk.internal.loader.BuiltinClassLoader::isSealed@57
                      ; - jdk.internal.loader.BuiltinClassLoader::getAndVerifyPackage@70
                      ; - jdk.internal.loader.BuiltinClassLoader::defineOrCheckPackage@4
                      ; - jdk.internal.loader.ClassLoaders$AppClassLoader::defineOrCheckPackage@4
                      ; - jdk.internal.loader.BuiltinClassLoader::defineClass@40
  0x000001fec7ecb4c8: 3491 8cff 

  0x000001fec7ecb4cc: ;   {other}
  0x000001fec7ecb4cc: 0f1f 8400 | 0000 0000 | ba45 ffff | ff48 8b6c | 2448 4c8b | 4424 304c | 8944 2420 | 4c8b 4424 
  0x000001fec7ecb4ec: 384c 8944 | 2428 448b | 4424 4044 | 8944 2430 | 4c89 7424 | 404c 895c | 2460 4c89 | 7424 6844 
  0x000001fec7ecb50c: 8954 2474 

  0x000001fec7ecb510: ;   {runtime_call UncommonTrapBlob}
  0x000001fec7ecb510: c5f8 77e8 

  0x000001fec7ecb514: ; ImmutableOopMap {rbp=Oop [32]=Oop [40]=Oop [48]=NarrowOop [64]=Oop [88]=Oop [96]=Oop [104]=Oop [116]=NarrowOop }
                      ;*ifnonnull {reexecute=1 rethrow=0 return_oop=0}
                      ; - (reexecute) jdk.internal.access.SharedSecrets::javaUtilJarAccess@5
                      ; - jdk.internal.loader.BuiltinClassLoader::isSealed@0
                      ; - jdk.internal.loader.BuiltinClassLoader::getAndVerifyPackage@70
                      ; - jdk.internal.loader.BuiltinClassLoader::defineOrCheckPackage@4
                      ; - jdk.internal.loader.ClassLoaders$AppClassLoader::defineOrCheckPackage@4
                      ; - jdk.internal.loader.BuiltinClassLoader::defineClass@40
  0x000001fec7ecb514: e890 8cff 

  0x000001fec7ecb518: ;   {other}
  0x000001fec7ecb518: 0f1f 8400 | 0000 0000 | ba45 ffff | ff4c 8b5c | 2448 4c89 | 5c24 204c | 8b5c 2430 | 4c89 5c24 
  0x000001fec7ecb538: 284c 8b5c | 2438 4c89 | 5c24 3044 | 8b5c 2440 | 4489 5c24 | 3c48 ff74 | 2478 488f | 4424 684c 
  0x000001fec7ecb558: 89b4 2480 | 0000 0044 | 8944 2444 | 4489 9424 | 9000 0000 

  0x000001fec7ecb56c: ;   {runtime_call UncommonTrapBlob}
  0x000001fec7ecb56c: c5f8 77e8 

  0x000001fec7ecb570: ; ImmutableOopMap {rbp=NarrowOop [32]=Oop [40]=Oop [48]=Oop [60]=NarrowOop [64]=NarrowOop [68]=NarrowOop [88]=Oop [104]=Oop [128]=Oop }
                      ;*ifnull {reexecute=1 rethrow=0 return_oop=0}
                      ; - (reexecute) java.util.concurrent.ConcurrentHashMap::get@67
                      ; - java.lang.ClassLoader::getDefinedPackage@13
                      ; - jdk.internal.loader.BuiltinClassLoader::getAndVerifyPackage@2
                      ; - jdk.internal.loader.BuiltinClassLoader::defineOrCheckPackage@4
                      ; - jdk.internal.loader.ClassLoaders$AppClassLoader::defineOrCheckPackage@4
                      ; - jdk.internal.loader.BuiltinClassLoader::defineClass@40
  0x000001fec7ecb570: 8c90 8cff 

  0x000001fec7ecb574: ;   {other}
  0x000001fec7ecb574: 0f1f 8400 | 0000 0000 | ba45 ffff | ff48 8b6c | 2448 4c8b | 5c24 304c | 895c 2420 | 4c8b 5c24 
  0x000001fec7ecb594: 384c 895c | 2430 448b | 5c24 4044 | 895c 2438 | 4889 4c24 | 5844 8954 | 2464 6690 

  0x000001fec7ecb5b0: ;   {runtime_call UncommonTrapBlob}
  0x000001fec7ecb5b0: c5f8 77e8 

  0x000001fec7ecb5b4: ; ImmutableOopMap {rbp=Oop [32]=Oop [40]=Oop [48]=Oop [56]=NarrowOop [88]=Oop [100]=NarrowOop [104]=Oop }
                      ;*ifnull {reexecute=1 rethrow=0 return_oop=0}
                      ; - (reexecute) jdk.internal.loader.BuiltinClassLoader::isSealed@50
                      ; - jdk.internal.loader.BuiltinClassLoader::getAndVerifyPackage@70
                      ; - jdk.internal.loader.BuiltinClassLoader::defineOrCheckPackage@4
                      ; - jdk.internal.loader.ClassLoaders$AppClassLoader::defineOrCheckPackage@4
                      ; - jdk.internal.loader.BuiltinClassLoader::defineClass@40
  0x000001fec7ecb5b4: 4890 8cff 

  0x000001fec7ecb5b8: ;   {other}
  0x000001fec7ecb5b8: 0f1f 8400 | 0000 0000 | ba45 ffff | ff4c 8b44 | 2448 4c89 | 4424 204c | 8b44 2430 | 4c89 4424 
  0x000001fec7ecb5d8: 284c 8b44 | 2438 4c89 | 4424 3044 | 8b44 2440 | 4489 4424 | 3c4c 8974 | 2468 4c89 | b424 8000 
  0x000001fec7ecb5f8: 0000 4489 | 6c24 4444 | 899c 2490 | 0000 0044 | 8994 2494 | 0000 0090 

  0x000001fec7ecb610: ;   {runtime_call UncommonTrapBlob}
  0x000001fec7ecb610: c5f8 77e8 

  0x000001fec7ecb614: ; ImmutableOopMap {rbp=NarrowOop [32]=Oop [40]=Oop [48]=Oop [60]=NarrowOop [64]=NarrowOop [68]=NarrowOop [88]=Oop [104]=Oop [128]=Oop [144]=NarrowOop }
                      ;*ifnull {reexecute=1 rethrow=0 return_oop=0}
                      ; - (reexecute) java.util.concurrent.ConcurrentHashMap::get@67
                      ; - java.lang.ClassLoader::definePackage@47
                      ; - java.lang.ClassLoader::getDefinedPackage@32
                      ; - jdk.internal.loader.BuiltinClassLoader::getAndVerifyPackage@2
                      ; - jdk.internal.loader.BuiltinClassLoader::defineOrCheckPackage@4
                      ; - jdk.internal.loader.ClassLoaders$AppClassLoader::defineOrCheckPackage@4
                      ; - jdk.internal.loader.BuiltinClassLoader::defineClass@40
  0x000001fec7ecb614: e88f 8cff 

  0x000001fec7ecb618: ;   {other}
  0x000001fec7ecb618: 0f1f 8400 | 0000 0000 | ba45 ffff | ff48 8b6c | 2448 488b | 4c24 3048 | 894c 2420 | 8b5c 2440 
  0x000001fec7ecb638: 895c 2430 | 4c89 6c24 | 384c 896c | 2440 4489 | 5424 5044 | 895c 2454 | 4489 7424 | 5844 894c 
  0x000001fec7ecb658: 245c 4489 | 5424 6044 | 8944 246c 

  0x000001fec7ecb664: ;   {runtime_call UncommonTrapBlob}
  0x000001fec7ecb664: c5f8 77e8 

  0x000001fec7ecb668: ; ImmutableOopMap {rbp=Oop [32]=Oop [48]=NarrowOop [56]=Oop [64]=Oop [80]=NarrowOop [84]=NarrowOop [88]=NarrowOop [92]=NarrowOop [96]=NarrowOop [108]=NarrowOop }
                      ;*ifnull {reexecute=1 rethrow=0 return_oop=0}
                      ; - (reexecute) java.util.Objects::equals@6
                      ; - java.util.zip.ZipFile::getInputStream@42
                      ; - java.util.jar.JarFile::getInputStream@21
                      ; - jdk.internal.loader.URLClassPath$JarLoader$2::getInputStream@11
                      ; - jdk.internal.loader.Resource::cachedInputStream@9
                      ; - jdk.internal.loader.Resource::getByteBuffer@1
                      ; - jdk.internal.loader.BuiltinClassLoader::defineClass@45
  0x000001fec7ecb668: 948f 8cff 

  0x000001fec7ecb66c: ;   {other}
  0x000001fec7ecb66c: 0f1f 8400 | 0000 0000 | ba45 ffff | ff48 8b6c | 2448 4c8b | 4424 304c | 8944 2420 | 448b 4424 
  0x000001fec7ecb68c: 4044 8944 | 2430 4c89 | 6c24 384c | 896c 2440 | 4489 5424 | 6044 895c | 2464 4489 | 4c24 6848 
  0x000001fec7ecb6ac: 8944 24f8 | 8b44 2478 | 8944 246c | 488b 4424 | f844 8954 | 2470 895c | 247c 6690 

  0x000001fec7ecb6c8: ;   {runtime_call UncommonTrapBlob}
  0x000001fec7ecb6c8: c5f8 77e8 

  0x000001fec7ecb6cc: ; ImmutableOopMap {rbp=Oop [32]=Oop [48]=NarrowOop [56]=Oop [64]=Oop [96]=NarrowOop [100]=NarrowOop [104]=NarrowOop [108]=NarrowOop [112]=NarrowOop [124]=NarrowOop }
                      ;*ifnull {reexecute=1 rethrow=0 return_oop=0}
                      ; - (reexecute) java.util.Objects::equals@6
                      ; - java.util.zip.ZipFile::getInputStream@42
                      ; - java.util.jar.JarFile::getInputStream@21
                      ; - jdk.internal.loader.URLClassPath$JarLoader$2::getInputStream@11
                      ; - jdk.internal.loader.Resource::cachedInputStream@9
                      ; - jdk.internal.loader.Resource::getBytes@1
                      ; - jdk.internal.loader.URLClassPath$JarLoader$2::getBytes@1
                      ; - jdk.internal.loader.BuiltinClassLoader::defineClass@84
  0x000001fec7ecb6cc: 308f 8cff 

  0x000001fec7ecb6d0: ;   {other}
  0x000001fec7ecb6d0: 0f1f 8400 | 0000 0000 | baf6 ffff | ff48 8b6c | 2448 4c8b | 5424 304c | 8954 2420 | 448b 5424 
  0x000001fec7ecb6f0: 4044 8954 | 2430 4c8b | 5424 684c | 8954 2458 | 4c8b 5424 | 784c 8954 | 2460 6690 

  0x000001fec7ecb70c: ;   {runtime_call UncommonTrapBlob}
  0x000001fec7ecb70c: c5f8 77e8 

  0x000001fec7ecb710: ; ImmutableOopMap {rbp=Oop [32]=Oop [40]=Oop [48]=NarrowOop [56]=NarrowOop [88]=Oop [96]=Oop }
                      ;*arraylength {reexecute=0 rethrow=0 return_oop=0}
                      ; - java.util.IdentityHashMap::put@13
                      ; - java.util.Collections$SetFromMap::add@8
                      ; - java.util.zip.ZipFile::getInputStream@231
                      ; - java.util.jar.JarFile::getInputStream@21
                      ; - jdk.internal.loader.URLClassPath$JarLoader$2::getInputStream@11
                      ; - jdk.internal.loader.Resource::cachedInputStream@9
                      ; - jdk.internal.loader.Resource::getByteBuffer@1
                      ; - jdk.internal.loader.BuiltinClassLoader::defineClass@45
  0x000001fec7ecb710: ec8e 8cff 

  0x000001fec7ecb714: ;   {other}
  0x000001fec7ecb714: 0f1f 8400 | 0000 0000 | ba97 ffff | ff48 8b6c | 2428 4c8b | 5424 304c | 8954 2428 | 4c8b 5424 
  0x000001fec7ecb734: 504c 8954 | 2448 6690 

  0x000001fec7ecb73c: ;   {runtime_call UncommonTrapBlob}
  0x000001fec7ecb73c: c5f8 77e8 

  0x000001fec7ecb740: ; ImmutableOopMap {rbp=Oop [32]=Oop [40]=Oop [64]=NarrowOop [68]=NarrowOop [72]=Oop [80]=Oop }
                      ;*invokevirtual clone {reexecute=1 rethrow=0 return_oop=0}
                      ; - (reexecute) java.util.Arrays::copyOfRange@18
                      ; - java.lang.StringLatin1::newString@16
                      ; - java.lang.String::substring@41
                      ; - jdk.internal.loader.BuiltinClassLoader::defineClass@23
  0x000001fec7ecb740: bc8e 8cff 

  0x000001fec7ecb744: ;   {other}
  0x000001fec7ecb744: 0f1f 8400 | 0000 0000 | bab5 ffff | ff44 8b5c | 2440 4489 | 5c24 284c | 8b5c 2458 | 4c89 5c24 
  0x000001fec7ecb764: 4848 8944 | 2458 6690 

  0x000001fec7ecb76c: ;   {runtime_call UncommonTrapBlob}
  0x000001fec7ecb76c: c5f8 77e8 

  0x000001fec7ecb770: ; ImmutableOopMap {rbp=Oop [32]=Oop [40]=NarrowOop [48]=Oop [72]=Oop [80]=Oop [88]=Oop }
                      ;*astore {reexecute=0 rethrow=0 return_oop=0}
                      ; - jdk.internal.loader.Resource::getBytes@125
                      ; - jdk.internal.loader.URLClassPath$JarLoader$2::getBytes@1
                      ; - jdk.internal.loader.BuiltinClassLoader::defineClass@84
  0x000001fec7ecb770: 8c8e 8cff 

  0x000001fec7ecb774: ;   {other}
  0x000001fec7ecb774: 0f1f 8400 | 0000 0000 | 488b d090 

  0x000001fec7ecb780: ;   {runtime_call _rethrow_Java}
  0x000001fec7ecb780: c5f8 77e8 

  0x000001fec7ecb784: ; ImmutableOopMap {rbp=Oop [32]=Oop [48]=Oop [64]=NarrowOop [72]=Oop [112]=Oop }
                      ;*invokevirtual close {reexecute=0 rethrow=0 return_oop=1}
                      ; - jdk.internal.loader.Resource::getBytes@214
                      ; - jdk.internal.loader.URLClassPath$JarLoader$2::getBytes@1
                      ; - jdk.internal.loader.BuiltinClassLoader::defineClass@84
  0x000001fec7ecb784: 7800 99ff 

  0x000001fec7ecb788: ;   {other}
  0x000001fec7ecb788: 0f1f 8400 | 0000 0000 | baf6 ffff | ff48 8b6c | 2448 4c8b | 5424 304c | 8954 2420 | 448b 5c24 
  0x000001fec7ecb7a8: 4044 895c | 2430 4c8b | 5424 684c | 8954 2458 | 4c8b 5424 | 784c 8954 | 2468 6690 

  0x000001fec7ecb7c4: ;   {runtime_call UncommonTrapBlob}
  0x000001fec7ecb7c4: c5f8 77e8 

  0x000001fec7ecb7c8: ; ImmutableOopMap {rbp=Oop [32]=Oop [40]=Oop [48]=NarrowOop [56]=NarrowOop [88]=Oop [104]=Oop [120]=Oop }
                      ;*arraylength {reexecute=0 rethrow=0 return_oop=0}
                      ; - java.util.IdentityHashMap::put@13
                      ; - java.util.Collections$SetFromMap::add@8
                      ; - java.util.zip.ZipFile::getInputStream@231
                      ; - java.util.jar.JarFile::getInputStream@21
                      ; - jdk.internal.loader.URLClassPath$JarLoader$2::getInputStream@11
                      ; - jdk.internal.loader.Resource::cachedInputStream@9
                      ; - jdk.internal.loader.Resource::getByteBuffer@1
                      ; - jdk.internal.loader.BuiltinClassLoader::defineClass@45
  0x000001fec7ecb7c8: 348e 8cff 

  0x000001fec7ecb7cc: ;   {other}
  0x000001fec7ecb7cc: 0f1f 8400 | 0000 0000 | bab5 ffff | ff44 8b44 | 2440 4489 | 4424 2c48 | 8944 2448 

  0x000001fec7ecb7e8: ;   {runtime_call UncommonTrapBlob}
  0x000001fec7ecb7e8: c5f8 77e8 

  0x000001fec7ecb7ec: ; ImmutableOopMap {rbp=Oop [32]=Oop [40]=NarrowOop [44]=NarrowOop [48]=Oop [72]=Oop }
                      ;*astore {reexecute=0 rethrow=0 return_oop=0}
                      ; - jdk.internal.loader.Resource::getBytes@18
                      ; - jdk.internal.loader.URLClassPath$JarLoader$2::getBytes@1
                      ; - jdk.internal.loader.BuiltinClassLoader::defineClass@84
  0x000001fec7ecb7ec: 108e 8cff 

  0x000001fec7ecb7f0: ;   {other}
  0x000001fec7ecb7f0: 0f1f 8400 | 0000 0000 | bab5 ffff | ff4c 8b5c | 2430 4c89 | 5c24 2844 | 8b5c 2440 | 4489 5c24 
  0x000001fec7ecb810: 3048 8944 | 2448 6690 

  0x000001fec7ecb818: ;   {runtime_call UncommonTrapBlob}
  0x000001fec7ecb818: c5f8 77e8 

  0x000001fec7ecb81c: ; ImmutableOopMap {rbp=Oop [32]=Oop [40]=Oop [48]=NarrowOop [72]=Oop [88]=Oop }
                      ;*astore {reexecute=0 rethrow=0 return_oop=0}
                      ; - jdk.internal.loader.Resource::getBytes@189
                      ; - jdk.internal.loader.URLClassPath$JarLoader$2::getBytes@1
                      ; - jdk.internal.loader.BuiltinClassLoader::defineClass@84
  0x000001fec7ecb81c: e08d 8cff 

  0x000001fec7ecb820: ;   {other}
  0x000001fec7ecb820: 0f1f 8400 | 0000 0000 | baf6 ffff | ff48 8b6c | 2448 4c8b | 5424 304c | 8954 2420 | 448b 5424 
  0x000001fec7ecb840: 4044 8954 | 2430 448b | 5424 4444 | 8954 2440 | 4889 9c24 | a000 0000 | 4489 8c24 | 8c00 0000 
  0x000001fec7ecb860: ;   {runtime_call UncommonTrapBlob}
  0x000001fec7ecb860: c5f8 77e8 

  0x000001fec7ecb864: ; ImmutableOopMap {rbp=Oop [32]=Oop [40]=Oop [48]=NarrowOop [56]=NarrowOop [104]=Oop [120]=Oop [128]=Oop [136]=NarrowOop [160]=Oop }
                      ;*arraylength {reexecute=0 rethrow=0 return_oop=0}
                      ; - java.util.WeakHashMap::expungeStaleEntries@32
                      ; - java.util.WeakHashMap::getTable@1
                      ; - java.util.WeakHashMap::put@13
                      ; - java.util.Collections$SetFromMap::add@8
                      ; - java.util.zip.ZipFile::getInputStream@231
                      ; - java.util.jar.JarFile::getInputStream@21
                      ; - jdk.internal.loader.URLClassPath$JarLoader$2::getInputStream@11
                      ; - jdk.internal.loader.Resource::cachedInputStream@9
                      ; - jdk.internal.loader.Resource::getByteBuffer@1
                      ; - jdk.internal.loader.BuiltinClassLoader::defineClass@45
  0x000001fec7ecb864: 988d 8cff 

  0x000001fec7ecb868: ;   {other}
  0x000001fec7ecb868: 0f1f 8400 | 0000 0000 | baf6 ffff | ff48 8b6c | 2448 4c8b | 5424 304c | 8954 2420 | 448b 5424 
  0x000001fec7ecb888: 4044 8954 | 2430 4c89 | 8424 8800 | 0000 4c89 | 8424 9000 | 0000 6690 

  0x000001fec7ecb8a0: ;   {runtime_call UncommonTrapBlob}
  0x000001fec7ecb8a0: c5f8 77e8 

  0x000001fec7ecb8a4: ; ImmutableOopMap {rbp=Oop [32]=Oop [40]=Oop [48]=NarrowOop [56]=NarrowOop [104]=Oop [120]=Oop [136]=Oop [144]=Oop }
                      ;*invokevirtual poll {reexecute=0 rethrow=0 return_oop=0}
                      ; - java.util.WeakHashMap::expungeStaleEntries@4
                      ; - java.util.WeakHashMap::getTable@1
                      ; - java.util.WeakHashMap::put@13
                      ; - java.util.Collections$SetFromMap::add@8
                      ; - java.util.zip.ZipFile::getInputStream@231
                      ; - java.util.jar.JarFile::getInputStream@21
                      ; - jdk.internal.loader.URLClassPath$JarLoader$2::getInputStream@11
                      ; - jdk.internal.loader.Resource::cachedInputStream@9
                      ; - jdk.internal.loader.Resource::getByteBuffer@1
                      ; - jdk.internal.loader.BuiltinClassLoader::defineClass@45
  0x000001fec7ecb8a4: 588d 8cff 

  0x000001fec7ecb8a8: ;   {other}
  0x000001fec7ecb8a8: 0f1f 8400 | 0000 0000 | bab5 ffff | ff4c 8b5c | 2448 4c89 | 5c24 2844 | 8b5c 2440 | 4489 5c24 
  0x000001fec7ecb8c8: 3848 8944 | 2448 6690 

  0x000001fec7ecb8d0: ;   {runtime_call UncommonTrapBlob}
  0x000001fec7ecb8d0: c5f8 77e8 

  0x000001fec7ecb8d4: ; ImmutableOopMap {rbp=Oop [32]=Oop [40]=Oop [48]=Oop [56]=NarrowOop [72]=Oop }
                      ;*astore {reexecute=0 rethrow=0 return_oop=0}
                      ; - jdk.internal.loader.Resource::getBytes@220
                      ; - jdk.internal.loader.URLClassPath$JarLoader$2::getBytes@1
                      ; - jdk.internal.loader.BuiltinClassLoader::defineClass@84
  0x000001fec7ecb8d4: 288d 8cff 

  0x000001fec7ecb8d8: ;   {other}
  0x000001fec7ecb8d8: 0f1f 8400 | 0000 0000 | e984 0300 | 0048 8bd8 | e997 0300 | 0048 8bd8 | e92a 0900 | 0048 8b54 
  0x000001fec7ecb8f8: 2450 4c8b | c04c 8b54 | 2430 4c89 | 5424 2844 | 8b54 2440 | 4489 5424 | 3066 6690 

  0x000001fec7ecb914: ;   {optimized virtual_call}
  0x000001fec7ecb914: c5f8 77e8 

  0x000001fec7ecb918: ; ImmutableOopMap {rbp=Oop [32]=Oop [40]=Oop [48]=NarrowOop [80]=Oop [120]=Oop }
                      ;*invokevirtual addSuppressed {reexecute=0 rethrow=0 return_oop=0}
                      ; - java.util.jar.JarFile::getManifestFromReference@177
                      ; - java.util.jar.JarFile::getManifest@1
                      ; - jdk.internal.loader.URLClassPath$JarLoader$2::getManifest@22
                      ; - jdk.internal.loader.BuiltinClassLoader::defineClass@29
  0x000001fec7ecb918: 6431 8cff 

  0x000001fec7ecb91c: ;   {other}
  0x000001fec7ecb91c: 0f1f 8400 | 0000 0000 | e927 0100 | 0048 8944 | 2420 4c8b | 9424 8000 | 0000 458b | 5a18 4585 
  0x000001fec7ecb93c: db0f 84dd | 0900 004b | 8d14 dc4c | 8b54 2448 | 4c89 5424 | 3866 6690 

  0x000001fec7ecb954: ;   {optimized virtual_call}
  0x000001fec7ecb954: c5f8 77e8 

  0x000001fec7ecb958: ; ImmutableOopMap {rbp=Oop [32]=Oop [40]=Oop [48]=Oop [56]=Oop [64]=NarrowOop [88]=Oop [104]=Oop [120]=Oop }
                      ;*invokevirtual unlock {reexecute=0 rethrow=0 return_oop=0}
                      ; - java.lang.ref.ReferenceQueue::poll@35
                      ; - java.util.WeakHashMap::expungeStaleEntries@4
                      ; - java.util.WeakHashMap::getTable@1
                      ; - java.util.WeakHashMap::put@13
                      ; - java.util.Collections$SetFromMap::add@8
                      ; - java.util.zip.ZipFile::getInputStream@231
                      ; - java.util.jar.JarFile::getInputStream@21
                      ; - jdk.internal.loader.URLClassPath$JarLoader$2::getInputStream@11
                      ; - jdk.internal.loader.Resource::cachedInputStream@9
                      ; - jdk.internal.loader.Resource::getByteBuffer@1
                      ; - jdk.internal.loader.BuiltinClassLoader::defineClass@45
  0x000001fec7ecb958: 2431 8cff 

  0x000001fec7ecb95c: ;   {other}
  0x000001fec7ecb95c: 0f1f 8400 | 0000 0000 | 488b 5c24 | 20e9 1603 | 0000 488b | d8e9 0e03 | 0000 488b | d8e9 0603 
  0x000001fec7ecb97c: 0000 4889 | 4424 50e9 | 9d00 0000 | 488b d8e9 | f402 0000 | e9d4 0200 | 00e9 cf02 | 0000 e9ca 
  0x000001fec7ecb99c: 0200 0048 | 8bd8 e95b | 0500 0048 | 8bd8 e953 | 0500 0048 | 8b4c 2428 | 488d 9424 | f000 0000 
  0x000001fec7ecb9bc: 4d8b c7c5 | f877 49ba | 8042 b104 | fc7f 0000 

  0x000001fec7ecb9cc: ;   {other}
  0x000001fec7ecb9cc: 41ff d20f | 1f84 0000 | 0000 00e9 | 4308 0000 | e999 0600 | 0048 8bd8 | e936 0800 | 0048 8bd8 
  0x000001fec7ecb9ec: e92e 0800 | 0048 8bd8 | e98b 0200 | 0048 8bd8 | e91e 0800 | 0048 8be8 | e9c1 0700 | 0048 8bd8 
  0x000001fec7ecba0c: e90e 0800 | 00e9 5302 | 0000 e94e | 0200 00e9 | 4902 0000 | 4889 4424 | 504c 8bd5 | 4d85 d274 
  0x000001fec7ecba2c: 2349 8bd2 | 488b 6c24 | 2890 c5f8 | 7748 b8ff | ffff ffff 

  0x000001fec7ecba40: ;   {virtual_call}
  0x000001fec7ecba40: ffff ffe8 

  0x000001fec7ecba44: ; ImmutableOopMap {rbp=Oop [32]=Oop [48]=Oop [64]=NarrowOop [80]=Oop [120]=Oop }
                      ;*invokevirtual close {reexecute=0 rethrow=0 return_oop=0}
                      ; - java.util.jar.JarFile::getManifestFromReference@165
                      ; - java.util.jar.JarFile::getManifest@1
                      ; - jdk.internal.loader.URLClassPath$JarLoader$2::getManifest@22
                      ; - jdk.internal.loader.BuiltinClassLoader::defineClass@29
  0x000001fec7ecba44: 3833 8cff 

  0x000001fec7ecba48: ;   {other}
  0x000001fec7ecba48: 0f1f 8400 | 0000 0000 | 488b 4424 | 50e9 0f02 | 0000 488b | d8e9 2202 | 0000 488b | d8e9 1b06 
  0x000001fec7ecba68: 0000 488b | d8e9 1306 | 0000 488b | d8e9 8804 | 0000 488b | d8e9 8004 | 0000 488b | d8e9 7804 
  0x000001fec7ecba88: 0000 488b | d8e9 7004 | 0000 488b | d8e9 6804 | 0000 488b | d8e9 6004 | 0000 e9d3 | 0500 00e9 
  0x000001fec7ecbaa8: ce05 0000 | e9c9 0500 | 00e9 c405 | 0000 488b | d0e9 6407 | 0000 488b | d0e9 5c07 | 0000 488b 
  0x000001fec7ecbac8: d0e9 5407 | 0000 488b | e8e9 f406 | 0000 488b | d0e9 4407 | 0000 488b | d8e9 9e01 | 0000 488b 
  0x000001fec7ecbae8: d8e9 9601 | 0000 488b | d8e9 8f05 | 0000 488b | d8e9 0404 | 0000 488b | d8e9 7f05 | 0000 488b 
  0x000001fec7ecbb08: d8e9 f403 | 0000 488b | d8e9 6e01 | 0000 488b | d8e9 6601 | 0000 4889 | 4424 204c | 8b94 2480 
  0x000001fec7ecbb28: 0000 0045 | 8b52 1845 | 85d2 0f84 | c707 0000 | 4b8d 14d4 | 4c8b 5424 | 484c 8954 

  0x000001fec7ecbb44: ;   {no_reloc}
  0x000001fec7ecbb44: 2438 6690 

  0x000001fec7ecbb48: ;   {optimized virtual_call}
  0x000001fec7ecbb48: c5f8 77e8 

  0x000001fec7ecbb4c: ; ImmutableOopMap {rbp=Oop [32]=Oop [40]=Oop [48]=Oop [56]=Oop [64]=NarrowOop [88]=Oop [104]=Oop [120]=Oop }
                      ;*invokevirtual unlock {reexecute=0 rethrow=0 return_oop=0}
                      ; - java.lang.ref.ReferenceQueue::poll@35
                      ; - java.util.WeakHashMap::expungeStaleEntries@4
                      ; - java.util.WeakHashMap::getTable@1
                      ; - java.util.WeakHashMap::put@13
                      ; - java.util.Collections$SetFromMap::add@8
                      ; - java.util.zip.ZipFile::getInputStream@231
                      ; - java.util.jar.JarFile::getInputStream@21
                      ; - jdk.internal.loader.URLClassPath$JarLoader$2::getInputStream@11
                      ; - jdk.internal.loader.Resource::cachedInputStream@9
                      ; - jdk.internal.loader.Resource::getByteBuffer@1
                      ; - jdk.internal.loader.BuiltinClassLoader::defineClass@45
  0x000001fec7ecbb4c: 302f 8cff 

  0x000001fec7ecbb50: ;   {other}
  0x000001fec7ecbb50: 0f1f 8400 | 0000 0000 | 488b 5c24 | 20e9 2201 | 0000 488b | d8e9 1a01 | 0000 488b | d8e9 1201 
  0x000001fec7ecbb70: 0000 488b | d8e9 0a01 | 0000 488b | d844 8b50 | 0849 bb00 | 0000 0008 | 0000 004d | 03da eb14 
  0x000001fec7ecbb90: 488b d844 | 8b50 0849 | bb00 0000 | 0008 0000 | 004d 03da | 4d8b 5348 

  0x000001fec7ecbba8: ;   {metadata('java/io/IOException')}
  0x000001fec7ecbba8: 49bb c0b9 | 0800 0800 | 0000 4d3b | d30f 84fe | 0600 004c | 8b5c 2448 | 488d 8424 | f000 0000 
  0x000001fec7ecbbc8: 4883 3800 | 0f84 7900 | 0000 4d8b | 1341 f6c2 | 020f 8462 | 0000 0049 | 83ba 8600 | 0000 0074 
  0x000001fec7ecbbe8: 0949 ff8a | 8600 0000 | eb4b 498b | 8296 0000 | 0049 0b82 | 8e00 0000 | 750a 49c7 | 423e 0000 
  0x000001fec7ecbc08: 0000 eb3d | 4983 ba9e | 0000 0000 | 7422 4833 | c049 c742 | 3e00 0000 | 00f0 8304 | 2400 4983 
  0x000001fec7ecbc28: ba9e 0000 | 0000 750d | f04d 0fb1 | 7a3e 7505 | 83c8 01eb | 0ca8 00eb | 084c 8b10 | f04d 0fb1 
  0x000001fec7ecbc48: 1375 0a49 | ff8f 5005 | 0000 4533 | d20f 8579 | 0600 0048 | 8bd3 e9bf | 0500 00eb | 04eb 02eb 
  0x000001fec7ecbc68: 0048 8bd0 | e9b1 0500 | 0048 8bd8 | e989 0200 | 0048 8bd8 | e981 0200 | 0048 8bd8 | 4c8b 5c24 
  0x000001fec7ecbc88: 7848 8d84 | 2408 0100 | 0048 8338 | 000f 8479 | 0000 004d | 8b13 41f6 | c202 0f84 

  0x000001fec7ecbca4: ;   {no_reloc}
  0x000001fec7ecbca4: 6200 0000 | 4983 ba86 | 0000 0000 | 7409 49ff | 8a86 0000 | 00eb 4b49 | 8b82 9600 | 0000 490b 
  0x000001fec7ecbcc4: 828e 0000 | 0075 0a49 | c742 3e00 | 0000 00eb | 3d49 83ba | 9e00 0000 | 0074 2248 | 33c0 49c7 
  0x000001fec7ecbce4: 423e 0000 | 0000 f083 | 0424 0049 | 83ba 9e00 | 0000 0075 | 0df0 4d0f | b17a 3e75 | 0583 c801 
  0x000001fec7ecbd04: eb0c a800 | eb08 4c8b | 10f0 4d0f | b113 750a | 49ff 8f50 | 0500 0045 | 33d2 0f84 | de01 0000 
  0x000001fec7ecbd24: 488b 4c24 | 7848 8d94 | 2408 0100 | 004d 8bc7 | c5f8 7749 | ba80 42b1 | 04fc 7f00 | 0041 ffd2 
  0x000001fec7ecbd44: ;   {other}
  0x000001fec7ecbd44: 0f1f 8400 | 0000 0000 | e9b1 0100 | 00e9 2403 | 0000 e91f | 0300 00e9 | 1a03 0000 | e915 0300 
  0x000001fec7ecbd64: 00e9 1003 | 0000 448b 

  0x000001fec7ecbd6c: ;   {metadata('java/lang/IllegalArgumentException')}
  0x000001fec7ecbd6c: 5808 49ba | 0094 0700 | 0800 0000 | 49b8 0000 | 0000 0800 | 0000 4d03 | c34d 8b58 | 504d 3bda 
  0x000001fec7ecbd8c: 0f85 e802 | 0000 488b | 5424 484c | 8b44 2428 | 4c8b 4c24 | 5848 8b7c | 2460 4c8b | d249 8bea 
  0x000001fec7ecbdac: ;   {optimized virtual_call}
  0x000001fec7ecbdac: c5f8 77e8 

  0x000001fec7ecbdb0: ; ImmutableOopMap {rbp=Oop [40]=Oop [48]=Oop [56]=Oop [64]=NarrowOop [72]=Oop [80]=Oop [96]=Oop [112]=Oop }
                      ;*invokevirtual getAndVerifyPackage {reexecute=0 rethrow=0 return_oop=1}
                      ; - jdk.internal.loader.BuiltinClassLoader::defineOrCheckPackage@53
                      ; - jdk.internal.loader.ClassLoaders$AppClassLoader::defineOrCheckPackage@4
                      ; - jdk.internal.loader.BuiltinClassLoader::defineClass@40
  0x000001fec7ecbdb0: cc2c 8cff 

  0x000001fec7ecbdb4: ;   {other}
  0x000001fec7ecbdb4: 0f1f 8400 | 0000 0000 | 4885 c00f | 85e3 71ff | ffba 4100 | 0000 4c8b | 5424 304c | 8954 2420 
  0x000001fec7ecbdd4: 4c8b 5424 | 384c 8954 | 2430 6690 

  0x000001fec7ecbde0: ;   {runtime_call UncommonTrapBlob}
  0x000001fec7ecbde0: c5f8 77e8 

  0x000001fec7ecbde4: ; ImmutableOopMap {rbp=Oop [32]=Oop [40]=Oop [48]=Oop [64]=NarrowOop }
                      ;*new {reexecute=0 rethrow=0 return_oop=0}
                      ; - jdk.internal.loader.BuiltinClassLoader::defineOrCheckPackage@63
                      ; - jdk.internal.loader.ClassLoaders$AppClassLoader::defineOrCheckPackage@4
                      ; - jdk.internal.loader.BuiltinClassLoader::defineClass@40
  0x000001fec7ecbde4: 1888 8cff 

  0x000001fec7ecbde8: ;   {other}
  0x000001fec7ecbde8: 0f1f 8400 | 0000 0000 | e985 0200 | 00e9 8002 | 0000 e97b | 0200 0048 | 8bd8 e97e | 0200 00e9 
  0x000001fec7ecbe08: 6e02 0000 | 488b d84c | 8b5c 2438 | 488d 8424 | 0801 0000 | 4883 3800 | 0f84 7900 | 0000 4d8b 
  0x000001fec7ecbe28: 1341 f6c2 | 020f 8462 | 0000 0049 | 83ba 8600 | 0000 0074 | 0949 ff8a | 8600 0000 | eb4b 498b 
  0x000001fec7ecbe48: 8296 0000 | 0049 0b82 | 8e00 0000 | 750a 49c7 | 423e 0000 | 0000 eb3d | 4983 ba9e | 0000 0000 
  0x000001fec7ecbe68: 7422 4833 | c049 c742 | 3e00 0000 | 00f0 8304 | 2400 4983 | ba9e 0000 | 0000 750d | f04d 0fb1 
  0x000001fec7ecbe88: 7a3e 7505 | 83c8 01eb | 0ca8 00eb | 084c 8b10 | f04d 0fb1 | 1375 0a49 | ff8f 5005 | 0000 4533 
  0x000001fec7ecbea8: d20f 84d6 | 0100 0049 | 8bcb 488d | 9424 0801 | 0000 4d8b | c7c5 f877 | 49ba 8042 | b104 fc7f 
  0x000001fec7ecbec8: 0000 41ff 

  0x000001fec7ecbecc: ;   {other}
  0x000001fec7ecbecc: d20f 1f84 | 0000 0000 | 00e9 ab01 | 0000 488b | d8e9 a301 | 0000 488b | d8e9 9b01 | 0000 488b 
  0x000001fec7ecbeec: d8e9 9301 | 0000 488b | d8e9 8b01 | 0000 488b | d8eb 0348 | 8bd8 4c8b | 5c24 5848 | 8d84 24f8 
  0x000001fec7ecbf0c: 0000 0048 | 8338 000f | 8479 0000 | 004d 8b13 | 41f6 c202 | 0f84 6200 | 0000 4983 | ba86 0000 
  0x000001fec7ecbf2c: 0000 7409 | 49ff 8a86 | 0000 00eb | 4b49 8b82 | 9600 0000 | 490b 828e | 0000 0075 | 0a49 c742 
  0x000001fec7ecbf4c: 3e00 0000 | 00eb 3d49 | 83ba 9e00 | 0000 0074 | 2248 33c0 | 49c7 423e | 0000 0000 | f083 0424 
  0x000001fec7ecbf6c: 0049 83ba | 9e00 0000 | 0075 0df0 | 4d0f b17a | 3e75 0583 | c801 eb0c | a800 eb08 | 4c8b 10f0 
  0x000001fec7ecbf8c: 4d0f b113 | 750a 49ff | 8f50 0500 | 0045 33d2 | 0f85 bd02 | 0000 4c8b | 5c24 2848 | 8d84 24f0 
  0x000001fec7ecbfac: 0000 0048 | 8338 000f | 8479 0000 | 004d 8b13 | 41f6 c202 | 0f84 6200 | 0000 4983 | ba86 0000 
  0x000001fec7ecbfcc: ;   {no_reloc}
  0x000001fec7ecbfcc: 0000 7409 | 49ff 8a86 | 0000 00eb | 4b49 8b82 | 9600 0000 | 490b 828e | 0000 0075 | 0a49 c742 
  0x000001fec7ecbfec: 3e00 0000 | 00eb 3d49 | 83ba 9e00 | 0000 0074 | 2248 33c0 | 49c7 423e | 0000 0000 | f083 0424 
  0x000001fec7ecc00c: 0049 83ba | 9e00 0000 | 0075 0df0 | 4d0f b17a | 3e75 0583 | c801 eb0c | a800 eb08 | 4c8b 10f0 
  0x000001fec7ecc02c: 4d0f b113 | 750a 49ff | 8f50 0500 | 0045 33d2 | 0f85 4a02 | 0000 488b | d3e9 d801 | 0000 488b 
  0x000001fec7ecc04c: d0e9 d001 | 0000 488b | d0e9 c801 | 0000 488b | d0e9 c001 | 0000 488b | d0e9 b801 | 0000 488b 
  0x000001fec7ecc06c: d0e9 b001 | 0000 488b | d8e9 a501 | 0000 488b | d0e9 a001 | 0000 488b | d84c 8b5c | 2450 488d 
  0x000001fec7ecc08c: 8424 f800 | 0000 4883 | 3800 0f84 | 7900 0000 | 4d8b 1341 | f6c2 020f | 8462 0000 | 0049 83ba 
  0x000001fec7ecc0ac: 8600 0000 | 0074 0949 | ff8a 8600 | 0000 eb4b | 498b 8296 | 0000 0049 | 0b82 8e00 

  0x000001fec7ecc0c8: ;   {no_reloc}
  0x000001fec7ecc0c8: 0000 750a | 49c7 423e | 0000 0000 | eb3d 4983 | ba9e 0000 | 0000 7422 | 4833 c049 | c742 3e00 
  0x000001fec7ecc0e8: 0000 00f0 | 8304 2400 | 4983 ba9e | 0000 0000 | 750d f04d | 0fb1 7a3e | 7505 83c8 | 01eb 0ca8 
  0x000001fec7ecc108: 00eb 084c | 8b10 f04d | 0fb1 1375 | 0a49 ff8f | 5005 0000 | 4533 d20f | 850d 0100 | 004c 8b5c 
  0x000001fec7ecc128: 2428 488d | 8424 f000 | 0000 4883 | 3800 0f84 | 7900 0000 | 4d8b 1341 | f6c2 020f | 8462 0000 
  0x000001fec7ecc148: 0049 83ba | 8600 0000 | 0074 0949 | ff8a 8600 | 0000 eb4b | 498b 8296 | 0000 0049 | 0b82 8e00 
  0x000001fec7ecc168: 0000 750a | 49c7 423e | 0000 0000 | eb3d 4983 | ba9e 0000 | 0000 7422 | 4833 c049 | c742 3e00 
  0x000001fec7ecc188: 0000 00f0 | 8304 2400 | 4983 ba9e | 0000 0000 | 750d f04d | 0fb1 7a3e | 7505 83c8 | 01eb 0ca8 
  0x000001fec7ecc1a8: 00eb 084c | 8b10 f04d | 0fb1 1375 | 0a49 ff8f | 5005 0000 | 4533 d20f | 85ea f7ff | ffeb 5848 
  0x000001fec7ecc1c8: ;   {no_reloc}
  0x000001fec7ecc1c8: 8be8 448b | 5424 2849 | 8bd2 48c1 | e203 c5f8 | 7748 b8ff | ffff ffff 

  0x000001fec7ecc1e0: ;   {virtual_call}
  0x000001fec7ecc1e0: ffff ffe8 

  0x000001fec7ecc1e4: ; ImmutableOopMap {rbp=Oop [32]=Oop [48]=Oop [64]=NarrowOop [72]=Oop [112]=Oop }
                      ;*invokevirtual close {reexecute=0 rethrow=0 return_oop=0}
                      ; - jdk.internal.loader.Resource::getBytes@214
                      ; - jdk.internal.loader.URLClassPath$JarLoader$2::getBytes@1
                      ; - jdk.internal.loader.BuiltinClassLoader::defineClass@84
  0x000001fec7ecc1e4: 982b 8cff 

  0x000001fec7ecc1e8: ;   {other}
  0x000001fec7ecc1e8: 0f1f 8400 | 0000 0000 | 448b 5c24 | 2c45 85db | 7422 488b | 5424 7044 | 8b5c 2440 | 4489 5c24 
  0x000001fec7ecc208: 3866 6690 

  0x000001fec7ecc20c: ;   {optimized virtual_call}
  0x000001fec7ecc20c: c5f8 77e8 

  0x000001fec7ecc210: ; ImmutableOopMap {rbp=Oop [32]=Oop [48]=Oop [56]=NarrowOop [72]=Oop }
                      ;*invokevirtual interrupt {reexecute=0 rethrow=0 return_oop=0}
                      ; - jdk.internal.loader.Resource::getBytes@236
                      ; - jdk.internal.loader.URLClassPath$JarLoader$2::getBytes@1
                      ; - jdk.internal.loader.BuiltinClassLoader::defineClass@84
  0x000001fec7ecc210: 6c28 8cff 

  0x000001fec7ecc214: ;   {other}
  0x000001fec7ecc214: 0f1f 8400 | 0000 0000 | 488b dd48 | 8bd3 c5f8 | 7748 81c4 | 2001 0000 

  0x000001fec7ecc22c: ;   {runtime_call _rethrow_Java}
  0x000001fec7ecc22c: 5de9 cef5 | 98ff 488b | 4c24 5048 | 8d94 24f8 | 0000 004d | 8bc7 c5f8 | 7749 ba80 | 42b1 04fc 
  0x000001fec7ecc24c: 7f00 0041 

  0x000001fec7ecc250: ;   {other}
  0x000001fec7ecc250: ffd2 0f1f | 8400 0000 | 0000 e9c6 | feff ff48 | 8b4c 2458 | 488d 9424 | f800 0000 | 4d8b c7c5 
  0x000001fec7ecc270: f877 49ba | 8042 b104 | fc7f 0000 

  0x000001fec7ecc27c: ;   {other}
  0x000001fec7ecc27c: 41ff d20f | 1f84 0000 | 0000 00e9 | 16fd ffff | 488b 4c24 | 2848 8d94 | 24f0 0000 | 004d 8bc7 
  0x000001fec7ecc29c: c5f8 7749 | ba80 42b1 | 04fc 7f00 | 0041 ffd2 

  0x000001fec7ecc2ac: ;   {other}
  0x000001fec7ecc2ac: 0f1f 8400 | 0000 0000 | e989 fdff | ff48 8beb | baf2 0100 | 0066 6690 

  0x000001fec7ecc2c4: ;   {runtime_call UncommonTrapBlob}
  0x000001fec7ecc2c4: c5f8 77e8 

  0x000001fec7ecc2c8: ; ImmutableOopMap {rbp=Oop [32]=Oop [40]=Oop [48]=Oop [64]=NarrowOop [68]=NarrowOop [120]=Oop }
                      ;*new {reexecute=0 rethrow=0 return_oop=0}
                      ; - java.util.jar.JarFile::ensureInitialization@8
                      ; - java.util.jar.JavaUtilJarAccessImpl::ensureInitialization@1
                      ; - jdk.internal.loader.URLClassPath$JarLoader$2::getManifest@10
                      ; - jdk.internal.loader.BuiltinClassLoader::defineClass@29
  0x000001fec7ecc2c8: 3483 8cff 

  0x000001fec7ecc2cc: ;   {other}
  0x000001fec7ecc2cc: 0f1f 8400 | 0000 0000 | 498b cb48 | 8d94 24f0 | 0000 004d | 8bc7 c5f8 | 7749 ba80 | 42b1 04fc 
  0x000001fec7ecc2ec: 7f00 0041 

  0x000001fec7ecc2f0: ;   {other}
  0x000001fec7ecc2f0: ffd2 0f1f | 8400 0000 | 0000 e95c | f9ff ffba | f6ff ffff | 448b 5424 | 4044 8954 | 243c 6690 
  0x000001fec7ecc310: ;   {runtime_call UncommonTrapBlob}
  0x000001fec7ecc310: c5f8 77e8 

  0x000001fec7ecc314: ; ImmutableOopMap {rbp=Oop [32]=Oop [40]=Oop [48]=Oop [56]=NarrowOop [60]=NarrowOop [72]=Oop [104]=Oop [120]=Oop }
                      ;*invokevirtual unlock {reexecute=0 rethrow=0 return_oop=0}
                      ; - java.lang.ref.ReferenceQueue::poll@35
                      ; - java.util.WeakHashMap::expungeStaleEntries@4
                      ; - java.util.WeakHashMap::getTable@1
                      ; - java.util.WeakHashMap::put@13
                      ; - java.util.Collections$SetFromMap::add@8
                      ; - java.util.zip.ZipFile::getInputStream@231
                      ; - java.util.jar.JarFile::getInputStream@21
                      ; - jdk.internal.loader.URLClassPath$JarLoader$2::getInputStream@11
                      ; - jdk.internal.loader.Resource::cachedInputStream@9
                      ; - jdk.internal.loader.Resource::getByteBuffer@1
                      ; - jdk.internal.loader.BuiltinClassLoader::defineClass@45
  0x000001fec7ecc314: e882 8cff 

  0x000001fec7ecc318: ;   {other}
  0x000001fec7ecc318: 0f1f 8400 | 0000 0000 | baf6 ffff | ff44 8b5c | 2440 4489 | 5c24 3c90 

  0x000001fec7ecc330: ;   {runtime_call UncommonTrapBlob}
  0x000001fec7ecc330: c5f8 77e8 

  0x000001fec7ecc334: ; ImmutableOopMap {rbp=Oop [32]=Oop [40]=Oop [48]=Oop [56]=NarrowOop [60]=NarrowOop [72]=Oop [104]=Oop [120]=Oop }
                      ;*invokevirtual unlock {reexecute=0 rethrow=0 return_oop=0}
                      ; - java.lang.ref.ReferenceQueue::poll@35
                      ; - java.util.WeakHashMap::expungeStaleEntries@4
                      ; - java.util.WeakHashMap::getTable@1
                      ; - java.util.WeakHashMap::put@13
                      ; - java.util.Collections$SetFromMap::add@8
                      ; - java.util.zip.ZipFile::getInputStream@231
                      ; - java.util.jar.JarFile::getInputStream@21
                      ; - jdk.internal.loader.URLClassPath$JarLoader$2::getInputStream@11
                      ; - jdk.internal.loader.Resource::cachedInputStream@9
                      ; - jdk.internal.loader.Resource::getByteBuffer@1
                      ; - jdk.internal.loader.BuiltinClassLoader::defineClass@45
  0x000001fec7ecc334: c882 8cff 

  0x000001fec7ecc338: ;   {other}
  0x000001fec7ecc338: 0f1f 8400 | 0000 0000 

  0x000001fec7ecc340: ;   {internal_word}
  0x000001fec7ecc340: 49ba 5f4d | ecc7 fe01 | 0000 4d89 | 9768 0400 

  0x000001fec7ecc350: ;   {runtime_call SafepointBlob}
  0x000001fec7ecc350: 00e9 aa93 

  0x000001fec7ecc354: ;   {runtime_call StubRoutines (final stubs)}
  0x000001fec7ecc354: 8cff e805 | d88a ffe9 | de5b ffff 
[Stub Code]
  0x000001fec7ecc360: ;   {no_reloc}
  0x000001fec7ecc360: 48bb 0000 | 0000 0000 

  0x000001fec7ecc368: ;   {runtime_call}
  0x000001fec7ecc368: 0000 e9fb 

  0x000001fec7ecc36c: ;   {static_stub}
  0x000001fec7ecc36c: ffff ff48 | bb00 0000 | 0000 0000 

  0x000001fec7ecc378: ;   {runtime_call}
  0x000001fec7ecc378: 00e9 fbff 

  0x000001fec7ecc37c: ;   {static_stub}
  0x000001fec7ecc37c: ffff 48bb | 0000 0000 | 0000 0000 

  0x000001fec7ecc388: ;   {runtime_call}
  0x000001fec7ecc388: e9fb ffff 

  0x000001fec7ecc38c: ;   {static_stub}
  0x000001fec7ecc38c: ff48 bb00 | 0000 0000 

  0x000001fec7ecc394: ;   {runtime_call}
  0x000001fec7ecc394: 0000 00e9 | fbff ffff 

  0x000001fec7ecc39c: ;   {static_stub}
  0x000001fec7ecc39c: 48bb 0000 | 0000 0000 

  0x000001fec7ecc3a4: ;   {runtime_call}
  0x000001fec7ecc3a4: 0000 e9fb 

  0x000001fec7ecc3a8: ;   {static_stub}
  0x000001fec7ecc3a8: ffff ff48 | bb78 1148 | d8fe 0100 

  0x000001fec7ecc3b4: ;   {runtime_call I2C/C2I adapters}
  0x000001fec7ecc3b4: 00e9 a970 

  0x000001fec7ecc3b8: ;   {static_stub}
  0x000001fec7ecc3b8: 8cff 48bb | 0000 0000 | 0000 0000 

  0x000001fec7ecc3c4: ;   {runtime_call}
  0x000001fec7ecc3c4: e9fb ffff 

  0x000001fec7ecc3c8: ;   {static_stub}
  0x000001fec7ecc3c8: ff48 bb00 | 0000 0000 

  0x000001fec7ecc3d0: ;   {runtime_call}
  0x000001fec7ecc3d0: 0000 00e9 | fbff ffff 

  0x000001fec7ecc3d8: ;   {static_stub}
  0x000001fec7ecc3d8: 48bb 0000 | 0000 0000 

  0x000001fec7ecc3e0: ;   {runtime_call}
  0x000001fec7ecc3e0: 0000 e9fb 

  0x000001fec7ecc3e4: ;   {static_stub}
  0x000001fec7ecc3e4: ffff ff48 | bb00 0000 | 0000 0000 

  0x000001fec7ecc3f0: ;   {runtime_call}
  0x000001fec7ecc3f0: 00e9 fbff 

  0x000001fec7ecc3f4: ;   {static_stub}
  0x000001fec7ecc3f4: ffff 48bb | 0000 0000 | 0000 0000 

  0x000001fec7ecc400: ;   {runtime_call}
  0x000001fec7ecc400: e9fb ffff 

  0x000001fec7ecc404: ;   {static_stub}
  0x000001fec7ecc404: ff48 bb00 | 0000 0000 

  0x000001fec7ecc40c: ;   {runtime_call}
  0x000001fec7ecc40c: 0000 00e9 | fbff ffff 

  0x000001fec7ecc414: ;   {static_stub}
  0x000001fec7ecc414: 48bb 0000 | 0000 0000 

  0x000001fec7ecc41c: ;   {runtime_call}
  0x000001fec7ecc41c: 0000 e9fb 

  0x000001fec7ecc420: ;   {static_stub}
  0x000001fec7ecc420: ffff ff48 | bb00 0000 | 0000 0000 

  0x000001fec7ecc42c: ;   {runtime_call}
  0x000001fec7ecc42c: 00e9 fbff 

  0x000001fec7ecc430: ;   {static_stub}
  0x000001fec7ecc430: ffff 48bb | 0000 0000 | 0000 0000 

  0x000001fec7ecc43c: ;   {runtime_call}
  0x000001fec7ecc43c: e9fb ffff 

  0x000001fec7ecc440: ;   {static_stub}
  0x000001fec7ecc440: ff48 bb00 | 0000 0000 

  0x000001fec7ecc448: ;   {runtime_call}
  0x000001fec7ecc448: 0000 00e9 | fbff ffff 

  0x000001fec7ecc450: ;   {static_stub}
  0x000001fec7ecc450: 48bb 0000 | 0000 0000 

  0x000001fec7ecc458: ;   {runtime_call}
  0x000001fec7ecc458: 0000 e9fb 

  0x000001fec7ecc45c: ;   {static_stub}
  0x000001fec7ecc45c: ffff ff48 | bb00 0000 | 0000 0000 

  0x000001fec7ecc468: ;   {runtime_call}
  0x000001fec7ecc468: 00e9 fbff 

  0x000001fec7ecc46c: ;   {static_stub}
  0x000001fec7ecc46c: ffff 48bb | 0000 0000 | 0000 0000 

  0x000001fec7ecc478: ;   {runtime_call}
  0x000001fec7ecc478: e9fb ffff 

  0x000001fec7ecc47c: ;   {static_stub}
  0x000001fec7ecc47c: ff48 bb00 | 0000 0000 

  0x000001fec7ecc484: ;   {runtime_call}
  0x000001fec7ecc484: 0000 00e9 | fbff ffff 

  0x000001fec7ecc48c: ;   {static_stub}
  0x000001fec7ecc48c: 48bb 0000 | 0000 0000 

  0x000001fec7ecc494: ;   {runtime_call}
  0x000001fec7ecc494: 0000 e9fb 

  0x000001fec7ecc498: ;   {static_stub}
  0x000001fec7ecc498: ffff ff48 | bb00 0000 | 0000 0000 

  0x000001fec7ecc4a4: ;   {runtime_call}
  0x000001fec7ecc4a4: 00e9 fbff 

  0x000001fec7ecc4a8: ;   {static_stub}
  0x000001fec7ecc4a8: ffff 48bb | 0000 0000 | 0000 0000 

  0x000001fec7ecc4b4: ;   {runtime_call}
  0x000001fec7ecc4b4: e9fb ffff 

  0x000001fec7ecc4b8: ;   {static_stub}
  0x000001fec7ecc4b8: ff48 bb00 | 0000 0000 

  0x000001fec7ecc4c0: ;   {runtime_call}
  0x000001fec7ecc4c0: 0000 00e9 | fbff ffff 

  0x000001fec7ecc4c8: ;   {static_stub}
  0x000001fec7ecc4c8: 48bb 0000 | 0000 0000 

  0x000001fec7ecc4d0: ;   {runtime_call}
  0x000001fec7ecc4d0: 0000 e9fb 

  0x000001fec7ecc4d4: ;   {static_stub}
  0x000001fec7ecc4d4: ffff ff48 | bb00 0000 | 0000 0000 

  0x000001fec7ecc4e0: ;   {runtime_call}
  0x000001fec7ecc4e0: 00e9 fbff 

  0x000001fec7ecc4e4: ;   {static_stub}
  0x000001fec7ecc4e4: ffff 48bb | 0000 0000 | 0000 0000 

  0x000001fec7ecc4f0: ;   {runtime_call}
  0x000001fec7ecc4f0: e9fb ffff 

  0x000001fec7ecc4f4: ;   {static_stub}
  0x000001fec7ecc4f4: ff48 bb00 | 0000 0000 

  0x000001fec7ecc4fc: ;   {runtime_call}
  0x000001fec7ecc4fc: 0000 00e9 | fbff ffff 

  0x000001fec7ecc504: ;   {static_stub}
  0x000001fec7ecc504: 48bb 0000 | 0000 0000 

  0x000001fec7ecc50c: ;   {runtime_call}
  0x000001fec7ecc50c: 0000 e9fb 

  0x000001fec7ecc510: ;   {static_stub}
  0x000001fec7ecc510: ffff ff48 | bb00 0000 | 0000 0000 

  0x000001fec7ecc51c: ;   {runtime_call}
  0x000001fec7ecc51c: 00e9 fbff 

  0x000001fec7ecc520: ;   {static_stub}
  0x000001fec7ecc520: ffff 48bb | 0000 0000 | 0000 0000 

  0x000001fec7ecc52c: ;   {runtime_call}
  0x000001fec7ecc52c: e9fb ffff 

  0x000001fec7ecc530: ;   {static_stub}
  0x000001fec7ecc530: ff48 bb00 | 0000 0000 

  0x000001fec7ecc538: ;   {runtime_call}
  0x000001fec7ecc538: 0000 00e9 | fbff ffff 

  0x000001fec7ecc540: ;   {static_stub}
  0x000001fec7ecc540: 48bb 0000 | 0000 0000 

  0x000001fec7ecc548: ;   {runtime_call}
  0x000001fec7ecc548: 0000 e9fb 

  0x000001fec7ecc54c: ;   {static_stub}
  0x000001fec7ecc54c: ffff ff48 | bb00 0000 | 0000 0000 

  0x000001fec7ecc558: ;   {runtime_call}
  0x000001fec7ecc558: 00e9 fbff 

  0x000001fec7ecc55c: ;   {static_stub}
  0x000001fec7ecc55c: ffff 48bb | 0000 0000 | 0000 0000 

  0x000001fec7ecc568: ;   {runtime_call}
  0x000001fec7ecc568: e9fb ffff 

  0x000001fec7ecc56c: ;   {static_stub}
  0x000001fec7ecc56c: ff48 bb00 | 0000 0000 

  0x000001fec7ecc574: ;   {runtime_call}
  0x000001fec7ecc574: 0000 00e9 | fbff ffff 

  0x000001fec7ecc57c: ;   {static_stub}
  0x000001fec7ecc57c: 48bb 0000 | 0000 0000 

  0x000001fec7ecc584: ;   {runtime_call}
  0x000001fec7ecc584: 0000 e9fb 

  0x000001fec7ecc588: ;   {static_stub}
  0x000001fec7ecc588: ffff ff48 | bb00 0000 | 0000 0000 

  0x000001fec7ecc594: ;   {runtime_call}
  0x000001fec7ecc594: 00e9 fbff 

  0x000001fec7ecc598: ;   {static_stub}
  0x000001fec7ecc598: ffff 48bb | 0000 0000 | 0000 0000 

  0x000001fec7ecc5a4: ;   {runtime_call}
  0x000001fec7ecc5a4: e9fb ffff 

  0x000001fec7ecc5a8: ;   {static_stub}
  0x000001fec7ecc5a8: ff48 bb00 | 0000 0000 

  0x000001fec7ecc5b0: ;   {runtime_call}
  0x000001fec7ecc5b0: 0000 00e9 | fbff ffff 

  0x000001fec7ecc5b8: ;   {static_stub}
  0x000001fec7ecc5b8: 48bb 0000 | 0000 0000 

  0x000001fec7ecc5c0: ;   {runtime_call}
  0x000001fec7ecc5c0: 0000 e9fb 

  0x000001fec7ecc5c4: ;   {static_stub}
  0x000001fec7ecc5c4: ffff ff48 | bb00 0000 | 0000 0000 

  0x000001fec7ecc5d0: ;   {runtime_call}
  0x000001fec7ecc5d0: 00e9 fbff 

  0x000001fec7ecc5d4: ;   {static_stub}
  0x000001fec7ecc5d4: ffff 48bb | 0000 0000 | 0000 0000 

  0x000001fec7ecc5e0: ;   {runtime_call}
  0x000001fec7ecc5e0: e9fb ffff 

  0x000001fec7ecc5e4: ;   {static_stub}
  0x000001fec7ecc5e4: ff48 bb00 | 0000 0000 

  0x000001fec7ecc5ec: ;   {runtime_call}
  0x000001fec7ecc5ec: 0000 00e9 | fbff ffff 

  0x000001fec7ecc5f4: ;   {static_stub}
  0x000001fec7ecc5f4: 48bb 0000 | 0000 0000 

  0x000001fec7ecc5fc: ;   {runtime_call}
  0x000001fec7ecc5fc: 0000 e9fb 

  0x000001fec7ecc600: ;   {static_stub}
  0x000001fec7ecc600: ffff ff48 | bb00 0000 | 0000 0000 

  0x000001fec7ecc60c: ;   {runtime_call}
  0x000001fec7ecc60c: 00e9 fbff 

  0x000001fec7ecc610: ;   {static_stub}
  0x000001fec7ecc610: ffff 48bb | 0000 0000 | 0000 0000 

  0x000001fec7ecc61c: ;   {runtime_call}
  0x000001fec7ecc61c: e9fb ffff 

  0x000001fec7ecc620: ;   {static_stub}
  0x000001fec7ecc620: ff48 bb00 | 0000 0000 

  0x000001fec7ecc628: ;   {runtime_call}
  0x000001fec7ecc628: 0000 00e9 | fbff ffff 

  0x000001fec7ecc630: ;   {static_stub}
  0x000001fec7ecc630: 48bb 0000 | 0000 0000 

  0x000001fec7ecc638: ;   {runtime_call}
  0x000001fec7ecc638: 0000 e9fb 

  0x000001fec7ecc63c: ;   {static_stub}
  0x000001fec7ecc63c: ffff ff48 | bb00 0000 | 0000 0000 

  0x000001fec7ecc648: ;   {runtime_call}
  0x000001fec7ecc648: 00e9 fbff 

  0x000001fec7ecc64c: ;   {runtime_call ExceptionBlob}
  0x000001fec7ecc64c: ffff e92d | 4898 ffe8 | 0000 0000 | 4883 2c24 

  0x000001fec7ecc65c: ;   {runtime_call DeoptimizationBlob}
  0x000001fec7ecc65c: 05e9 3e83 | 8cff f4f4 | f4f4 f4f4 
[/MachCode]


---------------  P R O C E S S  ---------------

Threads class SMR info:
_java_thread_list=0x000001fedf2076c0, length=12, elements={
0x000001febad03730, 0x000001fed7294340, 0x000001fed7294da0, 0x000001fed72734a0,
0x000001fed72a7320, 0x000001fed727c780, 0x000001fed72afd90, 0x000001fed72b8c60,
0x000001fed72c51e0, 0x000001fed74780a0, 0x000001fed747a8e0, 0x000001fee1561d60
}

Java Threads: ( => current thread )
=>0x000001febad03730 JavaThread "main"                              [_thread_in_vm, id=20092, stack(0x000000f3ebc00000,0x000000f3ebd00000) (1024K)]
  0x000001fed7294340 JavaThread "Reference Handler"          daemon [_thread_blocked, id=22816, stack(0x000000f3ec400000,0x000000f3ec500000) (1024K)]
  0x000001fed7294da0 JavaThread "Finalizer"                  daemon [_thread_blocked, id=27224, stack(0x000000f3ec500000,0x000000f3ec600000) (1024K)]
  0x000001fed72734a0 JavaThread "Signal Dispatcher"          daemon [_thread_blocked, id=26672, stack(0x000000f3ec600000,0x000000f3ec700000) (1024K)]
  0x000001fed72a7320 JavaThread "Attach Listener"            daemon [_thread_blocked, id=20636, stack(0x000000f3ec700000,0x000000f3ec800000) (1024K)]
  0x000001fed727c780 JavaThread "Service Thread"             daemon [_thread_blocked, id=2732, stack(0x000000f3ec800000,0x000000f3ec900000) (1024K)]
  0x000001fed72afd90 JavaThread "Monitor Deflation Thread"   daemon [_thread_blocked, id=21716, stack(0x000000f3ec900000,0x000000f3eca00000) (1024K)]
  0x000001fed72b8c60 JavaThread "C2 CompilerThread0"         daemon [_thread_blocked, id=1552, stack(0x000000f3eca00000,0x000000f3ecb00000) (1024K)]
  0x000001fed72c51e0 JavaThread "C1 CompilerThread0"         daemon [_thread_blocked, id=20604, stack(0x000000f3ecb00000,0x000000f3ecc00000) (1024K)]
  0x000001fed74780a0 JavaThread "Notification Thread"        daemon [_thread_blocked, id=7664, stack(0x000000f3ecc00000,0x000000f3ecd00000) (1024K)]
  0x000001fed747a8e0 JavaThread "Common-Cleaner"             daemon [_thread_blocked, id=26944, stack(0x000000f3ecd00000,0x000000f3ece00000) (1024K)]
  0x000001fee1561d60 JavaThread "C2 CompilerThread1"         daemon [_thread_blocked, id=26748, stack(0x000000f3ece00000,0x000000f3ecf00000) (1024K)]
Total: 12

Other Threads:
  0x000001fed72207e0 VMThread "VM Thread"                           [id=16276, stack(0x000000f3ec300000,0x000000f3ec400000) (1024K)] _threads_hazard_ptr=0x000001fedf2076c0
  0x000001fed705bdd0 WatcherThread "VM Periodic Task Thread"        [id=10364, stack(0x000000f3ec200000,0x000000f3ec300000) (1024K)]
  0x000001febd130530 WorkerThread "GC Thread#0"                     [id=8364, stack(0x000000f3ebd00000,0x000000f3ebe00000) (1024K)]
  0x000001fed7c97bd0 WorkerThread "GC Thread#1"                     [id=25344, stack(0x000000f3ed000000,0x000000f3ed100000) (1024K)]
  0x000001fed7c97f70 WorkerThread "GC Thread#2"                     [id=7376, stack(0x000000f3ed100000,0x000000f3ed200000) (1024K)]
  0x000001fed7c8a070 WorkerThread "GC Thread#3"                     [id=3048, stack(0x000000f3ed200000,0x000000f3ed300000) (1024K)]
  0x000001fed7c8a410 WorkerThread "GC Thread#4"                     [id=22256, stack(0x000000f3ed300000,0x000000f3ed400000) (1024K)]
  0x000001fed7d349b0 WorkerThread "GC Thread#5"                     [id=25340, stack(0x000000f3ed400000,0x000000f3ed500000) (1024K)]
  0x000001fed7efb700 WorkerThread "GC Thread#6"                     [id=10848, stack(0x000000f3ed500000,0x000000f3ed600000) (1024K)]
  0x000001fed7efbaa0 WorkerThread "GC Thread#7"                     [id=4924, stack(0x000000f3ed600000,0x000000f3ed700000) (1024K)]
  0x000001fed7efa140 WorkerThread "GC Thread#8"                     [id=26788, stack(0x000000f3ed700000,0x000000f3ed800000) (1024K)]
  0x000001fedc2f93a0 WorkerThread "GC Thread#9"                     [id=24136, stack(0x000000f3eda00000,0x000000f3edb00000) (1024K)]
  0x000001febd1437f0 ConcurrentGCThread "G1 Main Marker"            [id=2460, stack(0x000000f3ebe00000,0x000000f3ebf00000) (1024K)]
  0x000001febd1441f0 WorkerThread "G1 Conc#0"                       [id=372, stack(0x000000f3ebf00000,0x000000f3ec000000) (1024K)]
  0x000001fedc2f8c60 WorkerThread "G1 Conc#1"                       [id=8128, stack(0x000000f3ed800000,0x000000f3ed900000) (1024K)]
  0x000001fedc2f9e80 WorkerThread "G1 Conc#2"                       [id=7452, stack(0x000000f3ed900000,0x000000f3eda00000) (1024K)]
  0x000001fed6f2d9c0 ConcurrentGCThread "G1 Refine#0"               [id=27220, stack(0x000000f3ec000000,0x000000f3ec100000) (1024K)]
  0x000001fed6f2e430 ConcurrentGCThread "G1 Service"                [id=15224, stack(0x000000f3ec100000,0x000000f3ec200000) (1024K)]
Total: 18

Threads with active compile tasks:
Total: 0

VM state: synchronizing (normal execution)

VM Mutex/Monitor currently owned by a thread:  ([mutex/lock_event])
[0x00007ffc04f850f8] Metaspace_lock - owner thread: 0x000001febad03730
[0x00007ffc04f872f8] Threads_lock - owner thread: 0x000001fed72207e0

Heap address: 0x000000070a600000, size: 3930 MB, Compressed Oops mode: Zero based, Oop shift amount: 3

CDS archive(s) not mapped
Compressed class space mapped at: 0x0000000800000000-0x0000000840000000, reserved size: 1073741824
Narrow klass base: 0x0000000800000000, Narrow klass shift: 0, Narrow klass range: 0x40000000

GC Precious Log:
 CardTable entry size: 512
 Card Set container configuration: InlinePtr #cards 4 size 8 Array Of Cards #cards 16 size 48 Howl #buckets 8 coarsen threshold 3686 Howl Bitmap #cards 512 size 80 coarsen threshold 460 Card regions per heap region 1 cards per card region 4096
 CPUs: 12 total, 12 available
 Memory: 15712M
 Large Page Support: Disabled
 NUMA Support: Disabled
 Compressed Oops: Enabled (Zero based)
 Heap Region Size: 2M
 Heap Min Capacity: 8M
 Heap Initial Capacity: 246M
 Heap Max Capacity: 3930M
 Pre-touch: Disabled
 Parallel Workers: 10
 Concurrent Workers: 3
 Concurrent Refinement Workers: 10
 Periodic GC: Disabled

Heap:
 garbage-first heap   total 178176K, used 138420K [0x000000070a600000, 0x0000000800000000)
  region size 2048K, 34 young (69632K), 3 survivors (6144K)
 Metaspace       used 89652K, committed 89984K, reserved 1179648K
  class space    used 9519K, committed 9664K, reserved 1048576K

Heap Regions: E=young(eden), S=young(survivor), O=old, HS=humongous(starts), HC=humongous(continues), CS=collection set, F=free, TAMS=top-at-mark-start, PB=parsable bottom
|   0|0x000000070a600000, 0x000000070a800000, 0x000000070a800000|100%|HS|  |TAMS 0x000000070a600000| PB 0x000000070a600000| Complete 
|   1|0x000000070a800000, 0x000000070aa00000, 0x000000070aa00000|100%|HC|  |TAMS 0x000000070a800000| PB 0x000000070a800000| Complete 
|   2|0x000000070aa00000, 0x000000070ac00000, 0x000000070ac00000|100%| O|  |TAMS 0x000000070aa00000| PB 0x000000070aa00000| Untracked 
|   3|0x000000070ac00000, 0x000000070ae00000, 0x000000070ae00000|100%| O|  |TAMS 0x000000070ac00000| PB 0x000000070ac00000| Untracked 
|   4|0x000000070ae00000, 0x000000070b000000, 0x000000070b000000|100%| O|  |TAMS 0x000000070ae00000| PB 0x000000070ae00000| Untracked 
|   5|0x000000070b000000, 0x000000070b200000, 0x000000070b200000|100%| O|  |TAMS 0x000000070b000000| PB 0x000000070b000000| Untracked 
|   6|0x000000070b200000, 0x000000070b400000, 0x000000070b400000|100%| O|  |TAMS 0x000000070b200000| PB 0x000000070b200000| Untracked 
|   7|0x000000070b400000, 0x000000070b600000, 0x000000070b600000|100%| O|  |TAMS 0x000000070b400000| PB 0x000000070b400000| Untracked 
|   8|0x000000070b600000, 0x000000070b800000, 0x000000070b800000|100%| O|  |TAMS 0x000000070b600000| PB 0x000000070b600000| Untracked 
|   9|0x000000070b800000, 0x000000070ba00000, 0x000000070ba00000|100%| O|  |TAMS 0x000000070b800000| PB 0x000000070b800000| Untracked 
|  10|0x000000070ba00000, 0x000000070bc00000, 0x000000070bc00000|100%| O|  |TAMS 0x000000070ba00000| PB 0x000000070ba00000| Untracked 
|  11|0x000000070bc00000, 0x000000070be00000, 0x000000070be00000|100%| O|  |TAMS 0x000000070bc00000| PB 0x000000070bc00000| Untracked 
|  12|0x000000070be00000, 0x000000070c000000, 0x000000070c000000|100%| O|  |TAMS 0x000000070be00000| PB 0x000000070be00000| Untracked 
|  13|0x000000070c000000, 0x000000070c200000, 0x000000070c200000|100%| O|  |TAMS 0x000000070c000000| PB 0x000000070c000000| Untracked 
|  14|0x000000070c200000, 0x000000070c400000, 0x000000070c400000|100%| O|  |TAMS 0x000000070c200000| PB 0x000000070c200000| Untracked 
|  15|0x000000070c400000, 0x000000070c600000, 0x000000070c600000|100%| O|  |TAMS 0x000000070c400000| PB 0x000000070c400000| Untracked 
|  16|0x000000070c600000, 0x000000070c800000, 0x000000070c800000|100%| O|  |TAMS 0x000000070c600000| PB 0x000000070c600000| Untracked 
|  17|0x000000070c800000, 0x000000070ca00000, 0x000000070ca00000|100%| O|  |TAMS 0x000000070c800000| PB 0x000000070c800000| Untracked 
|  18|0x000000070ca00000, 0x000000070cc00000, 0x000000070cc00000|100%| O|  |TAMS 0x000000070ca00000| PB 0x000000070ca00000| Untracked 
|  19|0x000000070cc00000, 0x000000070ce00000, 0x000000070ce00000|100%| O|  |TAMS 0x000000070cc00000| PB 0x000000070cc00000| Untracked 
|  20|0x000000070ce00000, 0x000000070d000000, 0x000000070d000000|100%| O|  |TAMS 0x000000070ce00000| PB 0x000000070ce00000| Untracked 
|  21|0x000000070d000000, 0x000000070d200000, 0x000000070d200000|100%| O|  |TAMS 0x000000070d000000| PB 0x000000070d000000| Untracked 
|  22|0x000000070d200000, 0x000000070d400000, 0x000000070d400000|100%| O|Cm|TAMS 0x000000070d200000| PB 0x000000070d200000| Complete 
|  23|0x000000070d400000, 0x000000070d600000, 0x000000070d600000|100%| O|  |TAMS 0x000000070d400000| PB 0x000000070d400000| Untracked 
|  24|0x000000070d600000, 0x000000070d800000, 0x000000070d800000|100%| O|  |TAMS 0x000000070d600000| PB 0x000000070d600000| Untracked 
|  25|0x000000070d800000, 0x000000070da00000, 0x000000070da00000|100%| O|  |TAMS 0x000000070d800000| PB 0x000000070d800000| Untracked 
|  26|0x000000070da00000, 0x000000070dc00000, 0x000000070dc00000|100%| O|  |TAMS 0x000000070da00000| PB 0x000000070da00000| Untracked 
|  27|0x000000070dc00000, 0x000000070de00000, 0x000000070de00000|100%| O|  |TAMS 0x000000070dc00000| PB 0x000000070dc00000| Untracked 
|  28|0x000000070de00000, 0x000000070e000000, 0x000000070e000000|100%| O|  |TAMS 0x000000070de00000| PB 0x000000070de00000| Untracked 
|  29|0x000000070e000000, 0x000000070e200000, 0x000000070e200000|100%| O|  |TAMS 0x000000070e000000| PB 0x000000070e000000| Untracked 
|  30|0x000000070e200000, 0x000000070e400000, 0x000000070e400000|100%| O|  |TAMS 0x000000070e200000| PB 0x000000070e200000| Untracked 
|  31|0x000000070e400000, 0x000000070e600000, 0x000000070e600000|100%| O|  |TAMS 0x000000070e400000| PB 0x000000070e400000| Untracked 
|  32|0x000000070e600000, 0x000000070e800000, 0x000000070e800000|100%| O|  |TAMS 0x000000070e600000| PB 0x000000070e600000| Untracked 
|  33|0x000000070e800000, 0x000000070ea00000, 0x000000070ea00000|100%| O|  |TAMS 0x000000070e800000| PB 0x000000070e800000| Untracked 
|  34|0x000000070ea00000, 0x000000070eb2d018, 0x000000070ec00000| 58%| O|  |TAMS 0x000000070ea00000| PB 0x000000070ea00000| Untracked 
|  35|0x000000070ec00000, 0x000000070ec00000, 0x000000070ee00000|  0%| F|  |TAMS 0x000000070ec00000| PB 0x000000070ec00000| Untracked 
|  36|0x000000070ee00000, 0x000000070ee00000, 0x000000070f000000|  0%| F|  |TAMS 0x000000070ee00000| PB 0x000000070ee00000| Untracked 
|  37|0x000000070f000000, 0x000000070f000000, 0x000000070f200000|  0%| F|  |TAMS 0x000000070f000000| PB 0x000000070f000000| Untracked 
|  38|0x000000070f200000, 0x000000070f200000, 0x000000070f400000|  0%| F|  |TAMS 0x000000070f200000| PB 0x000000070f200000| Untracked 
|  39|0x000000070f400000, 0x000000070f400000, 0x000000070f600000|  0%| F|  |TAMS 0x000000070f400000| PB 0x000000070f400000| Untracked 
|  40|0x000000070f600000, 0x000000070f600000, 0x000000070f800000|  0%| F|  |TAMS 0x000000070f600000| PB 0x000000070f600000| Untracked 
|  41|0x000000070f800000, 0x000000070fa00000, 0x000000070fa00000|100%| S|CS|TAMS 0x000000070f800000| PB 0x000000070f800000| Complete 
|  42|0x000000070fa00000, 0x000000070fc00000, 0x000000070fc00000|100%| S|CS|TAMS 0x000000070fa00000| PB 0x000000070fa00000| Complete 
|  43|0x000000070fc00000, 0x000000070fe00000, 0x000000070fe00000|100%| S|CS|TAMS 0x000000070fc00000| PB 0x000000070fc00000| Complete 
|  44|0x000000070fe00000, 0x000000070fe00000, 0x0000000710000000|  0%| F|  |TAMS 0x000000070fe00000| PB 0x000000070fe00000| Untracked 
|  45|0x0000000710000000, 0x0000000710000000, 0x0000000710200000|  0%| F|  |TAMS 0x0000000710000000| PB 0x0000000710000000| Untracked 
|  46|0x0000000710200000, 0x0000000710200000, 0x0000000710400000|  0%| F|  |TAMS 0x0000000710200000| PB 0x0000000710200000| Untracked 
|  47|0x0000000710400000, 0x0000000710400000, 0x0000000710600000|  0%| F|  |TAMS 0x0000000710400000| PB 0x0000000710400000| Untracked 
|  48|0x0000000710600000, 0x0000000710600000, 0x0000000710800000|  0%| F|  |TAMS 0x0000000710600000| PB 0x0000000710600000| Untracked 
|  49|0x0000000710800000, 0x0000000710800000, 0x0000000710a00000|  0%| F|  |TAMS 0x0000000710800000| PB 0x0000000710800000| Untracked 
|  50|0x0000000710a00000, 0x0000000710a00000, 0x0000000710c00000|  0%| F|  |TAMS 0x0000000710a00000| PB 0x0000000710a00000| Untracked 
|  51|0x0000000710c00000, 0x0000000710c00000, 0x0000000710e00000|  0%| F|  |TAMS 0x0000000710c00000| PB 0x0000000710c00000| Untracked 
|  52|0x0000000710e00000, 0x0000000710e00000, 0x0000000711000000|  0%| F|  |TAMS 0x0000000710e00000| PB 0x0000000710e00000| Untracked 
|  53|0x0000000711000000, 0x0000000711000000, 0x0000000711200000|  0%| F|  |TAMS 0x0000000711000000| PB 0x0000000711000000| Untracked 
|  54|0x0000000711200000, 0x0000000711200000, 0x0000000711400000|  0%| F|  |TAMS 0x0000000711200000| PB 0x0000000711200000| Untracked 
|  55|0x0000000711400000, 0x0000000711400000, 0x0000000711600000|  0%| F|  |TAMS 0x0000000711400000| PB 0x0000000711400000| Untracked 
|  56|0x0000000711600000, 0x0000000711800000, 0x0000000711800000|100%| E|  |TAMS 0x0000000711600000| PB 0x0000000711600000| Complete 
|  57|0x0000000711800000, 0x0000000711a00000, 0x0000000711a00000|100%| E|CS|TAMS 0x0000000711800000| PB 0x0000000711800000| Complete 
|  58|0x0000000711a00000, 0x0000000711c00000, 0x0000000711c00000|100%| E|CS|TAMS 0x0000000711a00000| PB 0x0000000711a00000| Complete 
|  59|0x0000000711c00000, 0x0000000711e00000, 0x0000000711e00000|100%| E|CS|TAMS 0x0000000711c00000| PB 0x0000000711c00000| Complete 
|  60|0x0000000711e00000, 0x0000000712000000, 0x0000000712000000|100%| E|CS|TAMS 0x0000000711e00000| PB 0x0000000711e00000| Complete 
|  61|0x0000000712000000, 0x0000000712200000, 0x0000000712200000|100%| E|CS|TAMS 0x0000000712000000| PB 0x0000000712000000| Complete 
|  62|0x0000000712200000, 0x0000000712400000, 0x0000000712400000|100%| E|CS|TAMS 0x0000000712200000| PB 0x0000000712200000| Complete 
|  63|0x0000000712400000, 0x0000000712600000, 0x0000000712600000|100%| E|CS|TAMS 0x0000000712400000| PB 0x0000000712400000| Complete 
|  64|0x0000000712600000, 0x0000000712800000, 0x0000000712800000|100%| E|CS|TAMS 0x0000000712600000| PB 0x0000000712600000| Complete 
|  65|0x0000000712800000, 0x0000000712a00000, 0x0000000712a00000|100%| E|CS|TAMS 0x0000000712800000| PB 0x0000000712800000| Complete 
|  66|0x0000000712a00000, 0x0000000712c00000, 0x0000000712c00000|100%| E|CS|TAMS 0x0000000712a00000| PB 0x0000000712a00000| Complete 
|  67|0x0000000712c00000, 0x0000000712e00000, 0x0000000712e00000|100%| E|CS|TAMS 0x0000000712c00000| PB 0x0000000712c00000| Complete 
|  68|0x0000000712e00000, 0x0000000713000000, 0x0000000713000000|100%| E|CS|TAMS 0x0000000712e00000| PB 0x0000000712e00000| Complete 
|  69|0x0000000713000000, 0x0000000713200000, 0x0000000713200000|100%| E|CS|TAMS 0x0000000713000000| PB 0x0000000713000000| Complete 
|  70|0x0000000713200000, 0x0000000713400000, 0x0000000713400000|100%| E|CS|TAMS 0x0000000713200000| PB 0x0000000713200000| Complete 
|  71|0x0000000713400000, 0x0000000713600000, 0x0000000713600000|100%| E|CS|TAMS 0x0000000713400000| PB 0x0000000713400000| Complete 
|  72|0x0000000713600000, 0x0000000713800000, 0x0000000713800000|100%| E|CS|TAMS 0x0000000713600000| PB 0x0000000713600000| Complete 
|  73|0x0000000713800000, 0x0000000713a00000, 0x0000000713a00000|100%| E|CS|TAMS 0x0000000713800000| PB 0x0000000713800000| Complete 
|  74|0x0000000713a00000, 0x0000000713c00000, 0x0000000713c00000|100%| E|CS|TAMS 0x0000000713a00000| PB 0x0000000713a00000| Complete 
|  75|0x0000000713c00000, 0x0000000713e00000, 0x0000000713e00000|100%| E|CS|TAMS 0x0000000713c00000| PB 0x0000000713c00000| Complete 
|  76|0x0000000713e00000, 0x0000000714000000, 0x0000000714000000|100%| E|CS|TAMS 0x0000000713e00000| PB 0x0000000713e00000| Complete 
|  77|0x0000000714000000, 0x0000000714200000, 0x0000000714200000|100%| E|CS|TAMS 0x0000000714000000| PB 0x0000000714000000| Complete 
|  78|0x0000000714200000, 0x0000000714400000, 0x0000000714400000|100%| E|CS|TAMS 0x0000000714200000| PB 0x0000000714200000| Complete 
|  79|0x0000000714400000, 0x0000000714600000, 0x0000000714600000|100%| E|CS|TAMS 0x0000000714400000| PB 0x0000000714400000| Complete 
|  80|0x0000000714600000, 0x0000000714800000, 0x0000000714800000|100%| E|CS|TAMS 0x0000000714600000| PB 0x0000000714600000| Complete 
|  81|0x0000000714800000, 0x0000000714a00000, 0x0000000714a00000|100%| E|CS|TAMS 0x0000000714800000| PB 0x0000000714800000| Complete 
|  82|0x0000000714a00000, 0x0000000714c00000, 0x0000000714c00000|100%| E|CS|TAMS 0x0000000714a00000| PB 0x0000000714a00000| Complete 
| 102|0x0000000717200000, 0x0000000717400000, 0x0000000717400000|100%| E|CS|TAMS 0x0000000717200000| PB 0x0000000717200000| Complete 
| 103|0x0000000717400000, 0x0000000717600000, 0x0000000717600000|100%| E|CS|TAMS 0x0000000717400000| PB 0x0000000717400000| Complete 
| 104|0x0000000717600000, 0x0000000717800000, 0x0000000717800000|100%| E|CS|TAMS 0x0000000717600000| PB 0x0000000717600000| Complete 
| 122|0x0000000719a00000, 0x0000000719c00000, 0x0000000719c00000|100%| E|CS|TAMS 0x0000000719a00000| PB 0x0000000719a00000| Complete 

Card table byte_map: [0x000001fecff10000,0x000001fed06c0000] _byte_map_base: 0x000001fecc6bd000

Marking Bits: (CMBitMap*) 0x000001febd132b40
 Bits: [0x000001fed06c0000, 0x000001fed4428000)

Polling page: 0x000001febaf60000

Metaspace:

Usage:
  Non-class:     78.26 MB used.
      Class:      9.30 MB used.
       Both:     87.55 MB used.

Virtual space:
  Non-class space:      128.00 MB reserved,      78.44 MB ( 61%) committed,  2 nodes.
      Class space:        1.00 GB reserved,       9.44 MB ( <1%) committed,  1 nodes.
             Both:        1.12 GB reserved,      87.88 MB (  8%) committed. 

Chunk freelists:
   Non-Class:  1.44 MB
       Class:  6.55 MB
        Both:  7.98 MB

MaxMetaspaceSize: unlimited
CompressedClassSpaceSize: 1.00 GB
Initial GC threshold: 21.00 MB
Current GC threshold: 122.81 MB
CDS: off
 - commit_granule_bytes: 65536.
 - commit_granule_words: 8192.
 - virtual_space_node_default_size: 8388608.
 - enlarge_chunks_in_place: 1.
 - use_allocation_guard: 0.


Internal statistics:

num_allocs_failed_limit: 9.
num_arena_births: 422.
num_arena_deaths: 0.
num_vsnodes_births: 3.
num_vsnodes_deaths: 0.
num_space_committed: 1404.
num_space_uncommitted: 0.
num_chunks_returned_to_freelist: 9.
num_chunks_taken_from_freelist: 3217.
num_chunk_merges: 9.
num_chunk_splits: 2706.
num_chunks_enlarged: 2468.
num_inconsistent_stats: 0.

CodeHeap 'non-profiled nmethods': size=120000Kb used=9817Kb max_used=9817Kb free=110183Kb
 bounds [0x000001fec7ce0000, 0x000001fec8680000, 0x000001fecf210000]
CodeHeap 'profiled nmethods': size=120000Kb used=52628Kb max_used=52628Kb free=67371Kb
 bounds [0x000001fec0210000, 0x000001fec3580000, 0x000001fec7740000]
CodeHeap 'non-nmethods': size=5760Kb used=1848Kb max_used=1889Kb free=3911Kb
 bounds [0x000001fec7740000, 0x000001fec79b0000, 0x000001fec7ce0000]
 total_blobs=14731 nmethods=13891 adapters=741
 compilation: enabled
              stopped_count=0, restarted_count=0
 full_count=0

Compilation events (20 events):
Event: 29.644 Thread 0x000001fed72c51e0 nmethod 14637 0x000001fec356ec90 code [0x000001fec356ef40, 0x000001fec356fc08]
Event: 29.644 Thread 0x000001fed72c51e0 14640       3       org.jetbrains.kotlin.ir.declarations.IrEnumEntry::transformChildren (54 bytes)
Event: 29.645 Thread 0x000001fed72b8c60 nmethod 14626 0x000001fec8673110 code [0x000001fec8673380, 0x000001fec86739f8]
Event: 29.645 Thread 0x000001fed72b8c60 14635       4       org.jetbrains.kotlin.ir.visitors.IrElementTransformerVoid::visitSimpleFunction (10 bytes)
Event: 29.646 Thread 0x000001fed72b8c60 nmethod 14635 0x000001fec8674290 code [0x000001fec8674420, 0x000001fec8674518]
Event: 29.646 Thread 0x000001fed72b8c60 14641       4       org.jetbrains.kotlin.ir.visitors.IrElementTransformerVoid::visitFunction (16 bytes)
Event: 29.646 Thread 0x000001fed72c51e0 nmethod 14640 0x000001fec3570110 code [0x000001fec35705e0, 0x000001fec3572bb8]
Event: 29.646 Thread 0x000001fed72c51e0 14638       3       org.jetbrains.kotlin.backend.jvm.lower.SingletonOrConstantDelegationTransformer$$Lambda/0x000000080096d4a8::invoke (12 bytes)
Event: 29.647 Thread 0x000001fed72c51e0 nmethod 14638 0x000001fec3573810 code [0x000001fec35739c0, 0x000001fec3573c08]
Event: 29.647 Thread 0x000001fed72c51e0 14639       3       org.jetbrains.kotlin.backend.jvm.lower.SingletonOrConstantDelegationTransformer::visitClass$lambda$0 (37 bytes)
Event: 29.647 Thread 0x000001fed72c51e0 nmethod 14639 0x000001fec3573d10 code [0x000001fec3573f60, 0x000001fec35747f8]
Event: 29.655 Thread 0x000001fed72b8c60 nmethod 14641 0x000001fec8674610 code [0x000001fec8674860, 0x000001fec8674ed0]
Event: 29.655 Thread 0x000001fed72b8c60 14636       4       org.jetbrains.kotlin.ir.visitors.IrElementTransformerVoid::visitSimpleFunction (16 bytes)
Event: 29.655 Thread 0x000001fed72b8c60 nmethod 14636 0x000001fec8675710 code [0x000001fec86758a0, 0x000001fec8675970]
Event: 29.655 Thread 0x000001fed72b8c60 14631       4       org.jetbrains.kotlin.ir.visitors.IrElementTransformerVoid::visitVariable (16 bytes)
Event: 29.657 Thread 0x000001fed72b8c60 nmethod 14631 0x000001fec8675a90 code [0x000001fec8675c20, 0x000001fec8675e38]
Event: 29.657 Thread 0x000001fed72b8c60 14628       4       org.jetbrains.kotlin.ir.visitors.IrElementTransformerVoid::visitGetObjectValue (10 bytes)
Event: 29.658 Thread 0x000001fed72b8c60 nmethod 14628 0x000001fec8676010 code [0x000001fec86761a0, 0x000001fec8676298]
Event: 29.662 Thread 0x000001fed72c51e0 14642       3       org.jetbrains.org.objectweb.asm.Type::getObjectType (31 bytes)
Event: 29.663 Thread 0x000001fed72c51e0 nmethod 14642 0x000001fec3574a90 code [0x000001fec3574cc0, 0x000001fec3575520]

GC Heap History (20 events):
Event: 2.028 GC heap before
{Heap before GC invocations=7 (full 0):
 garbage-first heap   total 43008K, used 33533K [0x000000070a600000, 0x0000000800000000)
  region size 2048K, 9 young (18432K), 1 survivors (2048K)
 Metaspace       used 38459K, committed 38784K, reserved 1114112K
  class space    used 4712K, committed 4864K, reserved 1048576K
}
Event: 2.035 GC heap after
{Heap after GC invocations=8 (full 0):
 garbage-first heap   total 43008K, used 20353K [0x000000070a600000, 0x0000000800000000)
  region size 2048K, 2 young (4096K), 2 survivors (4096K)
 Metaspace       used 38459K, committed 38784K, reserved 1114112K
  class space    used 4712K, committed 4864K, reserved 1048576K
}
Event: 2.172 GC heap before
{Heap before GC invocations=8 (full 0):
 garbage-first heap   total 43008K, used 34689K [0x000000070a600000, 0x0000000800000000)
  region size 2048K, 9 young (18432K), 2 survivors (4096K)
 Metaspace       used 40896K, committed 41152K, reserved 1114112K
  class space    used 4951K, committed 5056K, reserved 1048576K
}
Event: 2.181 GC heap after
{Heap after GC invocations=9 (full 0):
 garbage-first heap   total 147456K, used 21014K [0x000000070a600000, 0x0000000800000000)
  region size 2048K, 1 young (2048K), 1 survivors (2048K)
 Metaspace       used 40896K, committed 41152K, reserved 1114112K
  class space    used 4951K, committed 5056K, reserved 1048576K
}
Event: 3.747 GC heap before
{Heap before GC invocations=9 (full 0):
 garbage-first heap   total 147456K, used 104982K [0x000000070a600000, 0x0000000800000000)
  region size 2048K, 43 young (88064K), 1 survivors (2048K)
 Metaspace       used 53932K, committed 54272K, reserved 1114112K
  class space    used 6174K, committed 6336K, reserved 1048576K
}
Event: 3.773 GC heap after
{Heap after GC invocations=10 (full 0):
 garbage-first heap   total 147456K, used 37909K [0x000000070a600000, 0x0000000800000000)
  region size 2048K, 6 young (12288K), 6 survivors (12288K)
 Metaspace       used 53932K, committed 54272K, reserved 1114112K
  class space    used 6174K, committed 6336K, reserved 1048576K
}
Event: 4.865 GC heap before
{Heap before GC invocations=10 (full 0):
 garbage-first heap   total 147456K, used 74773K [0x000000070a600000, 0x0000000800000000)
  region size 2048K, 25 young (51200K), 6 survivors (12288K)
 Metaspace       used 59800K, committed 60032K, reserved 1114112K
  class space    used 6831K, committed 6912K, reserved 1048576K
}
Event: 4.889 GC heap after
{Heap after GC invocations=11 (full 0):
 garbage-first heap   total 147456K, used 45795K [0x000000070a600000, 0x0000000800000000)
  region size 2048K, 4 young (8192K), 4 survivors (8192K)
 Metaspace       used 59800K, committed 60032K, reserved 1114112K
  class space    used 6831K, committed 6912K, reserved 1048576K
}
Event: 7.390 GC heap before
{Heap before GC invocations=12 (full 0):
 garbage-first heap   total 147456K, used 105187K [0x000000070a600000, 0x0000000800000000)
  region size 2048K, 33 young (67584K), 4 survivors (8192K)
 Metaspace       used 70016K, committed 70400K, reserved 1114112K
  class space    used 8072K, committed 8256K, reserved 1048576K
}
Event: 7.415 GC heap after
{Heap after GC invocations=13 (full 0):
 garbage-first heap   total 147456K, used 56395K [0x000000070a600000, 0x0000000800000000)
  region size 2048K, 5 young (10240K), 5 survivors (10240K)
 Metaspace       used 70016K, committed 70400K, reserved 1114112K
  class space    used 8072K, committed 8256K, reserved 1048576K
}
Event: 9.539 GC heap before
{Heap before GC invocations=13 (full 0):
 garbage-first heap   total 147456K, used 113739K [0x000000070a600000, 0x0000000800000000)
  region size 2048K, 33 young (67584K), 5 survivors (10240K)
 Metaspace       used 71729K, committed 72128K, reserved 1114112K
  class space    used 8138K, committed 8320K, reserved 1048576K
}
Event: 9.562 GC heap after
{Heap after GC invocations=14 (full 0):
 garbage-first heap   total 147456K, used 58405K [0x000000070a600000, 0x0000000800000000)
  region size 2048K, 2 young (4096K), 2 survivors (4096K)
 Metaspace       used 71729K, committed 72128K, reserved 1114112K
  class space    used 8138K, committed 8320K, reserved 1048576K
}
Event: 14.591 GC heap before
{Heap before GC invocations=14 (full 0):
 garbage-first heap   total 147456K, used 119845K [0x000000070a600000, 0x0000000800000000)
  region size 2048K, 32 young (65536K), 2 survivors (4096K)
 Metaspace       used 72692K, committed 73088K, reserved 1114112K
  class space    used 8152K, committed 8320K, reserved 1048576K
}
Event: 14.609 GC heap after
{Heap after GC invocations=15 (full 0):
 garbage-first heap   total 178176K, used 64734K [0x000000070a600000, 0x0000000800000000)
  region size 2048K, 4 young (8192K), 4 survivors (8192K)
 Metaspace       used 72692K, committed 73088K, reserved 1114112K
  class space    used 8152K, committed 8320K, reserved 1048576K
}
Event: 17.963 GC heap before
{Heap before GC invocations=15 (full 0):
 garbage-first heap   total 178176K, used 142558K [0x000000070a600000, 0x0000000800000000)
  region size 2048K, 42 young (86016K), 4 survivors (8192K)
 Metaspace       used 73053K, committed 73408K, reserved 1114112K
  class space    used 8152K, committed 8320K, reserved 1048576K
}
Event: 17.979 GC heap after
{Heap after GC invocations=16 (full 0):
 garbage-first heap   total 178176K, used 70665K [0x000000070a600000, 0x0000000800000000)
  region size 2048K, 6 young (12288K), 6 survivors (12288K)
 Metaspace       used 73053K, committed 73408K, reserved 1114112K
  class space    used 8152K, committed 8320K, reserved 1048576K
}
Event: 20.457 GC heap before
{Heap before GC invocations=16 (full 0):
 garbage-first heap   total 178176K, used 103433K [0x000000070a600000, 0x0000000800000000)
  region size 2048K, 23 young (47104K), 6 survivors (12288K)
 Metaspace       used 75076K, committed 75456K, reserved 1179648K
  class space    used 8325K, committed 8512K, reserved 1048576K
}
Event: 20.472 GC heap after
{Heap after GC invocations=17 (full 0):
 garbage-first heap   total 178176K, used 73396K [0x000000070a600000, 0x0000000800000000)
  region size 2048K, 4 young (8192K), 4 survivors (8192K)
 Metaspace       used 75076K, committed 75456K, reserved 1179648K
  class space    used 8325K, committed 8512K, reserved 1048576K
}
Event: 25.176 GC heap before
{Heap before GC invocations=18 (full 0):
 garbage-first heap   total 178176K, used 153268K [0x000000070a600000, 0x0000000800000000)
  region size 2048K, 43 young (88064K), 4 survivors (8192K)
 Metaspace       used 82505K, committed 82880K, reserved 1179648K
  class space    used 8895K, committed 9088K, reserved 1048576K
}
Event: 25.192 GC heap after
{Heap after GC invocations=19 (full 0):
 garbage-first heap   total 178176K, used 76980K [0x000000070a600000, 0x0000000800000000)
  region size 2048K, 3 young (6144K), 3 survivors (6144K)
 Metaspace       used 82505K, committed 82880K, reserved 1179648K
  class space    used 8895K, committed 9088K, reserved 1048576K
}

Dll operation events (3 events):
Event: 0.009 Loaded shared library D:\Android Studio\jbr\bin\java.dll
Event: 0.016 Loaded shared library D:\Android Studio\jbr\bin\zip.dll
Event: 1.698 Loaded shared library D:\Android Studio\jbr\bin\verify.dll

Deoptimization events (20 events):
Event: 29.645 Thread 0x000001febad03730 Uncommon trap: trap_request=0xffffff66 fr.pc=0x000001fec86737c8 relative=0x0000000000000448
Event: 29.645 Thread 0x000001febad03730 Uncommon trap: reason=speculate_class_check action=maybe_recompile pc=0x000001fec86737c8 method=org.jetbrains.kotlin.ir.visitors.IrElementTransformerVoid.visitBlockBody(Lorg/jetbrains/kotlin/ir/expressions/IrBlockBody;Ljava/lang/Void;)Lorg/jetbrains/kotli
Event: 29.645 Thread 0x000001febad03730 DEOPT PACKING pc=0x000001fec86737c8 sp=0x000000f3ebcfc870
Event: 29.645 Thread 0x000001febad03730 DEOPT UNPACKING pc=0x000001fec77946a2 sp=0x000000f3ebcfc598 mode 2
Event: 29.645 Thread 0x000001febad03730 Uncommon trap: trap_request=0xffffff66 fr.pc=0x000001fec86737c8 relative=0x0000000000000448
Event: 29.645 Thread 0x000001febad03730 Uncommon trap: reason=speculate_class_check action=maybe_recompile pc=0x000001fec86737c8 method=org.jetbrains.kotlin.ir.visitors.IrElementTransformerVoid.visitBlockBody(Lorg/jetbrains/kotlin/ir/expressions/IrBlockBody;Ljava/lang/Void;)Lorg/jetbrains/kotli
Event: 29.645 Thread 0x000001febad03730 DEOPT PACKING pc=0x000001fec86737c8 sp=0x000000f3ebcfb980
Event: 29.645 Thread 0x000001febad03730 DEOPT UNPACKING pc=0x000001fec77946a2 sp=0x000000f3ebcfb6a8 mode 2
Event: 29.645 Thread 0x000001febad03730 Uncommon trap: trap_request=0xffffff66 fr.pc=0x000001fec86737c8 relative=0x0000000000000448
Event: 29.645 Thread 0x000001febad03730 Uncommon trap: reason=speculate_class_check action=maybe_recompile pc=0x000001fec86737c8 method=org.jetbrains.kotlin.ir.visitors.IrElementTransformerVoid.visitBlockBody(Lorg/jetbrains/kotlin/ir/expressions/IrBlockBody;Ljava/lang/Void;)Lorg/jetbrains/kotli
Event: 29.645 Thread 0x000001febad03730 DEOPT PACKING pc=0x000001fec86737c8 sp=0x000000f3ebcfc870
Event: 29.645 Thread 0x000001febad03730 DEOPT UNPACKING pc=0x000001fec77946a2 sp=0x000000f3ebcfc598 mode 2
Event: 29.645 Thread 0x000001febad03730 Uncommon trap: trap_request=0xffffff66 fr.pc=0x000001fec86737c8 relative=0x0000000000000448
Event: 29.645 Thread 0x000001febad03730 Uncommon trap: reason=speculate_class_check action=maybe_recompile pc=0x000001fec86737c8 method=org.jetbrains.kotlin.ir.visitors.IrElementTransformerVoid.visitBlockBody(Lorg/jetbrains/kotlin/ir/expressions/IrBlockBody;Ljava/lang/Void;)Lorg/jetbrains/kotli
Event: 29.645 Thread 0x000001febad03730 DEOPT PACKING pc=0x000001fec86737c8 sp=0x000000f3ebcfb980
Event: 29.645 Thread 0x000001febad03730 DEOPT UNPACKING pc=0x000001fec77946a2 sp=0x000000f3ebcfb6a8 mode 2
Event: 29.663 Thread 0x000001febad03730 Uncommon trap: trap_request=0xffffffde fr.pc=0x000001fec85eae00 relative=0x0000000000000640
Event: 29.663 Thread 0x000001febad03730 Uncommon trap: reason=class_check action=maybe_recompile pc=0x000001fec85eae00 method=org.jetbrains.kotlin.ir.types.IrTypePredicatesKt.isClassType(Lorg/jetbrains/kotlin/ir/types/IrType;Lorg/jetbrains/kotlin/ir/util/IdSignature$CommonSignature;Ljava/lang/B
Event: 29.663 Thread 0x000001febad03730 DEOPT PACKING pc=0x000001fec85eae00 sp=0x000000f3ebcfbd90
Event: 29.663 Thread 0x000001febad03730 DEOPT UNPACKING pc=0x000001fec77946a2 sp=0x000000f3ebcfbcc8 mode 2

Classes loaded (20 events):
Event: 25.068 Loading class java/util/Formatter
Event: 25.069 Loading class java/util/Formatter done
Event: 25.069 Loading class java/util/Locale$Category
Event: 25.069 Loading class java/util/Locale$Category done
Event: 25.070 Loading class java/util/Formatter$FixedString
Event: 25.070 Loading class java/util/Formatter$FormatString
Event: 25.070 Loading class java/util/Formatter$FormatString done
Event: 25.070 Loading class java/util/Formatter$FixedString done
Event: 25.070 Loading class java/util/Formatter$Conversion
Event: 25.070 Loading class java/util/Formatter$Conversion done
Event: 25.070 Loading class java/util/Formatter$FormatSpecifier
Event: 25.072 Loading class java/util/Formatter$FormatSpecifier done
Event: 25.072 Loading class java/util/Formattable
Event: 25.072 Loading class java/util/Formattable done
Event: 25.072 Loading class java/util/Formatter$Flags
Event: 25.072 Loading class java/util/Formatter$Flags done
Event: 26.752 Loading class java/lang/Short$ShortCache
Event: 26.752 Loading class java/lang/Short$ShortCache done
Event: 27.639 Loading class java/util/Collections$SynchronizedMap
Event: 27.640 Loading class java/util/Collections$SynchronizedMap done

Classes unloaded (0 events):
No events

Classes redefined (0 events):
No events

Internal exceptions (20 events):
Event: 11.252 Thread 0x000001febad03730 Exception <a 'java/lang/NoSuchMethodError'{0x00000007116910d0}: 'java.lang.Object java.lang.invoke.Invokers$Holder.linkToTargetMethod(int, java.lang.Object, java.lang.Object, java.lang.Object, java.lang.Object)'> (0x00000007116910d0) 
thrown [s\src\hotspot\share\interpreter\linkResolver.cpp, line 784]
Event: 19.217 Thread 0x000001febad03730 Exception <a 'java/lang/NoSuchMethodError'{0x0000000713bbdec0}: 'java.lang.Object java.lang.invoke.DirectMethodHandle$Holder.invokeStatic(java.lang.Object, int, int, java.lang.Object)'> (0x0000000713bbdec0) 
thrown [s\src\hotspot\share\interpreter\linkResolver.cpp, line 784]
Event: 19.218 Thread 0x000001febad03730 Exception <a 'java/lang/NoSuchMethodError'{0x0000000713bc1558}: 'java.lang.Object java.lang.invoke.DirectMethodHandle$Holder.invokeStaticInit(java.lang.Object, int, int, java.lang.Object)'> (0x0000000713bc1558) 
thrown [s\src\hotspot\share\interpreter\linkResolver.cpp, line 784]
Event: 19.520 Thread 0x000001febad03730 Implicit null exception at 0x000001fec7de9dda to 0x000001fec7de9ee4
Event: 19.922 Thread 0x000001febad03730 Implicit null exception at 0x000001fec8075e63 to 0x000001fec807601c
Event: 19.994 Thread 0x000001febad03730 Implicit null exception at 0x000001fec80a30a5 to 0x000001fec80a344f
Event: 20.016 Thread 0x000001febad03730 Exception <a 'java/lang/NoSuchMethodError'{0x0000000713421b28}: 'java.lang.Object java.lang.invoke.DirectMethodHandle$Holder.invokeStatic(java.lang.Object, java.lang.Object, java.lang.Object, java.lang.Object, java.lang.Object, int)'> (0x0000000713421b28) 
thrown [s\src\hotspot\share\interpreter\linkResolver.cpp, line 784]
Event: 20.943 Thread 0x000001febad03730 Implicit null exception at 0x000001fec7f2dd47 to 0x000001fec7f2dd6d
Event: 23.405 Thread 0x000001febad03730 Exception <a 'java/lang/NoSuchMethodError'{0x00000007120dd820}: 'java.lang.Object java.lang.invoke.DirectMethodHandle$Holder.newInvokeSpecial(java.lang.Object, java.lang.Object, int, java.lang.Object, java.lang.Object, java.lang.Object, java.lang.Object)'> (0x00000007120dd820) 
thrown [s\src\hotspot\share\interpreter\linkResolver.cpp, line 784]
Event: 23.406 Thread 0x000001febad03730 Exception <a 'java/lang/NoSuchMethodError'{0x00000007120e53c0}: 'java.lang.Object java.lang.invoke.Invokers$Holder.linkToTargetMethod(java.lang.Object, int, java.lang.Object, java.lang.Object, java.lang.Object, java.lang.Object, java.lang.Object)'> (0x00000007120e53c0) 
thrown [s\src\hotspot\share\interpreter\linkResolver.cpp, line 784]
Event: 24.222 Thread 0x000001febad03730 Implicit null exception at 0x000001fec7d112a0 to 0x000001fec7d11854
Event: 24.229 Thread 0x000001febad03730 Implicit null exception at 0x000001fec7d12a20 to 0x000001fec7d12fcc
Event: 24.870 Thread 0x000001febad03730 Exception <a 'java/lang/NoSuchMethodError'{0x000000071008b540}: 'java.lang.Object java.lang.invoke.DirectMethodHandle$Holder.newInvokeSpecial(java.lang.Object, java.lang.Object, java.lang.Object, java.lang.Object, java.lang.Object, java.lang.Object, java.lang.Object, java.lang.Object, int)'> (0x000000071008b540) 
thrown [s\src\hotspot\share\interpreter\linkResolver.cpp, line 784]
Event: 24.871 Thread 0x000001febad03730 Exception <a 'java/lang/NoSuchMethodError'{0x00000007100902e8}: 'java.lang.Object java.lang.invoke.DirectMethodHandle$Holder.invokeSpecial(java.lang.Object, java.lang.Object, java.lang.Object, java.lang.Object, java.lang.Object, java.lang.Object, java.lang.Object, java.lang.Object, java.lang.Object, int)'> (0x00000007100902e8) 
thrown [s\src\hotspot\share\interpreter\linkResolver.cpp, line 784]
Event: 25.154 Thread 0x000001febad03730 Exception <a 'java/lang/NoSuchMethodError'{0x000000070ffc64c8}: 'java.lang.Object java.lang.invoke.DirectMethodHandle$Holder.invokeStatic(java.lang.Object, java.lang.Object, java.lang.Object, int, int)'> (0x000000070ffc64c8) 
thrown [s\src\hotspot\share\interpreter\linkResolver.cpp, line 784]
Event: 25.223 Thread 0x000001febad03730 Exception <a 'java/lang/NoSuchMethodError'{0x0000000719a625f8}: 'java.lang.Object java.lang.invoke.DirectMethodHandle$Holder.newInvokeSpecial(java.lang.Object, java.lang.Object, java.lang.Object, java.lang.Object, java.lang.Object, java.lang.Object, java.lang.Object, int)'> (0x0000000719a625f8) 
thrown [s\src\hotspot\share\interpreter\linkResolver.cpp, line 784]
Event: 25.224 Thread 0x000001febad03730 Exception <a 'java/lang/NoSuchMethodError'{0x0000000719a66ca8}: 'java.lang.Object java.lang.invoke.DirectMethodHandle$Holder.invokeSpecial(java.lang.Object, java.lang.Object, java.lang.Object, java.lang.Object, java.lang.Object, java.lang.Object, java.lang.Object, java.lang.Object, int)'> (0x0000000719a66ca8) 
thrown [s\src\hotspot\share\interpreter\linkResolver.cpp, line 784]
Event: 25.281 Thread 0x000001febad03730 Exception <a 'java/lang/NoSuchMethodError'{0x0000000719b3d9d0}: 'java.lang.Object java.lang.invoke.DirectMethodHandle$Holder.invokeStatic(java.lang.Object, java.lang.Object, int, int)'> (0x0000000719b3d9d0) 
thrown [s\src\hotspot\share\interpreter\linkResolver.cpp, line 784]
Event: 27.724 Thread 0x000001febad03730 Exception <a 'java/lang/NoSuchMethodError'{0x00000007126dc1b0}: 'java.lang.Object java.lang.invoke.DirectMethodHandle$Holder.newInvokeSpecial(java.lang.Object, int, java.lang.Object, int)'> (0x00000007126dc1b0) 
thrown [s\src\hotspot\share\interpreter\linkResolver.cpp, line 784]
Event: 27.725 Thread 0x000001febad03730 Exception <a 'java/lang/NoSuchMethodError'{0x00000007126dff40}: 'java.lang.Object java.lang.invoke.DirectMethodHandle$Holder.invokeSpecial(java.lang.Object, java.lang.Object, int, java.lang.Object, int)'> (0x00000007126dff40) 
thrown [s\src\hotspot\share\interpreter\linkResolver.cpp, line 784]

ZGC Phase Switch (0 events):
No events

VM Operations (20 events):
Event: 28.030 Executing VM operation: HandshakeAllThreads (Deoptimize)
Event: 28.030 Executing VM operation: HandshakeAllThreads (Deoptimize) done
Event: 28.061 Executing VM operation: ICBufferFull
Event: 28.061 Executing VM operation: ICBufferFull done
Event: 28.072 Executing VM operation: HandshakeAllThreads (Deoptimize)
Event: 28.072 Executing VM operation: HandshakeAllThreads (Deoptimize) done
Event: 28.257 Executing VM operation: HandshakeAllThreads (Deoptimize)
Event: 28.322 Executing VM operation: HandshakeAllThreads (Deoptimize) done
Event: 28.328 Executing VM operation: ICBufferFull
Event: 28.328 Executing VM operation: ICBufferFull done
Event: 28.580 Executing VM operation: HandshakeAllThreads (Deoptimize)
Event: 28.580 Executing VM operation: HandshakeAllThreads (Deoptimize) done
Event: 28.605 Executing VM operation: ICBufferFull
Event: 28.605 Executing VM operation: ICBufferFull done
Event: 28.616 Executing VM operation: HandshakeAllThreads (Deoptimize)
Event: 28.616 Executing VM operation: HandshakeAllThreads (Deoptimize) done
Event: 28.914 Executing VM operation: ICBufferFull
Event: 28.914 Executing VM operation: ICBufferFull done
Event: 29.402 Executing VM operation: HandshakeAllThreads (Deoptimize)
Event: 29.402 Executing VM operation: HandshakeAllThreads (Deoptimize) done

Memory protections (0 events):
No events

Nmethod flushes (20 events):
Event: 20.541 Thread 0x000001fed72207e0 flushing  nmethod 0x000001fec073b710
Event: 20.541 Thread 0x000001fed72207e0 flushing  nmethod 0x000001fec073e990
Event: 20.541 Thread 0x000001fed72207e0 flushing  nmethod 0x000001fec073ed90
Event: 20.541 Thread 0x000001fed72207e0 flushing  nmethod 0x000001fec0740490
Event: 20.541 Thread 0x000001fed72207e0 flushing  nmethod 0x000001fec0742b10
Event: 20.541 Thread 0x000001fed72207e0 flushing  nmethod 0x000001fec07bd110
Event: 20.541 Thread 0x000001fed72207e0 flushing  nmethod 0x000001fec07f8d90
Event: 20.541 Thread 0x000001fed72207e0 flushing  nmethod 0x000001fec0837e90
Event: 20.541 Thread 0x000001fed72207e0 flushing  nmethod 0x000001fec0838710
Event: 20.541 Thread 0x000001fed72207e0 flushing  nmethod 0x000001fec08d9390
Event: 20.541 Thread 0x000001fed72207e0 flushing  nmethod 0x000001fec08d9d10
Event: 20.541 Thread 0x000001fed72207e0 flushing  nmethod 0x000001fec08dc510
Event: 20.541 Thread 0x000001fed72207e0 flushing  nmethod 0x000001fec0914e90
Event: 20.541 Thread 0x000001fed72207e0 flushing  nmethod 0x000001fec0919690
Event: 20.541 Thread 0x000001fed72207e0 flushing  nmethod 0x000001fec091be90
Event: 20.541 Thread 0x000001fed72207e0 flushing  nmethod 0x000001fec091f510
Event: 20.541 Thread 0x000001fed72207e0 flushing  nmethod 0x000001fec0945f90
Event: 20.541 Thread 0x000001fed72207e0 flushing  nmethod 0x000001fec094ca10
Event: 20.541 Thread 0x000001fed72207e0 flushing  nmethod 0x000001fec0961590
Event: 20.541 Thread 0x000001fed72207e0 flushing  nmethod 0x000001fec0ac2c90

Events (20 events):
Event: 20.849 Thread 0x000001fed72c51e0 Thread added: 0x000001fee10a7680
Event: 21.948 Thread 0x000001fee10a7680 Thread exited: 0x000001fee10a7680
Event: 22.986 Thread 0x000001fed72c51e0 Thread added: 0x000001fedda37e70
Event: 24.058 Thread 0x000001fedda37e70 Thread exited: 0x000001fedda37e70
Event: 24.138 Thread 0x000001fee10a68e0 Thread exited: 0x000001fee10a68e0
Event: 24.140 Thread 0x000001fed72c51e0 Thread added: 0x000001fedda35c60
Event: 24.516 Thread 0x000001fedda35c60 Thread exited: 0x000001fedda35c60
Event: 25.514 Thread 0x000001fed72c51e0 Thread added: 0x000001fedda399b0
Event: 26.141 Thread 0x000001fedda399b0 Thread added: 0x000001fedda3a080
Event: 27.243 Thread 0x000001fedda3a080 Thread exited: 0x000001fedda3a080
Event: 27.244 Thread 0x000001fedda399b0 Thread exited: 0x000001fedda399b0
Event: 27.282 Thread 0x000001fed72c51e0 Thread added: 0x000001fedda399b0
Event: 28.032 Thread 0x000001fedda399b0 Thread exited: 0x000001fedda399b0
Event: 28.237 Thread 0x000001fed72c51e0 Thread added: 0x000001fedda399b0
Event: 28.241 Thread 0x000001fed72c51e0 Thread added: 0x000001fee10a68e0
Event: 28.751 Thread 0x000001fee10a68e0 Thread exited: 0x000001fee10a68e0
Event: 29.166 Thread 0x000001fedda399b0 Thread exited: 0x000001fedda399b0
Event: 29.462 Thread 0x000001fed72c51e0 Thread added: 0x000001fee1561d60
Event: 29.633 Thread 0x000001fee1561d60 Thread exited: 0x000001fee1561d60
Event: 29.644 Thread 0x000001fed72c51e0 Thread added: 0x000001fee1561d60


Dynamic libraries:
0x00007ff662a60000 - 0x00007ff662a6a000 	D:\Android Studio\jbr\bin\java.exe
0x00007ffcc91c0000 - 0x00007ffcc9427000 	C:\WINDOWS\SYSTEM32\ntdll.dll
0x00007ffcc7f20000 - 0x00007ffcc7fe9000 	C:\WINDOWS\System32\KERNEL32.DLL
0x00007ffcc6030000 - 0x00007ffcc6424000 	C:\WINDOWS\System32\KERNELBASE.dll
0x00007ffcc5d60000 - 0x00007ffcc5eab000 	C:\WINDOWS\System32\ucrtbase.dll
0x00007ffcb3980000 - 0x00007ffcb399b000 	D:\Android Studio\jbr\bin\VCRUNTIME140.dll
0x00007ffcb39a0000 - 0x00007ffcb39b8000 	D:\Android Studio\jbr\bin\jli.dll
0x00007ffcc76c0000 - 0x00007ffcc7885000 	C:\WINDOWS\System32\USER32.dll
0x00007ffcab770000 - 0x00007ffcaba03000 	C:\WINDOWS\WinSxS\amd64_microsoft.windows.common-controls_6595b64144ccf1df_6.0.26100.8115_none_3e075c82e3354f9c\COMCTL32.dll
0x00007ffcc6df0000 - 0x00007ffcc6e17000 	C:\WINDOWS\System32\win32u.dll
0x00007ffcc7dd0000 - 0x00007ffcc7e79000 	C:\WINDOWS\System32\msvcrt.dll
0x00007ffcc7950000 - 0x00007ffcc797b000 	C:\WINDOWS\System32\GDI32.dll
0x00007ffcc6e20000 - 0x00007ffcc6f4a000 	C:\WINDOWS\System32\gdi32full.dll
0x00007ffcc5cb0000 - 0x00007ffcc5d53000 	C:\WINDOWS\System32\msvcp_win.dll
0x00007ffcc80b0000 - 0x00007ffcc80e2000 	C:\WINDOWS\System32\IMM32.DLL
0x00007ffcb3d50000 - 0x00007ffcb3d5c000 	D:\Android Studio\jbr\bin\vcruntime140_1.dll
0x00007ffcb38f0000 - 0x00007ffcb397d000 	D:\Android Studio\jbr\bin\msvcp140.dll
0x00007ffc043e0000 - 0x00007ffc05063000 	D:\Android Studio\jbr\bin\server\jvm.dll
0x00007ffcc7a10000 - 0x00007ffcc7ac6000 	C:\WINDOWS\System32\ADVAPI32.dll
0x00007ffcc8860000 - 0x00007ffcc8907000 	C:\WINDOWS\System32\sechost.dll
0x00007ffcc75a0000 - 0x00007ffcc76b8000 	C:\WINDOWS\System32\RPCRT4.dll
0x00007ffcc8010000 - 0x00007ffcc8090000 	C:\WINDOWS\System32\WS2_32.dll
0x00007ffcc5740000 - 0x00007ffcc579e000 	C:\WINDOWS\SYSTEM32\POWRPROF.dll
0x00007ffcbf210000 - 0x00007ffcbf246000 	C:\WINDOWS\SYSTEM32\WINMM.dll
0x00007ffcbf250000 - 0x00007ffcbf25b000 	C:\WINDOWS\SYSTEM32\VERSION.dll
0x00007ffcc5720000 - 0x00007ffcc5734000 	C:\WINDOWS\SYSTEM32\UMPDC.dll
0x00007ffcc4820000 - 0x00007ffcc483b000 	C:\WINDOWS\SYSTEM32\kernel.appcore.dll
0x00007ffcb3a20000 - 0x00007ffcb3a2a000 	D:\Android Studio\jbr\bin\jimage.dll
0x00007ffcc39c0000 - 0x00007ffcc3c02000 	C:\WINDOWS\SYSTEM32\DBGHELP.DLL
0x00007ffcc6fb0000 - 0x00007ffcc7332000 	C:\WINDOWS\System32\combase.dll
0x00007ffcc7b40000 - 0x00007ffcc7c17000 	C:\WINDOWS\System32\OLEAUT32.dll
0x00007ffcaa5d0000 - 0x00007ffcaa60b000 	C:\WINDOWS\SYSTEM32\dbgcore.DLL
0x00007ffcc5a90000 - 0x00007ffcc5b35000 	C:\WINDOWS\System32\bcryptPrimitives.dll
0x00007ffcb38d0000 - 0x00007ffcb38f0000 	D:\Android Studio\jbr\bin\java.dll
0x00007ffcb1610000 - 0x00007ffcb1628000 	D:\Android Studio\jbr\bin\zip.dll
0x00007ffcc80f0000 - 0x00007ffcc8856000 	C:\WINDOWS\System32\SHELL32.dll
0x00007ffcc5b40000 - 0x00007ffcc5caa000 	C:\WINDOWS\System32\wintypes.dll
0x00007ffcc6580000 - 0x00007ffcc6de5000 	C:\WINDOWS\System32\windows.storage.dll
0x00007ffcc8e20000 - 0x00007ffcc8f17000 	C:\WINDOWS\System32\SHCORE.dll
0x00007ffcc7ad0000 - 0x00007ffcc7b36000 	C:\WINDOWS\System32\shlwapi.dll
0x00007ffcc59b0000 - 0x00007ffcc59d9000 	C:\WINDOWS\SYSTEM32\profapi.dll
0x00007ffcb1600000 - 0x00007ffcb1610000 	D:\Android Studio\jbr\bin\net.dll
0x00007ffcbc120000 - 0x00007ffcbc24d000 	C:\WINDOWS\SYSTEM32\WINHTTP.dll
0x00007ffcc4d90000 - 0x00007ffcc4dfc000 	C:\WINDOWS\system32\mswsock.dll
0x00007ffcae7b0000 - 0x00007ffcae7c6000 	D:\Android Studio\jbr\bin\nio.dll
0x00007ffcae7a0000 - 0x00007ffcae7a9000 	D:\Android Studio\jbr\bin\management.dll
0x00007ffcae790000 - 0x00007ffcae79b000 	D:\Android Studio\jbr\bin\management_ext.dll
0x00007ffcc8000000 - 0x00007ffcc8008000 	C:\WINDOWS\System32\PSAPI.DLL
0x00007ffcae7f0000 - 0x00007ffcae800000 	D:\Android Studio\jbr\bin\verify.dll

dbghelp: loaded successfully - version: 4.0.5 - missing functions: none
symbol engine: initialized successfully - sym options: 0x614 - pdb path: .;D:\Android Studio\jbr\bin;C:\WINDOWS\SYSTEM32;C:\WINDOWS\WinSxS\amd64_microsoft.windows.common-controls_6595b64144ccf1df_6.0.26100.8115_none_3e075c82e3354f9c;D:\Android Studio\jbr\bin\server

VM Arguments:
java_command: org.jetbrains.kotlin.cli.jvm.K2JVMCompiler @D:\flutter projects\customer-app\build\webview_flutter_android\20260408_14205920553828620033.compiler.options
java_class_path (initial): C:\Users\karmp\.gradle\caches\modules-2\files-2.1\org.jetbrains.kotlin\kotlin-compiler-embeddable\2.2.20\bb8331b7585e36ea311825b01a1c06860c055fd1\kotlin-compiler-embeddable-2.2.20.jar;C:\Users\karmp\.gradle\caches\modules-2\files-2.1\org.jetbrains.kotlin\kotlin-stdlib\2.2.20\5380b19fa1924399b62ce3a1faffebb2b4f82272\kotlin-stdlib-2.2.20.jar;C:\Users\karmp\.gradle\caches\modules-2\files-2.1\org.jetbrains.kotlin\kotlin-script-runtime\2.2.20\4c679cbeac0bb583b75c3a080013da8eaf240807\kotlin-script-runtime-2.2.20.jar;C:\Users\karmp\.gradle\caches\modules-2\files-2.1\org.jetbrains.kotlin\kotlin-reflect\1.6.10\1cbe9c92c12a94eea200d23c2bbaedaf3daf5132\kotlin-reflect-1.6.10.jar;C:\Users\karmp\.gradle\caches\modules-2\files-2.1\org.jetbrains.kotlin\kotlin-daemon-embeddable\2.2.20\feff12d48d7f1eb628742b0a721395e16f8755bf\kotlin-daemon-embeddable-2.2.20.jar;C:\Users\karmp\.gradle\caches\modules-2\files-2.1\org.jetbrains.kotlinx\kotlinx-coroutines-core-jvm\1.8.0\ac1dc37a30a93150b704022f8d895ee1bd3a36b3\kotlinx-coroutines-core-jvm-1.8.0.jar;C:\Users\karmp\.gradle\caches\modules-2\files-2.1\org.jetbrains\annotations\13.0\919f0dfe192fb4e063e7dacadee7f8bb9a2672a9\annotations-13.0.jar
Launcher Type: SUN_STANDARD

[Global flags]
     intx CICompilerCount                          = 4                                         {product} {ergonomic}
     uint ConcGCThreads                            = 3                                         {product} {ergonomic}
     uint G1ConcRefinementThreads                  = 10                                        {product} {ergonomic}
   size_t G1HeapRegionSize                         = 2097152                                   {product} {ergonomic}
    uintx GCDrainStackTargetSize                   = 64                                        {product} {ergonomic}
   size_t InitialHeapSize                          = 257949696                                 {product} {ergonomic}
   size_t MarkStackSize                            = 4194304                                   {product} {ergonomic}
   size_t MaxHeapSize                              = 4120903680                                {product} {ergonomic}
   size_t MaxNewSize                               = 2472542208                                {product} {ergonomic}
   size_t MinHeapDeltaBytes                        = 2097152                                   {product} {ergonomic}
   size_t MinHeapSize                              = 8388608                                   {product} {ergonomic}
    uintx NonNMethodCodeHeapSize                   = 5839372                                {pd product} {ergonomic}
    uintx NonProfiledCodeHeapSize                  = 122909434                              {pd product} {ergonomic}
    uintx ProfiledCodeHeapSize                     = 122909434                              {pd product} {ergonomic}
    uintx ReservedCodeCacheSize                    = 251658240                              {pd product} {ergonomic}
     bool SegmentedCodeCache                       = true                                      {product} {ergonomic}
   size_t SoftMaxHeapSize                          = 4120903680                             {manageable} {ergonomic}
     bool UseCompressedOops                        = true                           {product lp64_product} {ergonomic}
     bool UseG1GC                                  = true                                      {product} {ergonomic}
     bool UseLargePagesIndividualAllocation        = false                                  {pd product} {ergonomic}

Logging:
Log output configuration:
 #0: stdout all=warning uptime,level,tags foldmultilines=false
 #1: stderr all=off uptime,level,tags foldmultilines=false

Environment Variables:
JAVA_HOME=D:\Android Studio\jbr
CLASSPATH=D:\flutter projects\customer-app\android\\gradle\wrapper\gradle-wrapper.jar
PATH=D:\Android Studio\jbr\bin;C:\Users\karmp\AppData\Local\Programs\Microsoft VS Code;C:\Program Files\Common Files\Oracle\Java\javapath;C:\windows\system32;C:\windows;C:\windows\System32\Wbem;C:\windows\System32\WindowsPowerShell\v1.0\;C:\windows\System32\OpenSSH\;C:\Program Files\HP\HP One Agent;C:\Program Files\nodejs\;C:\ProgramData\chocolatey\bin;C:\Program Files\Git\cmd;C:\Users\karmp\AppData\Local\Pub\Cache\bin;C:\Program Files\Java\jdk-23;C:\WINDOWS\system32;C:\WINDOWS;C:\WINDOWS\System32\Wbem;C:\WINDOWS\System32\WindowsPowerShell\v1.0\;C:\WINDOWS\System32\OpenSSH\;C:\Program Files\Java\jdk-23\bin;C:\Users\karmp\AppData\Local\Microsoft\WindowsApps;C:\Users\karmp\AppData\Local\Programs\Microsoft VS Code\bin;D:\IntelliJ IDEA Community Edition 2023.3.2\bin;;D:\flutter_windows_3.22.2-stable\flutter\bin;C:\Users\karmp\AppData\Roaming\npm;D:\flutter_windows_3.32.4-stable\flutter\flutter\bin;D:\flutter_windows_3.32.4-stable\flutter\bin
USERNAME=karmp
OS=Windows_NT
PROCESSOR_IDENTIFIER=AMD64 Family 25 Model 80 Stepping 0, AuthenticAMD
TMP=C:\Users\karmp\AppData\Local\Temp
TEMP=C:\Users\karmp\AppData\Local\Temp




Periodic native trim disabled

JNI global refs:
JNI global refs: 10, weak refs: 0

JNI global refs memory usage: 835, weak refs: 833

Process memory usage:
Resident Set Size: 456028K (2% of 16089672K total physical memory with 1797904K free physical memory)

OOME stack traces (most recent first):
Classloader memory used:
Loader jdk.internal.loader.ClassLoaders$AppClassLoader                                 : 77942K
Loader bootstrap                                                                       : 11709K

---------------  S Y S T E M  ---------------

OS:
 Windows 11 , 64 bit Build 26100 (10.0.26100.8115)
OS uptime: 0 days 3:11 hours
Hyper-V role detected

CPU: total 12 (initial active 12) (12 cores per cpu, 2 threads per core) family 25 model 80 stepping 0 microcode 0xa50000d, cx8, cmov, fxsr, ht, mmx, 3dnowpref, sse, sse2, sse3, ssse3, sse4a, sse4.1, sse4.2, popcnt, lzcnt, tsc, tscinvbit, avx, avx2, aes, erms, clmul, bmi1, bmi2, adx, sha, fma, vzeroupper, clflush, clflushopt, hv, rdtscp, rdpid, fsrm, f16c, cet_ss
Processor Information for all 12 processors :
  Max Mhz: 2301, Current Mhz: 2301, Mhz Limit: 2301

Memory: 4k page, system-wide physical 15712M (2059M free)
TotalPageFile size 22516M (AvailPageFile size 1427M)
current process WorkingSet (physical memory assigned to process): 445M, peak: 445M
current process commit charge ("private bytes"): 481M, peak: 483M

vm_info: OpenJDK 64-Bit Server VM (21.0.4+-12508038-b607.1) for windows-amd64 JRE (21.0.4+-12508038-b607.1), built on 2024-10-16T17:23:34Z by "builder" with MS VC++ 16.10 / 16.11 (VS2019)

END.
